scale,job_name,step,frame_index,step_time_s,total_time_s,top_u2_mm,top_rf2_N,avg_thickness_um,min_thickness_um,max_thickness_um,max_cpress_MPa,max_compressive_press_MPa,max_signed_plastic_vol_strain,min_signed_plastic_vol_strain,max_abs_plastic_vol_strain,unloaded_zero_force_frame
0.1,FlatUnload_2D_DPC_E50Nu015_CapS010,Compress_Down,0,0.0,0.0,0.0,0.0,150.000005960464,150.00000596046448,150.00000596046448,0.0,-0.0,0.0,0.0,0.0,False
0.1,FlatUnload_2D_DPC_E50Nu015_CapS010,Compress_Down,1,0.00125000684056431,0.00125000684056431,-3.21093622801527e-08,-0.000302164349704981,149.999976758243,149.9999463558197,150.00000596046448,0.000100937970273662,3.202424704795703e-05,0.0,0.0,0.0,False
0.1,FlatUnload_2D_DPC_E50Nu015_CapS010,Compress_Down,2,0.0025000162422657,0.0025000162422657,-2.54559324730508e-07,-0.000520128291100264,149.999723945826,149.9997228384018,149.9997228384018,0.000134470988996327,6.806292609932522e-05,0.0,0.0,0.0,False
0.1,FlatUnload_2D_DPC_E50Nu015_CapS010,Compress_Down,3,0.00375002576038241,0.00375002576038241,-8.51358208819875e-07,-0.00169347401242703,149.999042864243,149.99903738498688,149.99905228614807,0.000369788409443572,0.00017736520385369658,0.0,0.0,0.0,False
0.1,FlatUnload_2D_DPC_E50Nu015_CapS010,Compress_Down,4,0.00500078033655882,0.00500078033655882,-2.00087242774316e-06,-0.00409355107694864,149.997750404064,149.997740983963,149.9977558851242,0.000877685029990971,0.0003956830284247796,0.0,0.0,0.0,False
0.1,FlatUnload_2D_DPC_E50Nu015_CapS010,Compress_Down,5,0.00625049881637096,0.00625049881637096,-4.68404823550372e-06,-0.0100028570741415,149.99564373707,149.99563992023468,149.99565482139587,0.00167355535086244,0.0007388000376522541,0.0,0.0,0.0,False
0.1,FlatUnload_2D_DPC_E50Nu015_CapS010,Compress_Down,6,0.00750021729618311,0.00750021729618311,-7.77073364588432e-06,-0.0162073727697134,149.992542263565,149.99254047870636,149.99254047870636,0.00285466504283249,0.0012471546263744433,0.0,0.0,0.0,False
0.1,FlatUnload_2D_DPC_E50Nu015_CapS010,Compress_Down,7,0.00875037256628275,0.00875037256628275,-1.19511660159333e-05,-0.0252096187323332,149.988247773417,149.98824894428253,149.98824894428253,0.00447499193251133,0.0019444941232601802,0.0,0.0,0.0,False
0.1,FlatUnload_2D_DPC_E50Nu015_CapS010,Compress_Down,8,0.010000673122704,0.010000673122704,-1.73741937032901e-05,-0.0365365035831928,149.982626156645,149.98261630535126,149.98263120651245,0.00660497369244695,0.0028624103094140687,0.0,0.0,0.0,False
0.1,FlatUnload_2D_DPC_E50Nu015_CapS010,Compress_Down,9,0.0112509736791253,0.0112509736791253,-2.41819725488313e-05,-0.0510811060667038,149.9755071581,149.9755084514618,149.9755084514618,0.00930659845471382,0.004025632825990518,0.0,0.0,0.0,False
0.1,FlatUnload_2D_DPC_E50Nu015_CapS010,Compress_Down,10,0.0125002739951015,0.0125002739951015,-3.25026994687505e-05,-0.0685906112194061,149.966729819982,149.96673166751862,149.96673166751862,0.0126241501420736,0.005454556395610173,0.0,0.0,0.0,False
0.1,FlatUnload_2D_DPC_E50Nu015_CapS010,Compress_Down,11,0.0137505745515227,0.0137505745515227,-4.24796817242168e-05,-0.089780755341053,149.956159661749,149.95615184307098,149.95616674423218,0.0166587978601456,0.007192624732851982,0.0,0.0,0.0,False
0.1,FlatUnload_2D_DPC_E50Nu015_CapS010,Compress_Down,12,0.015000875107944,0.015000875107944,-5.42300476809032e-05,-0.114481456577778,149.943641947446,149.94363486766815,149.94364976882935,0.0213930960744619,0.009231568003694216,0.0,0.0,0.0,False
0.1,FlatUnload_2D_DPC_E50Nu015_CapS010,Compress_Down,13,0.0162507873028517,0.0162507873028517,-7.28570012142882e-05,-0.153937563300133,149.929047861007,149.92904663085938,149.92904663085938,0.026947995647788,0.011623806009689966,0.0,0.0,0.0,False
0.1,FlatUnload_2D_DPC_E50Nu015_CapS010,Compress_Down,14,0.0175000876188278,0.0175000876188278,-8.91756499186158e-05,-0.188203096389771,149.912267675702,149.9122679233551,149.9122679233551,0.03331633284688,0.014366680135329565,0.0,0.0,0.0,False
0.1,FlatUnload_2D_DPC_E50Nu015_CapS010,Compress_Down,15,0.0187503881752491,0.0187503881752491,-0.000107647807453759,-0.22711868584156,149.893171591332,149.8931646347046,149.89317953586578,0.0405730493366718,0.017491257439057033,0.0,0.0,0.0,False
0.1,FlatUnload_2D_DPC_E50Nu015_CapS010,Compress_Down,16,0.0200006887316704,0.0200006887316704,-0.000128358267829753,-0.270976155996323,149.871653454231,149.87164735794067,149.87166225910187,0.0487570948898792,0.021015976866086323,0.0,0.0,0.0,False
0.1,FlatUnload_2D_DPC_E50Nu015_CapS010,Compress_Down,17,0.0212509892880917,0.0212509892880917,-0.000151398649904877,-0.319754898548126,149.847589618279,149.8475819826126,149.8475968837738,0.0578920692205429,0.024949997663497925,0.0,0.0,0.0,False
0.1,FlatUnload_2D_DPC_E50Nu015_CapS010,Compress_Down,18,0.0225002896040678,0.0225002896040678,-0.000176832778379321,-0.373387902975082,149.820938706759,149.82092380523682,149.820938706398,0.0680190026760101,0.029310462375481922,0.0,0.0,0.0,False
0.1,FlatUnload_2D_DPC_E50Nu015_CapS010,Compress_Down,19,0.0237503685057163,0.0237503685057163,-0.000204830255825073,-0.432621151208878,149.791511930578,149.79149401187897,149.79152381420135,0.0792000964283943,0.034125169118245445,0.0,0.0,0.0,False
0.1,FlatUnload_2D_DPC_E50Nu015_CapS010,Compress_Down,20,0.025000337511301,0.025000337511301,-0.000235402898397297,-0.497023403644562,149.759255534722,149.75924789905548,149.75926280021667,0.0914651080965996,0.039406237502892814,0.0,0.0,0.0,False
0.1,FlatUnload_2D_DPC_E50Nu015_CapS010,Compress_Down,21,0.0262503065168858,0.0262503065168858,-0.000280271284282207,-0.591955065727234,149.724135594948,149.72412586212158,149.72414076328278,0.104830294847488,0.04516188303629557,0.0,0.0,0.0,False
0.1,FlatUnload_2D_DPC_E50Nu015_CapS010,Compress_Down,22,0.0275002755224705,0.0275002755224705,-0.000317111407639459,-0.669984817504883,149.686066637875,149.6860533952713,149.6860682964325,0.119289390742779,0.051386515299479164,0.0,0.0,0.0,False
0.1,FlatUnload_2D_DPC_E50Nu015_CapS010,Compress_Down,23,0.0287502445280552,0.0287502445280552,-0.000356737175025046,-0.753650844097137,149.644971644065,149.64495599269867,149.64497089385986,0.134927928447723,0.058119734128316246,0.0,0.0,0.0,False
0.1,FlatUnload_2D_DPC_E50Nu015_CapS010,Compress_Down,24,0.0300002135336399,0.0300002135336399,-0.000399200624087825,-0.843501687049866,149.600805279612,149.6007889509201,149.6008187532425,0.151740580797195,0.06535910566647847,0.0,0.0,0.0,False
0.1,FlatUnload_2D_DPC_E50Nu015_CapS010,Compress_Down,25,0.0312501825392246,0.0312501825392246,-0.000444548495579511,-0.939360022544861,149.553513181086,149.55350756645203,149.55352246761322,0.169775083661079,0.07312251627445221,0.0,0.0,0.0,False
0.1,FlatUnload_2D_DPC_E50Nu015_CapS010,Compress_Down,26,0.0325001515448093,0.0325001515448093,-0.000492822495289147,-1.04165375232697,149.503030078938,149.50302243232727,149.50303733348846,0.189008086919785,0.08140201369921367,0.0,0.0,0.0,False
0.1,FlatUnload_2D_DPC_E50Nu015_CapS010,Compress_Down,27,0.0337501205503941,0.0337501205503941,-0.000544059439562261,-1.15018570423126,149.449343165558,149.44931864738464,149.44934844970703,0.209482327103615,0.09021618962287903,0.0,0.0,0.0,False
0.1,FlatUnload_2D_DPC_E50Nu015_CapS010,Compress_Down,28,0.0350000895559788,0.0350000895559788,-0.000598291459027678,-1.26492810249329,149.392402873034,149.39239621162415,149.39241111278534,0.23118083178997,0.09955663482348125,0.0,0.0,0.0,False
0.1,FlatUnload_2D_DPC_E50Nu015_CapS010,Compress_Down,29,0.0362500585615635,0.0362500585615635,-0.00067532219691202,-1.42820155620575,149.332164559458,149.3321657180786,149.3321657180786,0.254171103239059,0.10945198933283488,0.0,0.0,0.0,False
0.1,FlatUnload_2D_DPC_E50Nu015_CapS010,Compress_Down,30,0.0375000275671482,0.0375000275671482,-0.000736640475224704,-1.55822885036469,149.268637461086,149.26862716674805,149.26864206790924,0.278436154127121,0.11989722649256389,0.0,0.0,0.0,False
0.1,FlatUnload_2D_DPC_E50Nu015_CapS010,Compress_Down,31,0.0387509949505329,0.0387509949505329,-0.000801026122644544,-1.69485747814178,149.201721518468,149.20170605182648,149.20172095298767,0.304000347852707,0.1308998167514801,0.0,0.0,0.0,False
0.1,FlatUnload_2D_DPC_E50Nu015_CapS010,Compress_Down,32,0.0400009639561176,0.0400009639561176,-0.000868490897119045,-1.83786690235138,149.13150404502,149.13149178028107,149.13152158260345,0.330830514431,0.14244752128918967,0.0,0.0,0.0,False
0.1,FlatUnload_2D_DPC_E50Nu015_CapS010,Compress_Down,33,0.0412508808076382,0.0412508808076382,-0.000939101446419954,-1.98781859874725,149.057852654393,149.05783534049988,149.05785024166107,0.359021455049515,0.1545802354812622,0.0,0.0,0.0,False
0.1,FlatUnload_2D_DPC_E50Nu015_CapS010,Compress_Down,34,0.042500164359808,0.042500164359808,-0.00101304741110653,-2.14499878883362,148.980699259738,148.98067712783813,148.98070693016052,0.388570755720139,0.16729686657587686,0.0,0.0,0.0,False
0.1,FlatUnload_2D_DPC_E50Nu015_CapS010,Compress_Down,35,0.0437504425644875,0.0437504425644875,-0.00109003123361617,-2.3087043762207,148.900116735604,148.9000916481018,148.9001214504242,0.419433891773224,0.18057777484258017,0.0,0.0,0.0,False
0.1,FlatUnload_2D_DPC_E50Nu015_CapS010,Compress_Down,36,0.0450007207691669,0.0450007207691669,-0.00117017515003681,-2.47897672653198,148.816188716056,148.81618320941925,148.81619811058044,0.451618760824203,0.1944281260172526,0.0,0.0,0.0,False
0.1,FlatUnload_2D_DPC_E50Nu015_CapS010,Compress_Down,37,0.0462500043213367,0.0462500043213367,-0.00128174060955644,-2.71629285812378,148.728983487822,148.72898161411285,148.72898161411285,0.485092967748642,0.20883103211720785,0.0,0.0,0.0,False
0.1,FlatUnload_2D_DPC_E50Nu015_CapS010,Compress_Down,38,0.0475002825260162,0.0475002825260162,-0.00136906595434994,-2.90206432342529,148.638363579319,148.63835275173187,148.63836765289307,0.519908845424652,0.22381003697713217,0.0,0.0,0.0,False
0.1,FlatUnload_2D_DPC_E50Nu015_CapS010,Compress_Down,39,0.0487505607306957,0.0487505607306957,-0.00145936652552336,-3.0947413444519,148.544446547893,148.54444563388824,148.54444563388824,0.555998206138611,0.23933682839075723,0.0,0.0,0.0,False
0.1,FlatUnload_2D_DPC_E50Nu015_CapS010,Compress_Down,40,0.0500008389353752,0.0500008389353752,-0.00155276991426945,-3.29370880126953,148.447234451017,148.44723045825958,148.44724535942078,0.593410730361938,0.2554318904876709,0.0,0.0,0.0,False
0.1,FlatUnload_2D_DPC_E50Nu015_CapS010,Compress_Down,41,0.051250122487545,0.051250122487545,-0.00164909544400871,-3.4992847442627,148.346858874564,148.34684133529663,148.34687113761902,0.632080674171448,0.272067924340566,0.0,0.0,0.0,False
0.1,FlatUnload_2D_DPC_E50Nu015_CapS010,Compress_Down,42,0.0525004006922245,0.0525004006922245,-0.00174847349990159,-3.71151471138,148.243164156818,148.24315905570984,148.24317395687103,0.672045767307281,0.2892584999402364,0.0,0.0,0.0,False
0.1,FlatUnload_2D_DPC_E50Nu015_CapS010,Compress_Down,43,0.053750678896904,0.053750678896904,-0.00185070699080825,-3.92965221405029,148.136287671706,148.13628792762756,148.13630282878876,0.713294208049774,0.3070007960001628,0.0,0.0,0.0,False
0.1,FlatUnload_2D_DPC_E50Nu015_CapS010,Compress_Down,44,0.0549999997019768,0.0549999997019768,-0.00195619114674628,-4.15528869628906,148.026014522318,148.0260044336319,148.0260193347931,0.755899786949158,0.3253263433774312,0.0,0.0,0.0,False
0.1,FlatUnload_2D_DPC_E50Nu015_CapS010,Compress_Down,45,0.0562505498528481,0.0562505498528481,-0.00210135336965322,-4.46580505371094,147.912447783357,147.9124277830124,147.91245758533478,0.799808084964752,0.34420828024546307,0.0,0.0,0.0,False
0.1,FlatUnload_2D_DPC_E50Nu015_CapS010,Compress_Down,46,0.0575001090764999,0.0575001090764999,-0.00221355934627354,-4.70593690872192,147.795907648911,147.7959007024765,147.7959156036377,0.844931781291962,0.36361296971638996,0.0,0.0,0.0,False
0.1,FlatUnload_2D_DPC_E50Nu015_CapS010,Compress_Down,47,0.0587506592273712,0.0587506592273712,-0.00232853414490819,-4.95235157012939,147.676276323994,147.6762592792511,147.6762890815735,0.89130425453186,0.3835531870524089,0.0,0.0,0.0,False
0.1,FlatUnload_2D_DPC_E50Nu015_CapS010,Compress_Down,48,0.0600002184510231,0.0600002184510231,-0.00244622677564621,-5.20467329025269,147.553781513125,147.55377173423767,147.55378663539886,0.93886137008667,0.4039974610010783,0.0,0.0,0.0,False
0.1,FlatUnload_2D_DPC_E50Nu015_CapS010,Compress_Down,49,0.0612507686018944,0.0612507686018944,-0.00256658648140728,-5.46309757232666,147.428298034236,147.42828905582428,147.42830395698547,0.987600266933441,0.4249493678410848,0.0,0.0,0.0,False
0.1,FlatUnload_2D_DPC_E50Nu015_CapS010,Compress_Down,50,0.0625003278255463,0.0625003278255463,-0.00268955482169986,-5.72735500335693,147.300080253843,147.30006456375122,147.30007946491241,1.03748226165771,0.4463929335276286,0.0,0.0,0.0,False
0.1,FlatUnload_2D_DPC_E50Nu015_CapS010,Compress_Down,51,0.0637508779764175,0.0637508779764175,-0.00281507591716945,-5.9970588684082,147.168992091093,147.16897904872894,147.16899394989014,1.08852481842041,0.4683379332224528,0.0,0.0,0.0,False
0.1,FlatUnload_2D_DPC_E50Nu015_CapS010,Compress_Down,52,0.0650004372000694,0.0650004372000694,-0.00294308736920357,-6.27237939834595,147.035332369687,147.03531563282013,147.03534543514252,1.14066505432129,0.4907502333323161,0.0,0.0,0.0,False
0.1,FlatUnload_2D_DPC_E50Nu015_CapS010,Compress_Down,53,0.0662509873509407,0.0662509873509407,-0.00311757018789649,-6.64852094650269,146.898923815066,146.89891040325165,146.89892530441284,1.19392228126526,0.513640284538269,0.0,0.0,0.0,False
0.1,FlatUnload_2D_DPC_E50Nu015_CapS010,Compress_Down,54,0.0675005465745926,0.0675005465745926,-0.00325114326551557,-6.93643712997437,146.760091050874,146.76009118556976,146.76009118556976,1.24821174144745,0.5369760592778524,0.0,0.0,0.0,False
0.1,FlatUnload_2D_DPC_E50Nu015_CapS010,Compress_Down,55,0.0687501728534698,0.0687501728534698,-0.00338732451200485,-7.23023128509521,146.618450587723,146.61842584609985,146.61845564842224,1.30367314815521,0.5608102480570475,0.0,0.0,0.0,False
0.1,FlatUnload_2D_DPC_E50Nu015_CapS010,Compress_Down,56,0.070000171661377,0.070000171661377,-0.00352639239281416,-7.53054571151733,146.473616473223,146.47360146045685,146.47361636161804,1.36043977737427,0.585205872853597,0.0,0.0,0.0,False
0.1,FlatUnload_2D_DPC_E50Nu015_CapS010,Compress_Down,57,0.0712501704692841,0.0712501704692841,-0.00366759998723865,-7.83623552322388,146.326455191424,146.3264375925064,146.3264673948288,1.41823494434357,0.6100372473398844,0.0,0.0,0.0,False
0.1,FlatUnload_2D_DPC_E50Nu015_CapS010,Compress_Down,58,0.0725001692771912,0.0725001692771912,-0.00381099246442318,-8.14628505706787,146.177057750246,146.1770385503769,146.17706835269928,1.47696197032928,0.6352655092875162,0.0,0.0,0.0,False
0.1,FlatUnload_2D_DPC_E50Nu015_CapS010,Compress_Down,59,0.0737501680850983,0.0737501680850983,-0.0039562564343214,-8.46116733551025,146.025525933239,146.02552354335785,146.02552354335785,1.53661561012268,0.6608943541844686,0.0,0.0,0.0,False
0.1,FlatUnload_2D_DPC_E50Nu015_CapS010,Compress_Down,60,0.0750001668930054,0.0750001668930054,-0.00410342449322343,-8.78030776977539,145.871915712121,145.87190747261047,145.87193727493286,1.59722340106964,0.6869253317515055,0.0,0.0,0.0,False
0.1,FlatUnload_2D_DPC_E50Nu015_CapS010,Compress_Down,61,0.0762501657009125,0.0762501657009125,-0.00430252123624086,-9.21280288696289,145.716334412198,145.7163244485855,145.7163393497467,1.65870893001556,0.7133277257283529,0.0,0.0,0.0,False
0.1,FlatUnload_2D_DPC_E50Nu015_CapS010,Compress_Down,62,0.0775001645088196,0.0775001645088196,-0.00445382390171289,-9.54186344146729,145.558895085253,145.5588936805725,145.5588936805725,1.72100687026978,0.7400723298390707,0.0,0.0,0.0,False
0.1,FlatUnload_2D_DPC_E50Nu015_CapS010,Compress_Down,63,0.0787501633167267,0.0787501633167267,-0.00460676336660981,-9.87457466125488,145.399665710139,145.39965987205505,145.39967477321625,1.78408885002136,0.7671573956807455,0.0,0.0,0.0,False
0.1,FlatUnload_2D_DPC_E50Nu015_CapS010,Compress_Down,64,0.0800001621246338,0.0800001621246338,-0.00476123951375484,-10.2111253738403,145.238774055076,145.2387571334839,145.23877203464508,1.84799373149872,0.7945863405863444,0.0,0.0,0.0,False
0.1,FlatUnload_2D_DPC_E50Nu015_CapS010,Compress_Down,65,0.0812501609325409,0.0812501609325409,-0.00491717923432589,-10.5514793395996,145.076275845482,145.07627487182617,145.07628977298737,1.91257965564728,0.8223162492116293,0.0,0.0,0.0,False
0.1,FlatUnload_2D_DPC_E50Nu015_CapS010,Compress_Down,66,0.082500159740448,0.082500159740448,-0.00507462210953236,-10.8948955535889,144.91231061041,144.91230249404907,144.91231739521027,1.97788143157959,0.850343386332194,0.0,0.0,0.0,False
0.1,FlatUnload_2D_DPC_E50Nu015_CapS010,Compress_Down,67,0.0837501585483551,0.0837501585483551,-0.00523320399224758,-11.2417116165161,144.74694971534,144.74692940711975,144.74695920944214,2.04383063316345,0.8786438306172689,0.0,0.0,0.0,False
0.1,FlatUnload_2D_DPC_E50Nu015_CapS010,Compress_Down,68,0.0850009396672249,0.0850009396672249,-0.00544771645218134,-11.7111873626709,144.579143305732,144.57912743091583,144.57914233207703,2.11088299751282,0.9074346224466959,0.0,0.0,0.0,False
0.1,FlatUnload_2D_DPC_E50Nu015_CapS010,Compress_Down,69,0.0862502530217171,0.0862502530217171,-0.00561025273054838,-12.0675745010376,144.41014541898,144.4101482629776,144.4101631641388,2.17848515510559,0.9364590644836426,0.0,0.0,0.0,False
0.1,FlatUnload_2D_DPC_E50Nu015_CapS010,Compress_Down,70,0.0875005424022675,0.0875005424022675,-0.0057736337184906,-12.4259424209595,144.239964429289,144.23996210098267,144.23996210098267,2.24663281440735,0.965742270151774,0.0,0.0,0.0,False
0.1,FlatUnload_2D_DPC_E50Nu015_CapS010,Compress_Down,71,0.0887508317828178,0.0887508317828178,-0.00593803357332945,-12.7870512008667,144.068802549111,144.06879246234894,144.06880736351013,2.31540060043335,0.9952226479848226,0.0,0.0,0.0,False
0.1,FlatUnload_2D_DPC_E50Nu015_CapS010,Compress_Down,72,0.09000014513731,0.09000014513731,-0.00610310537740588,-13.1500606536865,143.89690373878,143.8968926668167,143.8969075679779,2.38453412055969,1.0248859723409016,0.0,0.0,0.0,False
0.1,FlatUnload_2D_DPC_E50Nu015_CapS010,Compress_Down,73,0.0912504345178604,0.0912504345178604,-0.00626898650079966,-13.5154275894165,143.724133087368,143.72412860393524,143.72414350509644,2.45412063598633,1.0547440846761067,0.0,0.0,0.0,False
0.1,FlatUnload_2D_DPC_E50Nu015_CapS010,Compress_Down,74,0.0925007238984108,0.0925007238984108,-0.00643534166738391,-13.8819065093994,143.550708878416,143.55070888996124,143.55072379112244,2.52410244941711,1.0847625732421875,0.0,0.0,0.0,False
0.1,FlatUnload_2D_DPC_E50Nu015_CapS010,Compress_Down,75,0.093750037252903,0.093750037252903,-0.0066023375838995,-14.2506370544434,143.376863680872,143.37685704231262,143.376886844635,2.59437155723572,1.114908774693807,0.0,0.0,0.0,False
0.1,FlatUnload_2D_DPC_E50Nu015_CapS010,Compress_Down,76,0.0950003266334534,0.0950003266334534,-0.00676959846168756,-14.6202402114868,143.202483765627,143.20248365402222,143.2024985551834,2.66498899459839,1.145193338394165,0.0,0.0,0.0,False
0.1,FlatUnload_2D_DPC_E50Nu015_CapS010,Compress_Down,77,0.0962506160140038,0.0962506160140038,-0.00699324812740088,-15.115047454834,143.027772946083,143.02775263786316,143.02778244018555,2.73586416244507,1.1755895614624023,0.0,0.0,0.0,False
0.1,FlatUnload_2D_DPC_E50Nu015_CapS010,Compress_Down,78,0.0975009053945541,0.0975009053945541,-0.00716108549386263,-15.4865684509277,142.852865825292,142.85284280776978,142.85287261009216,2.80693960189819,1.206067641576131,0.0,0.0,0.0,False
0.1,FlatUnload_2D_DPC_E50Nu015_CapS010,Compress_Down,79,0.0987502858042717,0.0987502858042717,-0.00733001157641411,-15.8614196777344,142.677104042858,142.67708361148834,142.67711341381073,2.87851881980896,1.236753781636556,0.0,0.0,0.0,False
0.1,FlatUnload_2D_DPC_E50Nu015_CapS010,Compress_Down,80,0.100000716745853,0.100000716745853,-0.00749934744089842,-16.2376976013184,142.500663210815,142.500638961792,142.50066876411438,2.9504725933075,1.2676047484079997,0.0,0.0,0.0,False
0.1,FlatUnload_2D_DPC_E50Nu015_CapS010,Compress_Down,81,0.101250179111958,0.101250179111958,-0.00766845792531967,-16.6135368347168,142.324592506374,142.32458174228668,142.32461154460907,3.02243542671204,1.29845134417216,0.0,0.0,0.0,False
0.1,FlatUnload_2D_DPC_E50Nu015_CapS010,Compress_Down,82,0.102500610053539,0.102500610053539,-0.00783747714012861,-16.9899673461914,142.148472684289,142.1484649181366,142.1484798192978,3.09446287155151,1.3293331464131672,0.0,0.0,0.0,False
0.1,FlatUnload_2D_DPC_E50Nu015_CapS010,Compress_Down,83,0.103750072419643,0.103750072419643,-0.0080060176551342,-17.3654308319092,141.973051904462,141.97304844856262,141.97306334972382,3.16639804840088,1.3601638476053874,0.0,0.0,0.0,False
0.1,FlatUnload_2D_DPC_E50Nu015_CapS010,Compress_Down,84,0.105000503361225,0.105000503361225,-0.00823008641600609,-17.865550994873,141.797843065944,141.79784059524536,141.79784059524536,3.23845362663269,1.3910009066263835,0.0,0.0,0.0,False
0.1,FlatUnload_2D_DPC_E50Nu015_CapS010,Compress_Down,85,0.106250934302807,0.106250934302807,-0.00839762575924397,-18.2400302886963,141.62317177758,141.62316918373108,141.62318408489227,3.31023478507996,1.421793778737386,0.0,0.0,0.0,False
0.1,FlatUnload_2D_DPC_E50Nu015_CapS010,Compress_Down,86,0.107500396668911,0.107500396668911,-0.00856455508619547,-18.6135921478271,141.449318944731,141.44930243492126,141.44933223724365,3.38196587562561,1.452527364095052,0.0,0.0,0.0,False
0.1,FlatUnload_2D_DPC_E50Nu015_CapS010,Compress_Down,87,0.108750827610493,0.108750827610493,-0.00873075146228075,-18.9859848022461,141.276066838032,141.2760615348816,141.27607643604279,3.45348286628723,1.483162562052409,0.0,0.0,0.0,False
0.1,FlatUnload_2D_DPC_E50Nu015_CapS010,Compress_Down,88,0.110000289976597,0.110000289976597,-0.00889610126614571,-19.3569641113281,141.103901777201,141.10387861728668,141.10392332077026,3.52470779418945,1.5136852264404297,0.0,0.0,0.0,False
0.1,FlatUnload_2D_DPC_E50Nu015_CapS010,Compress_Down,89,0.111250720918179,0.111250720918179,-0.0090605728328228,-19.7263698577881,140.932557265436,140.93255996704102,140.93255996704102,3.59568858146667,1.5440815289815266,0.0,0.0,0.0,False
0.1,FlatUnload_2D_DPC_E50Nu015_CapS010,Compress_Down,90,0.112500295042992,0.112500295042992,-0.00922458246350288,-20.0949020385742,140.761761141033,140.76176285743713,140.76177775859833,3.66664862632751,1.5744794209798176,0.0,0.0,0.0,False
0.1,FlatUnload_2D_DPC_E50Nu015_CapS010,Compress_Down,91,0.113750718533993,0.113750718533993,-0.00938826985657215,-20.4633922576904,140.591388406648,140.59138298034668,140.59139788150787,3.73749256134033,1.6048145294189453,0.0,0.0,0.0,False
0.1,FlatUnload_2D_DPC_E50Nu015_CapS010,Compress_Down,92,0.115000180900097,0.115000180900097,-0.00955061987042427,-20.8293895721436,140.422459914972,140.42246341705322,140.42246341705322,3.8078625202179,1.6349541346232097,0.0,0.0,0.0,False
0.1,FlatUnload_2D_DPC_E50Nu015_CapS010,Compress_Down,93,0.116250604391098,0.116250604391098,-0.00976522266864777,-21.3134956359863,140.254772037329,140.25476574897766,140.25478065013885,3.87788033485413,1.6649386088053386,0.0,0.0,0.0,False
0.1,FlatUnload_2D_DPC_E50Nu015_CapS010,Compress_Down,94,0.117500066757202,0.117500066757202,-0.00992446485906839,-21.673454284668,140.088761894971,140.088751912117,140.0887668132782,3.94725680351257,1.6946525573730469,0.0,0.0,0.0,False
0.1,FlatUnload_2D_DPC_E50Nu015_CapS010,Compress_Down,95,0.118750490248203,0.118750490248203,-0.0100823473185301,-22.0306663513184,139.92419815045,139.92418348789215,139.92419838905334,4.0161657333374,1.7241522471110027,0.0,0.0,0.0,False
0.1,FlatUnload_2D_DPC_E50Nu015_CapS010,Compress_Down,96,0.120000913739204,0.120000913739204,-0.0102386772632599,-22.384786605835,139.761331722079,139.7613137960434,139.7613286972046,4.08447647094727,1.7534062067667644,0.0,0.0,0.0,False
0.1,FlatUnload_2D_DPC_E50Nu015_CapS010,Compress_Down,97,0.121250376105309,0.121250376105309,-0.010393226519227,-22.7351379394531,139.600386804601,139.60036635398865,139.60039615631104,4.15208864212036,1.7823700904846191,0.0,0.0,0.0,False
0.1,FlatUnload_2D_DPC_E50Nu015_CapS010,Compress_Down,98,0.12250079959631,0.12250079959631,-0.0105461534112692,-23.0820693969727,139.441212600728,139.44119215011597,139.44122195243835,4.21897554397583,1.8110718727111816,0.0,0.0,0.0,False
0.1,FlatUnload_2D_DPC_E50Nu015_CapS010,Compress_Down,99,0.123750261962414,0.123750261962414,-0.0106971394270658,-23.4252166748047,139.284124313122,139.28410410881042,139.2841339111328,4.28526306152344,1.8394328753153484,0.0,0.0,0.0,False
0.1,FlatUnload_2D_DPC_E50Nu015_CapS010,Compress_Down,100,0.125000685453415,0.125000685453415,-0.0108957532793283,-23.8771076202393,139.128967511568,139.12895321846008,139.12896811962128,4.35070514678955,1.8674618403116863,0.0,0.0,0.0,False
0.1,FlatUnload_2D_DPC_E50Nu015_CapS010,Compress_Down,101,0.126249998807907,0.126249998807907,-0.0110435141250491,-24.2138004302979,138.974922139598,138.9749050140381,138.97493481636047,4.41585779190063,1.8953355153401692,0.0,0.0,0.0,False
0.1,FlatUnload_2D_DPC_E50Nu015_CapS010,Compress_Down,102,0.127500265836716,0.127500265836716,-0.0111890751868486,-24.5458393096924,138.823012744407,138.823002576828,138.8230174779892,4.48006153106689,1.9228720664978027,0.0,0.0,0.0,False
0.1,FlatUnload_2D_DPC_E50Nu015_CapS010,Compress_Down,103,0.128750532865524,0.128750532865524,-0.0113324671983719,-24.8730392456055,138.673425282636,138.67340981960297,138.67342472076416,4.54348659515381,1.9500382741292317,0.0,0.0,0.0,False
0.1,FlatUnload_2D_DPC_E50Nu015_CapS010,Compress_Down,104,0.130000799894333,0.130000799894333,-0.0114737544208765,-25.1959342956543,138.526254395131,138.52623105049133,138.52626085281372,4.60599136352539,1.9768075942993164,0.0,0.0,0.0,False
0.1,FlatUnload_2D_DPC_E50Nu015_CapS010,Compress_Down,105,0.131250113248825,0.131250113248825,-0.0116126351058483,-25.5136756896973,138.381673661946,138.38165998458862,138.381689786911,4.66744184494019,2.00312074025472,0.0,0.0,0.0,False
0.1,FlatUnload_2D_DPC_E50Nu015_CapS010,Compress_Down,106,0.132500380277634,0.132500380277634,-0.0117491539567709,-25.8264102935791,138.239563504342,138.2395476102829,138.23957741260529,4.72797584533691,2.02905003229777,0.0,0.0,0.0,False
0.1,FlatUnload_2D_DPC_E50Nu015_CapS010,Compress_Down,107,0.133750647306442,0.133750647306442,-0.011883357539773,-26.13405418396,138.100087280916,138.10007274150848,138.10008764266968,4.78740119934082,2.0544864336649575,0.0,0.0,0.0,False
0.1,FlatUnload_2D_DPC_E50Nu015_CapS010,Compress_Down,108,0.135000914335251,0.135000914335251,-0.0120582329109311,-26.5353317260742,137.963318265975,137.96329498291016,137.96332478523254,4.84583759307861,2.079517046610514,0.0,0.0,0.0,False
0.1,FlatUnload_2D_DPC_E50Nu015_CapS010,Compress_Down,109,0.136250227689743,0.136250227689743,-0.0121865440160036,-26.8300838470459,137.829426529794,137.82942295074463,137.82943785190582,4.90307664871216,2.104020277659098,0.0,0.0,0.0,False
0.1,FlatUnload_2D_DPC_E50Nu015_CapS010,Compress_Down,110,0.137500494718552,0.137500494718552,-0.012312114238739,-27.1188926696777,137.698264661715,137.6982480287552,137.69826292991638,4.95927333831787,2.128075122833252,0.0,0.0,0.0,False
0.1,FlatUnload_2D_DPC_E50Nu015_CapS010,Compress_Down,111,0.13875076174736,0.13875076174736,-0.0124350339174271,-27.4016513824463,137.570006795966,137.56999373435974,137.57000863552094,5.01426315307617,2.1516189575195312,0.0,0.0,0.0,False
0.1,FlatUnload_2D_DPC_E50Nu015_CapS010,Compress_Down,112,0.140000075101852,0.140000075101852,-0.0125552024692297,-27.6786365509033,137.444797633909,137.44479417800903,137.44480907917023,5.06801891326904,2.174636205037435,0.0,0.0,0.0,False
0.1,FlatUnload_2D_DPC_E50Nu015_CapS010,Compress_Down,113,0.141250342130661,0.141250342130661,-0.0126727018505335,-27.9493923187256,137.322516550025,137.32250034809113,137.32251524925232,5.1205997467041,2.1971354484558105,0.0,0.0,0.0,False
0.1,FlatUnload_2D_DPC_E50Nu015_CapS010,Compress_Down,114,0.14250060915947,0.14250060915947,-0.0127872936427593,-28.2138938903809,137.203273332624,137.20326125621796,137.20327615737915,5.1719388961792,2.2191108067830405,0.0,0.0,0.0,False
0.1,FlatUnload_2D_DPC_E50Nu015_CapS010,Compress_Down,115,0.143750876188278,0.143750876188278,-0.0128990272060037,-28.4717617034912,137.087144519487,137.0871365070343,137.0871663093567,5.22197437286377,2.2405306498209634,0.0,0.0,0.0,False
0.1,FlatUnload_2D_DPC_E50Nu015_CapS010,Compress_Down,116,0.14500018954277,0.14500018954277,-0.0130079463124275,-28.7234745025635,136.974253938033,136.9742453098297,136.9742602109909,5.27071523666382,2.261380195617676,0.0,0.0,0.0,False
0.1,FlatUnload_2D_DPC_E50Nu015_CapS010,Compress_Down,117,0.146250456571579,0.146250456571579,-0.0131484623998404,-29.0486488342285,136.864484349373,136.86446845531464,136.86448335647583,5.31808948516846,2.2816596031188965,0.0,0.0,0.0,False
0.1,FlatUnload_2D_DPC_E50Nu015_CapS010,Compress_Down,118,0.147500723600388,0.147500723600388,-0.0132504748180509,-29.2847805023193,136.757933411532,136.75791025161743,136.757954955101,5.36420583724976,2.3013973236083984,0.0,0.0,0.0,False
0.1,FlatUnload_2D_DPC_E50Nu015_CapS010,Compress_Down,119,0.14875003695488,0.14875003695488,-0.0133493915200233,-29.5139560699463,136.654712205891,136.65470480918884,136.65471971035004,5.40889024734497,2.3205299377441406,0.0,0.0,0.0,False
0.1,FlatUnload_2D_DPC_E50Nu015_CapS010,Compress_Down,120,0.150000303983688,0.150000303983688,-0.0134452786296606,-29.7364273071289,136.554723813329,136.55471801757812,136.5547478199005,5.45219898223877,2.3390658696492515,0.0,0.0,0.0,False
0.1,FlatUnload_2D_DPC_E50Nu015_CapS010,Compress_Down,121,0.151250571012497,0.151250571012497,-0.0135381147265434,-29.952033996582,136.4580403998,136.45802438259125,136.45805418491364,5.49418497085571,2.357033093770345,0.0,0.0,0.0,False
0.1,FlatUnload_2D_DPC_E50Nu015_CapS010,Compress_Down,122,0.152500838041306,0.152500838041306,-0.0136279556900263,-30.1604633331299,136.364715166144,136.36469841003418,136.36472821235657,5.53465795516968,2.3743577003479004,0.0,0.0,0.0,False
0.1,FlatUnload_2D_DPC_E50Nu015_CapS010,Compress_Down,123,0.153750151395798,0.153750151395798,-0.0137146217748523,-30.361852645874,136.27478105501,136.2747699022293,136.2747848033905,5.5738377571106,2.3911215464274087,0.0,0.0,0.0,False
0.1,FlatUnload_2D_DPC_E50Nu015_CapS010,Compress_Down,124,0.155000418424606,0.155000418424606,-0.0137981856241822,-30.5562744140625,136.188173412599,136.18814945220947,136.18817925453186,5.6114559173584,2.407214959462484,0.0,0.0,0.0,False
0.1,FlatUnload_2D_DPC_E50Nu015_CapS010,Compress_Down,125,0.156250685453415,0.156250685453415,-0.0139048136770725,-30.8043613433838,136.104925119988,136.10491156578064,136.10494136810303,5.64772367477417,2.422740618387858,0.0,0.0,0.0,False
0.1,FlatUnload_2D_DPC_E50Nu015_CapS010,Compress_Down,126,0.157499998807907,0.157499998807907,-0.0139811281114817,-30.9819049835205,136.025135066699,136.02513074874878,136.02514564990997,5.68248891830444,2.4376096725463867,0.0,0.0,0.0,False
0.1,FlatUnload_2D_DPC_E50Nu015_CapS010,Compress_Down,127,0.158750623464584,0.158750623464584,-0.0140553573146462,-31.1550750732422,135.947661897676,135.94764471054077,135.94767451286316,5.71629428863525,2.4520848592122397,0.0,0.0,0.0,False
0.1,FlatUnload_2D_DPC_E50Nu015_CapS010,Compress_Down,128,0.160000130534172,0.160000130534172,-0.0141265457496047,-31.3208522796631,135.873461442361,135.8734369277954,135.873481631279,5.74871635437012,2.465948740641276,0.0,0.0,0.0,False
0.1,FlatUnload_2D_DPC_E50Nu015_CapS010,Compress_Down,129,0.161250576376915,0.161250576376915,-0.0141946440562606,-31.4796123504639,135.802595460526,135.80258190631866,135.80259680747986,5.77964448928833,2.479189078013102,0.0,0.0,0.0,False
0.1,FlatUnload_2D_DPC_E50Nu015_CapS010,Compress_Down,130,0.162500083446503,0.162500083446503,-0.0142595488578081,-31.6310367584229,135.735220168063,135.73521375656128,135.73522865772247,5.80906248092651,2.491782824198405,0.0,0.0,0.0,False
0.1,FlatUnload_2D_DPC_E50Nu015_CapS010,Compress_Down,131,0.163750529289246,0.163750529289246,-0.0143213188275695,-31.7753372192383,135.671162539092,135.67113876342773,135.67116856575012,5.8371376991272,2.5037891070048013,0.0,0.0,0.0,False
0.1,FlatUnload_2D_DPC_E50Nu015_CapS010,Compress_Down,132,0.165000036358833,0.165000036358833,-0.0143799940124154,-31.9122333526611,135.61053051467,135.61052083969116,135.61055064201355,5.86369657516479,2.515148957570394,0.0,0.0,0.0,False
0.1,FlatUnload_2D_DPC_E50Nu015_CapS010,Compress_Down,133,0.166250482201576,0.166250482201576,-0.0144534930586815,-32.0839500427246,135.553173420658,135.55315136909485,135.55318117141724,5.88883543014526,2.525901953379313,0.0,0.0,0.0,False
0.1,FlatUnload_2D_DPC_E50Nu015_CapS010,Compress_Down,134,0.167500928044319,0.167500928044319,-0.0145050371065736,-32.204532623291,135.499117303301,135.49908995628357,135.49911975860596,5.91249227523804,2.5360256830851235,0.0,0.0,0.0,False
0.1,FlatUnload_2D_DPC_E50Nu015_CapS010,Compress_Down,135,0.168750435113907,0.168750435113907,-0.0145535822957754,-32.3178482055664,135.448369797904,135.4483664035797,135.4483962059021,5.93471908569336,2.5455320676167807,0.0,0.0,0.0,False
0.1,FlatUnload_2D_DPC_E50Nu015_CapS010,Compress_Down,136,0.17000088095665,0.17000088095665,-0.0145992040634155,-32.4246025085449,135.400797840793,135.40077209472656,135.40080189704895,5.95560932159424,2.554477055867513,0.0,0.0,0.0,False
0.1,FlatUnload_2D_DPC_E50Nu015_CapS010,Compress_Down,137,0.171250388026237,0.171250388026237,-0.0146418791264296,-32.5246543884277,135.356427231911,135.35641133785248,135.35642623901367,5.97510671615601,2.5628061294555664,0.0,0.0,0.0,False
0.1,FlatUnload_2D_DPC_E50Nu015_CapS010,Compress_Down,138,0.17250083386898,0.17250083386898,-0.0146816950291395,-32.6176452636719,135.315122321433,135.31510531902313,135.31512022018433,5.99319267272949,2.570593992869059,0.0,0.0,0.0,False
0.1,FlatUnload_2D_DPC_E50Nu015_CapS010,Compress_Down,139,0.173750340938568,0.173750340938568,-0.0147186797112226,-32.7042388916016,135.276884833459,135.27686893939972,135.2768838405609,6.01003932952881,2.577748934427897,0.0,0.0,0.0,False
0.1,FlatUnload_2D_DPC_E50Nu015_CapS010,Compress_Down,140,0.175000786781311,0.175000786781311,-0.0147529570385814,-32.7846260070801,135.241598575876,135.2415829896927,135.24159789085388,6.02549457550049,2.5843769709269204,0.0,0.0,0.0,False
0.1,FlatUnload_2D_DPC_E50Nu015_CapS010,Compress_Down,141,0.176250293850899,0.176250293850899,-0.0147944577038288,-32.8818359375,135.209256467556,135.20923256874084,135.20926237106323,6.03976583480835,2.5904754002889,0.0,0.0,0.0,False
0.1,FlatUnload_2D_DPC_E50Nu015_CapS010,Compress_Down,142,0.177500739693642,0.177500739693642,-0.0148225408047438,-32.9477195739746,135.17968332749,135.17966866493225,135.17968356609344,6.05276727676392,2.5960424741109214,0.0,0.0,0.0,False
0.1,FlatUnload_2D_DPC_E50Nu015_CapS010,Compress_Down,143,0.178750246763229,0.178750246763229,-0.0148481205105782,-33.0075721740723,135.152900275921,135.1528763771057,135.1529061794281,6.06454944610596,2.6010815302530923,0.0,0.0,0.0,False
0.1,FlatUnload_2D_DPC_E50Nu015_CapS010,Compress_Down,144,0.180000692605972,0.180000692605972,-0.014871284365654,-33.0617256164551,135.128719632106,135.1287066936493,135.1287215948105,6.07514619827271,2.6056140263875327,0.0,0.0,0.0,False
0.1,FlatUnload_2D_DPC_E50Nu015_CapS010,Compress_Down,145,0.18125019967556,0.18125019967556,-0.014892085455358,-33.1106910705566,135.107097308313,135.1071000099182,135.1071000099182,6.08461856842041,2.6096717516581216,0.0,0.0,0.0,False
0.1,FlatUnload_2D_DPC_E50Nu015_CapS010,Compress_Down,146,0.182500645518303,0.182500645518303,-0.0149106457829475,-33.1540298461914,135.087909784999,135.08790731430054,135.08790731430054,6.09308576583862,2.6132818857828775,0.0,0.0,0.0,False
0.1,FlatUnload_2D_DPC_E50Nu015_CapS010,Compress_Down,147,0.183750152587891,0.183750152587891,-0.014927051961422,-33.1925926208496,135.071046596532,135.0710391998291,135.0710541009903,6.10049819946289,2.616450786590576,0.0,0.0,0.0,False
0.1,FlatUnload_2D_DPC_E50Nu015_CapS010,Compress_Down,148,0.185000598430634,0.185000598430634,-0.0149414204061031,-33.2263603210449,135.056404296832,135.05639135837555,135.05640625953674,6.10693073272705,2.6192105611165366,0.0,0.0,0.0,False
0.1,FlatUnload_2D_DPC_E50Nu015_CapS010,Compress_Down,149,0.186250105500221,0.186250105500221,-0.0149575527757406,-33.2641334533691,135.043831903888,135.04381477832794,135.04382967948914,6.11246871948242,2.621571699778239,0.0,0.0,0.0,False
0.1,FlatUnload_2D_DPC_E50Nu015_CapS010,Compress_Down,150,0.187500551342964,0.187500551342964,-0.0149675756692886,-33.287727355957,135.033196415598,135.03319025039673,135.03320515155792,6.11711978912354,2.6235596338907876,0.0,0.0,0.0,False
0.1,FlatUnload_2D_DPC_E50Nu015_CapS010,Compress_Down,151,0.188750058412552,0.188750058412552,-0.0149759314954281,-33.3070335388184,135.024398819289,135.02438366413116,135.02439856529236,6.12095928192139,2.6251975695292153,0.0,0.0,0.0,False
0.1,FlatUnload_2D_DPC_E50Nu015_CapS010,Compress_Down,152,0.190000504255295,0.190000504255295,-0.0149827618151903,-33.323429107666,135.017243060014,135.01721620559692,135.0172460079193,6.1241135597229,2.626547336578369,0.0,0.0,0.0,False
0.1,FlatUnload_2D_DPC_E50Nu015_CapS010,Compress_Down,153,0.191250011324883,0.191250011324883,-0.0149881932884455,-33.3360366821289,135.011618795289,135.01161336898804,135.01162827014923,6.12657356262207,2.62760591506958,0.0,0.0,0.0,False
0.1,FlatUnload_2D_DPC_E50Nu015_CapS010,Compress_Down,154,0.192500457167625,0.192500457167625,-0.0149923879653215,-33.3456192016602,135.007322211711,135.0073218345642,135.0073218345642,6.12845993041992,2.6284071604410806,0.0,0.0,0.0,False
0.1,FlatUnload_2D_DPC_E50Nu015_CapS010,Compress_Down,155,0.193750903010368,0.193750903010368,-0.0149955106899142,-33.3532638549805,135.004195677163,135.0041925907135,135.0042074918747,6.12982273101807,2.6289896965026855,0.0,0.0,0.0,False
0.1,FlatUnload_2D_DPC_E50Nu015_CapS010,Compress_Down,156,0.195000410079956,0.195000410079956,-0.0149976387619972,-33.358211517334,135.002079773848,135.00207662582397,135.00207662582397,6.13075351715088,2.6293767293294272,0.0,0.0,0.0,False
0.1,FlatUnload_2D_DPC_E50Nu015_CapS010,Compress_Down,157,0.196250855922699,0.196250855922699,-0.0149993747472763,-33.3621025085449,135.000737376265,135.00073552131653,135.00073552131653,6.13134241104126,2.6296305656433105,0.0,0.0,0.0,False
0.1,FlatUnload_2D_DPC_E50Nu015_CapS010,Compress_Down,158,0.197500362992287,0.197500362992287,-0.0149999698624015,-33.3635292053223,135.000086035425,135.000079870224,135.0000947713852,6.13161420822144,2.6297454833984375,0.0,0.0,0.0,False
0.1,FlatUnload_2D_DPC_E50Nu015_CapS010,Compress_Down,159,0.19875080883503,0.19875080883503,-0.0150001086294651,-33.3638687133789,134.999898354685,134.99990105628967,134.99990105628967,6.13163375854492,2.6297569274902344,0.0,0.0,0.0,False
0.1,FlatUnload_2D_DPC_E50Nu015_CapS010,Compress_Down,160,0.200000002980232,0.200000002980232,-0.0150001086294651,-33.3638381958008,134.999897246334,134.99988615512848,134.99990105628967,6.13167190551758,2.6297680536905923,0.0,0.0,0.0,False
0.1,FlatUnload_2D_DPC_E50Nu015_CapS010,Hold_135um,0,0.0,0.200000002980232,-0.0150001086294651,-33.3638229370117,134.999897246334,134.99988615512848,134.99990105628967,6.13167190551758,2.6297680536905923,0.0,0.0,0.0,False
0.1,FlatUnload_2D_DPC_E50Nu015_CapS010,Hold_135um,1,0.000312858290271834,0.200312861270504,-0.0150001086294651,-33.3638381958008,134.999901864462,134.99990105628967,134.99990105628967,6.13165712356567,2.6297607421875,0.0,0.0,0.0,False
0.1,FlatUnload_2D_DPC_E50Nu015_CapS010,Hold_135um,2,0.000625715241767466,0.200625718222,-0.0150001086294651,-33.363842010498,134.999898354685,134.99990105628967,134.99990105628967,6.13166427612305,2.6297643979390464,0.0,0.0,0.0,False
0.1,FlatUnload_2D_DPC_E50Nu015_CapS010,Hold_135um,3,0.000937624427024275,0.200937627407257,-0.0150001086294651,-33.3638610839844,134.999903280688,134.99990105628967,134.99990105628967,6.13166332244873,2.6297624905904136,0.0,0.0,0.0,False
0.1,FlatUnload_2D_DPC_E50Nu015_CapS010,Hold_135um,4,0.00125049287453294,0.201250495854765,-0.0150001086294651,-33.363883972168,134.999901433437,134.99990105628967,134.99990105628967,6.13165378570557,2.629758358001709,0.0,0.0,0.0,False
0.1,FlatUnload_2D_DPC_E50Nu015_CapS010,Hold_135um,5,0.0015633637085557,0.201563366688788,-0.0150001086294651,-33.3638534545898,134.999903526988,134.99990105628967,134.99990105628967,6.13171339035034,2.6297483444213867,0.0,0.0,0.0,False
0.1,FlatUnload_2D_DPC_E50Nu015_CapS010,Hold_135um,6,0.00187529216054827,0.201875295140781,-0.0150001086294651,-33.3638687133789,134.999903280688,134.99990105628967,134.99990105628967,6.13165092468262,2.6297572453816733,0.0,0.0,0.0,False
0.1,FlatUnload_2D_DPC_E50Nu015_CapS010,Hold_135um,7,0.0021881340071559,0.202188136987388,-0.0150001086294651,-33.3639106750488,134.999896876883,134.99988615512848,134.99990105628967,6.13165044784546,2.6297566095987954,0.0,0.0,0.0,False
0.1,FlatUnload_2D_DPC_E50Nu015_CapS010,Hold_135um,8,0.00250002392567694,0.202500026905909,-0.0150001086294651,-33.3639297485352,134.999903526988,134.99990105628967,134.99990105628967,6.13164472579956,2.6297545433044434,0.0,0.0,0.0,False
0.1,FlatUnload_2D_DPC_E50Nu015_CapS010,Hold_135um,9,0.00281285610981286,0.202812859090045,-0.0150001086294651,-33.3638763427734,134.999902603363,134.99990105628967,134.99990105628967,6.13165044784546,2.629757563273112,0.0,0.0,0.0,False
0.1,FlatUnload_2D_DPC_E50Nu015_CapS010,Hold_135um,10,0.00312568829394877,0.203125691274181,-0.0150001086294651,-33.3638763427734,134.999897554209,134.99990105628967,134.99990105628967,6.13167572021484,2.629763921101888,0.0,0.0,0.0,False
0.1,FlatUnload_2D_DPC_E50Nu015_CapS010,Hold_135um,11,0.00343757821246982,0.203437581192702,-0.0150001086294651,-33.3639221191406,134.999902603363,134.99990105628967,134.99990105628967,6.13163423538208,2.629749298095703,0.0,0.0,0.0,False
0.1,FlatUnload_2D_DPC_E50Nu015_CapS010,Hold_135um,12,0.00375041039660573,0.203750413376838,-0.0150001086294651,-33.3639221191406,134.999896261133,134.99988615512848,134.99990105628967,6.13162803649902,2.629746596018473,0.0,0.0,0.0,False
0.1,FlatUnload_2D_DPC_E50Nu015_CapS010,Hold_135um,13,0.00406328123062849,0.204063284210861,-0.0150001086294651,-33.3638954162598,134.999895891683,134.99988615512848,134.99990105628967,6.13162565231323,2.629744211832682,0.0,0.0,0.0,False
0.1,FlatUnload_2D_DPC_E50Nu015_CapS010,Hold_135um,14,0.00437524821609259,0.204375251196325,-0.0150001086294651,-33.3638381958008,134.999902603363,134.99990105628967,134.99990105628967,6.13160800933838,2.629737377166748,0.0,0.0,0.0,False
0.1,FlatUnload_2D_DPC_E50Nu015_CapS010,Hold_135um,15,0.00468815770000219,0.204688160680234,-0.0150001086294651,-33.3638916015625,134.999897123184,134.99988615512848,134.99990105628967,6.13161611557007,2.629740079243978,0.0,0.0,0.0,False
0.1,FlatUnload_2D_DPC_E50Nu015_CapS010,Hold_135um,16,0.00500012468546629,0.205000127665699,-0.0150001086294651,-33.363899230957,134.999902603363,134.99990105628967,134.99990105628967,6.13161373138428,2.629740079243978,0.0,0.0,0.0,False
0.1,FlatUnload_2D_DPC_E50Nu015_CapS010,Hold_135um,17,0.0053130341693759,0.205313037149608,-0.0150001086294651,-33.3638916015625,134.999901864462,134.99990105628967,134.99990105628967,6.13161420822144,2.6297411918640137,0.0,0.0,0.0,False
0.1,FlatUnload_2D_DPC_E50Nu015_CapS010,Hold_135um,18,0.00562500115483999,0.205625004135072,-0.0150001086294651,-33.363899230957,134.999896137983,134.99988615512848,134.99990105628967,6.13162565231323,2.6297432581583657,0.0,0.0,0.0,False
0.1,FlatUnload_2D_DPC_E50Nu015_CapS010,Hold_135um,19,0.0059379106387496,0.205937913618982,-0.0150001086294651,-33.3639221191406,134.999898354685,134.99990105628967,134.99990105628967,6.13159990310669,2.62973419825236,0.0,0.0,0.0,False
0.1,FlatUnload_2D_DPC_E50Nu015_CapS010,Hold_135um,20,0.00625082012265921,0.206250823102891,-0.0150001086294651,-33.3639640808105,134.999897492634,134.99988615512848,134.99990105628967,6.13160610198975,2.6297351519266763,0.0,0.0,0.0,False
0.1,FlatUnload_2D_DPC_E50Nu015_CapS010,Hold_135um,21,0.0065627871081233,0.206562790088356,-0.0150001086294651,-33.3639068603516,134.999903280688,134.99990105628967,134.99990105628967,6.13154935836792,2.629746119181315,0.0,0.0,0.0,False
0.1,FlatUnload_2D_DPC_E50Nu015_CapS010,Hold_135um,22,0.00687569659203291,0.206875699572265,-0.0150001086294651,-33.3639106750488,134.999897862084,134.99988615512848,134.99990105628967,6.13161849975586,2.629740079243978,0.0,0.0,0.0,False
0.1,FlatUnload_2D_DPC_E50Nu015_CapS010,Hold_135um,23,0.00718766357749701,0.207187666557729,-0.0150001086294651,-33.3639602661133,134.999897554209,134.99990105628967,134.99990105628967,6.13162088394165,2.6297402381896973,0.0,0.0,0.0,False
0.1,FlatUnload_2D_DPC_E50Nu015_CapS010,Hold_135um,24,0.00750057306140661,0.207500576041639,-0.0150001086294651,-33.3639678955078,134.999903526988,134.99990105628967,134.99990105628967,6.1316704750061,2.6297260920206704,0.0,0.0,0.0,False
0.1,FlatUnload_2D_DPC_E50Nu015_CapS010,Hold_135um,25,0.00781254004687071,0.207812543027103,-0.0150001086294651,-33.3639488220215,134.999902911238,134.99990105628967,134.99990105628967,6.13161039352417,2.6297362645467124,0.0,0.0,0.0,False
0.1,FlatUnload_2D_DPC_E50Nu015_CapS010,Hold_135um,26,0.00812544953078032,0.208125452511013,-0.0150001086294651,-33.3639907836914,134.999898354685,134.99990105628967,134.99990105628967,6.13161945343018,2.62973960240682,0.0,0.0,0.0,False
0.1,FlatUnload_2D_DPC_E50Nu015_CapS010,Hold_135um,27,0.00843835901468992,0.208438361994922,-0.0150001086294651,-33.364013671875,134.999900940836,134.99990105628967,134.99990105628967,6.13161420822144,2.6297364234924316,0.0,0.0,0.0,False
0.1,FlatUnload_2D_DPC_E50Nu015_CapS010,Hold_135um,28,0.00875032600015402,0.208750328980386,-0.0150001086294651,-33.364013671875,134.999896137983,134.99988615512848,134.99990105628967,6.13161468505859,2.6297388076782227,0.0,0.0,0.0,False
0.1,FlatUnload_2D_DPC_E50Nu015_CapS010,Hold_135um,29,0.00906323548406363,0.209063238464296,-0.0150001086294651,-33.3639602661133,134.999903280688,134.99990105628967,134.99990105628967,6.13159704208374,2.629730542500814,0.0,0.0,0.0,False
0.1,FlatUnload_2D_DPC_E50Nu015_CapS010,Hold_135um,30,0.00937520246952772,0.20937520544976,-0.0150001086294651,-33.3639602661133,134.999903280688,134.99990105628967,134.99990105628967,6.1315975189209,2.629731019337972,0.0,0.0,0.0,False
0.1,FlatUnload_2D_DPC_E50Nu015_CapS010,Hold_135um,31,0.00968811195343733,0.20968811493367,-0.0150001086294651,-33.3639221191406,134.999903526988,134.99990105628967,134.99990105628967,6.13158416748047,2.629724661509196,0.0,0.0,0.0,False
0.1,FlatUnload_2D_DPC_E50Nu015_CapS010,Hold_135um,32,0.0100000789389014,0.210000081919134,-0.0150001086294651,-33.3639373779297,134.999904204314,134.99990105628967,134.99990105628967,6.13157653808594,2.629721164703369,0.0,0.0,0.0,False
0.1,FlatUnload_2D_DPC_E50Nu015_CapS010,Hold_135um,33,0.010312988422811,0.210312991403043,-0.0150001086294651,-33.3639335632324,134.999897123184,134.99988615512848,134.99990105628967,6.13158512115479,2.6297260920206704,0.0,0.0,0.0,False
0.1,FlatUnload_2D_DPC_E50Nu015_CapS010,Hold_135um,34,0.0106258979067206,0.210625900886953,-0.0150001086294651,-33.3639297485352,134.999897554209,134.99990105628967,134.99990105628967,6.1316237449646,2.629738171895345,0.0,0.0,0.0,False
0.1,FlatUnload_2D_DPC_E50Nu015_CapS010,Hold_135um,35,0.0109378648921847,0.210937867872417,-0.0150001086294651,-33.3639221191406,134.999898354685,134.99990105628967,134.99990105628967,6.13154315948486,2.6297097206115723,0.0,0.0,0.0,False
0.1,FlatUnload_2D_DPC_E50Nu015_CapS010,Hold_135um,36,0.0112507743760943,0.211250777356327,-0.0150001086294651,-33.363883972168,134.999904204314,134.99990105628967,134.99990105628967,6.13156461715698,2.629713694254557,0.0,0.0,0.0,False
0.1,FlatUnload_2D_DPC_E50Nu015_CapS010,Hold_135um,37,0.0115627413615584,0.211562744341791,-0.0150001086294651,-33.3638687133789,134.999902172337,134.99990105628967,134.99990105628967,6.13156414031982,2.629714330037435,0.0,0.0,0.0,False
0.1,FlatUnload_2D_DPC_E50Nu015_CapS010,Hold_135um,38,0.011875650845468,0.2118756538257,-0.0150001086294651,-33.3638458251953,134.999903526988,134.99990105628967,134.99990105628967,6.13155364990234,2.629709561665853,0.0,0.0,0.0,False
0.1,FlatUnload_2D_DPC_E50Nu015_CapS010,Hold_135um,39,0.0121876178309321,0.212187620811164,-0.0150001086294651,-33.3637771606445,134.999896876883,134.99988615512848,134.99990105628967,6.13155603408813,2.629711627960205,0.0,0.0,0.0,False
0.1,FlatUnload_2D_DPC_E50Nu015_CapS010,Hold_135um,40,0.0125005273148417,0.212500530295074,-0.0150001086294651,-33.3637733459473,134.999902911238,134.99990105628967,134.99990105628967,6.13153076171875,2.629697799682617,0.0,0.0,0.0,False
0.1,FlatUnload_2D_DPC_E50Nu015_CapS010,Hold_135um,41,0.0128134367987514,0.212813439778984,-0.0150001086294651,-33.3637733459473,134.999902172337,134.99990105628967,134.99990105628967,6.13151454925537,2.6296896934509277,0.0,0.0,0.0,False
0.1,FlatUnload_2D_DPC_E50Nu015_CapS010,Hold_135um,42,0.0131254037842155,0.213125406764448,-0.0150001086294651,-33.3637771606445,134.999895891683,134.99988615512848,134.99990105628967,6.13151884078979,2.629690488179525,0.0,0.0,0.0,False
0.1,FlatUnload_2D_DPC_E50Nu015_CapS010,Hold_135um,43,0.0134383132681251,0.213438316248357,-0.0150001086294651,-33.3637466430664,134.999897246334,134.99988615512848,134.99990105628967,6.13151693344116,2.6296888987223306,0.0,0.0,0.0,False
0.1,FlatUnload_2D_DPC_E50Nu015_CapS010,Hold_135um,44,0.0137502802535892,0.213750283233821,-0.0150001086294651,-33.3637428283691,134.999902172337,134.99990105628967,134.99990105628967,6.13151025772095,2.6296860376993814,0.0,0.0,0.0,False
0.1,FlatUnload_2D_DPC_E50Nu015_CapS010,Hold_135um,45,0.0140631897374988,0.214063192717731,-0.0150001086294651,-33.3638038635254,134.999897554209,134.99990105628967,134.99990105628967,6.13151693344116,2.6296876271565757,0.0,0.0,0.0,False
0.1,FlatUnload_2D_DPC_E50Nu015_CapS010,Hold_135um,46,0.0143751567229629,0.214375159703195,-0.0150001086294651,-33.3638000488281,134.999902172337,134.99990105628967,134.99990105628967,6.13151454925537,2.6296868324279785,0.0,0.0,0.0,False
0.1,FlatUnload_2D_DPC_E50Nu015_CapS010,Hold_135um,47,0.0146880662068725,0.214688069187105,-0.0150001086294651,-33.363842010498,134.999897123184,134.99988615512848,134.99990105628967,6.13151693344116,2.629687945048014,0.0,0.0,0.0,False
0.1,FlatUnload_2D_DPC_E50Nu015_CapS010,Hold_135um,48,0.0150000331923366,0.215000036172569,-0.0150001086294651,-33.3638381958008,134.999895891683,134.99988615512848,134.99990105628967,6.13150644302368,2.6296841303507485,0.0,0.0,0.0,False
0.1,FlatUnload_2D_DPC_E50Nu015_CapS010,Hold_135um,49,0.0153129426762462,0.215312945656478,-0.0150001086294651,-33.3638610839844,134.999902603363,134.99990105628967,134.99990105628967,6.13150787353516,2.629683176676432,0.0,0.0,0.0,False
0.1,FlatUnload_2D_DPC_E50Nu015_CapS010,Hold_135um,50,0.0156258512288332,0.215625854209065,-0.0150001086294651,-33.3638763427734,134.999897246334,134.99988615512848,134.99990105628967,6.1315131187439,2.629685719807943,0.0,0.0,0.0,False
0.1,FlatUnload_2D_DPC_E50Nu015_CapS010,Hold_135um,51,0.0159378182142973,0.21593782119453,-0.0150001086294651,-33.3638534545898,134.999904204314,134.99990105628967,134.99990105628967,6.13150787353516,2.6296846071879068,0.0,0.0,0.0,False
0.1,FlatUnload_2D_DPC_E50Nu015_CapS010,Hold_135um,52,0.0162507276982069,0.216250730678439,-0.0150001086294651,-33.3638763427734,134.999897554209,134.99990105628967,134.99990105628967,6.13155078887939,2.629699230194092,0.0,0.0,0.0,False
0.1,FlatUnload_2D_DPC_E50Nu015_CapS010,Hold_135um,53,0.016562694683671,0.216562697663903,-0.0150001086294651,-33.3638801574707,134.999901433437,134.99990105628967,134.99990105628967,6.13150882720947,2.629683494567871,0.0,0.0,0.0,False
0.1,FlatUnload_2D_DPC_E50Nu015_CapS010,Hold_135um,54,0.0168756041675806,0.216875607147813,-0.0150001086294651,-33.3638381958008,134.999904204314,134.99990105628967,134.99990105628967,6.13149929046631,2.629680633544922,0.0,0.0,0.0,False
0.1,FlatUnload_2D_DPC_E50Nu015_CapS010,Hold_135um,55,0.0171875711530447,0.217187574133277,-0.0150001086294651,-33.3638572692871,134.999895891683,134.99988615512848,134.99990105628967,6.13150453567505,2.629683176676432,0.0,0.0,0.0,False
0.1,FlatUnload_2D_DPC_E50Nu015_CapS010,Hold_135um,56,0.0175004806369543,0.217500483617187,-0.0150001086294651,-33.3638191223145,134.999895891683,134.99988615512848,134.99990105628967,6.13149404525757,2.6296774546305337,0.0,0.0,0.0,False
0.1,FlatUnload_2D_DPC_E50Nu015_CapS010,Hold_135um,57,0.0178133901208639,0.217813393101096,-0.0150001086294651,-33.3638305664062,134.999901864462,134.99990105628967,134.99990105628967,6.13148593902588,2.6296741167704263,0.0,0.0,0.0,False
0.1,FlatUnload_2D_DPC_E50Nu015_CapS010,Hold_135um,58,0.018125357106328,0.21812536008656,-0.0150001086294651,-33.3638305664062,134.999897000034,134.99988615512848,134.99990105628967,6.13150548934937,2.6296828587849936,0.0,0.0,0.0,False
0.1,FlatUnload_2D_DPC_E50Nu015_CapS010,Hold_135um,59,0.0184382665902376,0.21843826957047,-0.0150001086294651,-33.3638114929199,134.999902603363,134.99990105628967,134.99990105628967,6.13147401809692,2.6296709378560386,0.0,0.0,0.0,False
0.1,FlatUnload_2D_DPC_E50Nu015_CapS010,Hold_135um,60,0.0187502335757017,0.218750236555934,-0.0150001086294651,-33.3637924194336,134.999895891683,134.99988615512848,134.99990105628967,6.13147592544556,2.6296677589416504,0.0,0.0,0.0,False
0.1,FlatUnload_2D_DPC_E50Nu015_CapS010,Hold_135um,61,0.0190631430596113,0.219063146039844,-0.0150001086294651,-33.3637542724609,134.999898354685,134.99990105628967,134.99990105628967,6.13146781921387,2.6296631495157876,0.0,0.0,0.0,False
0.1,FlatUnload_2D_DPC_E50Nu015_CapS010,Hold_135um,62,0.0193751100450754,0.219375113025308,-0.0150001086294651,-33.3638000488281,134.999897492634,134.99988615512848,134.99990105628967,6.13146686553955,2.629660447438558,0.0,0.0,0.0,False
0.1,FlatUnload_2D_DPC_E50Nu015_CapS010,Hold_135um,63,0.019688019528985,0.219688022509217,-0.0150001086294651,-33.3638458251953,134.999897492634,134.99988615512848,134.99990105628967,6.13144874572754,2.62965456644694,0.0,0.0,0.0,False
0.1,FlatUnload_2D_DPC_E50Nu015_CapS010,Hold_135um,64,0.0200009290128946,0.220000931993127,-0.0150001086294651,-33.3637924194336,134.999902603363,134.99990105628967,134.99990105628967,6.13143157958984,2.629648526509603,0.0,0.0,0.0,False
0.1,FlatUnload_2D_DPC_E50Nu015_CapS010,Hold_135um,65,0.0203128959983587,0.220312898978591,-0.0150001086294651,-33.3638076782227,134.999897123184,134.99988615512848,134.99990105628967,6.13144874572754,2.629657745361328,0.0,0.0,0.0,False
0.1,FlatUnload_2D_DPC_E50Nu015_CapS010,Hold_135um,66,0.0206258054822683,0.220625808462501,-0.0150001086294651,-33.3638000488281,134.999897123184,134.99988615512848,134.99990105628967,6.13144302368164,2.6296539306640625,0.0,0.0,0.0,False
0.1,FlatUnload_2D_DPC_E50Nu015_CapS010,Hold_135um,67,0.0209377724677324,0.220937775447965,-0.0150001086294651,-33.3638191223145,134.999901864462,134.99990105628967,134.99990105628967,6.13143730163574,2.629650910695394,0.0,0.0,0.0,False
0.1,FlatUnload_2D_DPC_E50Nu015_CapS010,Hold_135um,68,0.021250681951642,0.221250684931874,-0.0150001086294651,-33.3638076782227,134.999898354685,134.99990105628967,134.99990105628967,6.13143348693848,2.629650433858236,0.0,0.0,0.0,False
0.1,FlatUnload_2D_DPC_E50Nu015_CapS010,Hold_135um,69,0.0215626489371061,0.221562651917338,-0.0150001086294651,-33.3637924194336,134.999901864462,134.99990105628967,134.99990105628967,6.13143730163574,2.629650274912516,0.0,0.0,0.0,False
0.1,FlatUnload_2D_DPC_E50Nu015_CapS010,Hold_135um,70,0.0218755584210157,0.221875561401248,-0.0150001086294651,-33.3637847900391,134.999895891683,134.99988615512848,134.99990105628967,6.13143157958984,2.6296496391296387,0.0,0.0,0.0,False
0.1,FlatUnload_2D_DPC_E50Nu015_CapS010,Hold_135um,71,0.0221875254064798,0.222187528386712,-0.0150001086294651,-33.3638000488281,134.999898354685,134.99990105628967,134.99990105628967,6.13138580322266,2.6296329498291016,0.0,0.0,0.0,False
0.1,FlatUnload_2D_DPC_E50Nu015_CapS010,Hold_135um,72,0.0225004348903894,0.222500437870622,-0.0150001086294651,-33.3638534545898,134.999897000034,134.99988615512848,134.99990105628967,6.13143014907837,2.6296475728352866,0.0,0.0,0.0,False
0.1,FlatUnload_2D_DPC_E50Nu015_CapS010,Hold_135um,73,0.022813344374299,0.222813347354531,-0.0150001086294651,-33.3638496398926,134.999897000034,134.99988615512848,134.99990105628967,6.13142490386963,2.62964661916097,0.0,0.0,0.0,False
0.1,FlatUnload_2D_DPC_E50Nu015_CapS010,Hold_135um,74,0.0231253113597631,0.223125314339995,-0.0150001086294651,-33.3637809753418,134.999903526988,134.99990105628967,134.99990105628967,6.13141441345215,2.6296428044637046,0.0,0.0,0.0,False
0.1,FlatUnload_2D_DPC_E50Nu015_CapS010,Hold_135um,75,0.0234382208436728,0.223438223823905,-0.0150001086294651,-33.3637619018555,134.999897000034,134.99988615512848,134.99990105628967,6.13141822814941,2.629644234975179,0.0,0.0,0.0,False
0.1,FlatUnload_2D_DPC_E50Nu015_CapS010,Hold_135um,76,0.0237501878291368,0.223750190809369,-0.0150001086294651,-33.3638000488281,134.999897000034,134.99988615512848,134.99990105628967,6.1314115524292,2.629640261332194,0.0,0.0,0.0,False
0.1,FlatUnload_2D_DPC_E50Nu015_CapS010,Hold_135um,77,0.0240630973130465,0.224063100293279,-0.0150001086294651,-33.3638000488281,134.999895399082,134.99988615512848,134.99990105628967,6.13140821456909,2.6296396255493164,0.0,0.0,0.0,False
0.1,FlatUnload_2D_DPC_E50Nu015_CapS010,Hold_135um,78,0.0243750642985106,0.224375067278743,-0.0150001086294651,-33.36376953125,134.999901864462,134.99990105628967,134.99990105628967,6.13140344619751,2.6296375592549643,0.0,0.0,0.0,False
0.1,FlatUnload_2D_DPC_E50Nu015_CapS010,Hold_135um,79,0.0246879737824202,0.224687976762652,-0.0150001086294651,-33.3637542724609,134.999897554209,134.99990105628967,134.99990105628967,6.13142919540405,2.6296445528666177,0.0,0.0,0.0,False
0.1,FlatUnload_2D_DPC_E50Nu015_CapS010,Hold_135um,80,0.0250008832663298,0.225000886246562,-0.0150001086294651,-33.3636856079102,134.999896876883,134.99988615512848,134.99990105628967,6.13138246536255,2.6296281814575195,0.0,0.0,0.0,False
0.1,FlatUnload_2D_DPC_E50Nu015_CapS010,Hold_135um,81,0.0253128502517939,0.225312853232026,-0.0150001086294651,-33.3637008666992,134.999903280688,134.99990105628967,134.99990105628967,6.13133096694946,2.6296408971150718,0.0,0.0,0.0,False
0.1,FlatUnload_2D_DPC_E50Nu015_CapS010,Hold_135um,82,0.0256257597357035,0.225625762715936,-0.0150001086294651,-33.3636894226074,134.999902172337,134.99990105628967,134.99990105628967,6.13137197494507,2.6296262741088867,0.0,0.0,0.0,False
0.1,FlatUnload_2D_DPC_E50Nu015_CapS010,Hold_135um,83,0.0259377267211676,0.2259377297014,-0.0150001086294651,-33.3636703491211,134.999902911238,134.99990105628967,134.99990105628967,6.13137102127075,2.62962277730306,0.0,0.0,0.0,False
0.1,FlatUnload_2D_DPC_E50Nu015_CapS010,Hold_135um,84,0.0262506362050772,0.226250639185309,-0.0150001086294651,-33.3636627197266,134.999904204314,134.99990105628967,134.99990105628967,6.13136386871338,2.629619916280111,0.0,0.0,0.0,False
0.1,FlatUnload_2D_DPC_E50Nu015_CapS010,Hold_135um,85,0.0265626031905413,0.226562606170774,-0.0150001086294651,-33.3636169433594,134.999897862084,134.99988615512848,134.99990105628967,6.13135099411011,2.629615147908529,0.0,0.0,0.0,False
0.1,FlatUnload_2D_DPC_E50Nu015_CapS010,Hold_135um,86,0.0268755126744509,0.226875515654683,-0.0150001086294651,-33.3636093139648,134.999897554209,134.99990105628967,134.99990105628967,6.13134574890137,2.6296119689941406,0.0,0.0,0.0,False
0.1,FlatUnload_2D_DPC_E50Nu015_CapS010,Hold_135um,87,0.0271884221583605,0.227188425138593,-0.0150001086294651,-33.3635749816895,134.999897554209,134.99990105628967,134.99990105628967,6.1313419342041,2.629613240559896,0.0,0.0,0.0,False
0.1,FlatUnload_2D_DPC_E50Nu015_CapS010,Hold_135um,88,0.0275003891438246,0.227500392124057,-0.0150001086294651,-33.3635482788086,134.999897000033,134.99988615512848,134.99990105628967,6.13135290145874,2.6296170552571616,0.0,0.0,0.0,False
0.1,FlatUnload_2D_DPC_E50Nu015_CapS010,Hold_135um,89,0.0278132986277342,0.227813301607966,-0.0150001086294651,-33.3635406494141,134.999895029632,134.99988615512848,134.99990105628967,6.13133573532104,2.629607677459717,0.0,0.0,0.0,False
0.1,FlatUnload_2D_DPC_E50Nu015_CapS010,Hold_135um,90,0.0281252656131983,0.228125268593431,-0.0150001086294651,-33.3635063171387,134.999902911238,134.99990105628967,134.99990105628967,6.13132190704346,2.6296032269795737,0.0,0.0,0.0,False
0.1,FlatUnload_2D_DPC_E50Nu015_CapS010,Hold_135um,91,0.0284381750971079,0.22843817807734,-0.0150001086294651,-33.3635597229004,134.999896261133,134.99988615512848,134.99990105628967,6.13132095336914,2.629603703816732,0.0,0.0,0.0,False
0.1,FlatUnload_2D_DPC_E50Nu015_CapS010,Hold_135um,92,0.028750142082572,0.228750145062804,-0.0150001086294651,-33.3635940551758,134.999897554209,134.99990105628967,134.99990105628967,6.13135528564453,2.629616896311442,0.0,0.0,0.0,False
0.1,FlatUnload_2D_DPC_E50Nu015_CapS010,Hold_135um,93,0.0290630515664816,0.229063054546714,-0.0150001086294651,-33.3636093139648,134.999895891683,134.99988615512848,134.99990105628967,6.13131618499756,2.629603385925293,0.0,0.0,0.0,False
0.1,FlatUnload_2D_DPC_E50Nu015_CapS010,Hold_135um,94,0.0293750185519457,0.229375021532178,-0.0150001086294651,-33.3635749816895,134.999897000034,134.99988615512848,134.99990105628967,6.13132190704346,2.6296075185139975,0.0,0.0,0.0,False
0.1,FlatUnload_2D_DPC_E50Nu015_CapS010,Hold_135um,95,0.0296879280358553,0.229687931016088,-0.0150001086294651,-33.3635444641113,134.999903526988,134.99990105628967,134.99990105628967,6.13131856918335,2.6296043395996094,0.0,0.0,0.0,False
0.1,FlatUnload_2D_DPC_E50Nu015_CapS010,Hold_135um,96,0.0300008375197649,0.230000840499997,-0.0150001086294651,-33.3636245727539,134.999896137983,134.99988615512848,134.99990105628967,6.13132476806641,2.629607677459717,0.0,0.0,0.0,False
0.1,FlatUnload_2D_DPC_E50Nu015_CapS010,Hold_135um,97,0.030312804505229,0.230312807485461,-0.0150001086294651,-33.3636703491211,134.999896876883,134.99988615512848,134.99990105628967,6.13132667541504,2.629609743754069,0.0,0.0,0.0,False
0.1,FlatUnload_2D_DPC_E50Nu015_CapS010,Hold_135um,98,0.0306257139891386,0.230625716969371,-0.0150001086294651,-33.3636932373047,134.999903526988,134.99990105628967,134.99990105628967,6.13138341903687,2.6295973459879556,0.0,0.0,0.0,False
0.1,FlatUnload_2D_DPC_E50Nu015_CapS010,Hold_135um,99,0.0309376809746027,0.230937683954835,-0.0150001086294651,-33.3636589050293,134.999902603363,134.99990105628967,134.99990105628967,6.13132190704346,2.6296087900797525,0.0,0.0,0.0,False
0.1,FlatUnload_2D_DPC_E50Nu015_CapS010,Hold_135um,100,0.0312505885958672,0.231250591576099,-0.0150001086294651,-33.3636627197266,134.999902172337,134.99990105628967,134.99990105628967,6.13131618499756,2.629608472188314,0.0,0.0,0.0,False
0.1,FlatUnload_2D_DPC_E50Nu015_CapS010,Hold_135um,101,0.0315625555813313,0.231562558561563,-0.0150001086294651,-33.3636474609375,134.999901433437,134.99990105628967,134.99990105628967,6.13130903244019,2.6296044985453286,0.0,0.0,0.0,False
0.1,FlatUnload_2D_DPC_E50Nu015_CapS010,Hold_135um,102,0.0318754650652409,0.231875468045473,-0.0150001086294651,-33.363655090332,134.999901433437,134.99990105628967,134.99990105628967,6.13131284713745,2.62960418065389,0.0,0.0,0.0,False
0.1,FlatUnload_2D_DPC_E50Nu015_CapS010,Hold_135um,103,0.0321883745491505,0.232188377529383,-0.0150001086294651,-33.363655090332,134.999902603363,134.99990105628967,134.99990105628967,6.13131380081177,2.6296046574910483,0.0,0.0,0.0,False
0.1,FlatUnload_2D_DPC_E50Nu015_CapS010,Hold_135um,104,0.0325003415346146,0.232500344514847,-0.0150001086294651,-33.3636589050293,134.999903280688,134.99990105628967,134.99990105628967,6.13125038146973,2.6296154657999673,0.0,0.0,0.0,False
0.1,FlatUnload_2D_DPC_E50Nu015_CapS010,Hold_135um,105,0.0328132510185242,0.232813253998756,-0.0150001086294651,-33.3636436462402,134.999897492634,134.99988615512848,134.99990105628967,6.13131618499756,2.6296056111653647,0.0,0.0,0.0,False
0.1,FlatUnload_2D_DPC_E50Nu015_CapS010,Hold_135um,106,0.0331252180039883,0.233125220984221,-0.0150001086294651,-33.3636856079102,134.999896630583,134.99988615512848,134.99990105628967,6.13132190704346,2.629608631134033,0.0,0.0,0.0,False
0.1,FlatUnload_2D_DPC_E50Nu015_CapS010,Hold_135um,107,0.0334381274878979,0.23343813046813,-0.0150001086294651,-33.3636856079102,134.999896630583,134.99988615512848,134.99990105628967,6.13131332397461,2.62960418065389,0.0,0.0,0.0,False
0.1,FlatUnload_2D_DPC_E50Nu015_CapS010,Hold_135um,108,0.033750094473362,0.233750097453594,-0.0150001086294651,-33.3636779785156,134.999897000034,134.99988615512848,134.99990105628967,6.13131189346313,2.6296043395996094,0.0,0.0,0.0,False
0.1,FlatUnload_2D_DPC_E50Nu015_CapS010,Hold_135um,109,0.0340630039572716,0.234063006937504,-0.0150001086294651,-33.3636627197266,134.999895891683,134.99988615512848,134.99990105628967,6.13129901885986,2.6295973459879556,0.0,0.0,0.0,False
0.1,FlatUnload_2D_DPC_E50Nu015_CapS010,Hold_135um,110,0.0343759134411812,0.234375916421413,-0.0150001086294651,-33.363639831543,134.999901864462,134.99990105628967,134.99990105628967,6.13130617141724,2.629602591196696,0.0,0.0,0.0,False
0.1,FlatUnload_2D_DPC_E50Nu015_CapS010,Hold_135um,111,0.0346878804266453,0.234687883406878,-0.0150001086294651,-33.3636703491211,134.999897123184,134.99988615512848,134.99990105628967,6.13129234313965,2.6295932133992515,0.0,0.0,0.0,False
0.1,FlatUnload_2D_DPC_E50Nu015_CapS010,Hold_135um,112,0.0350007899105549,0.235000792890787,-0.0150001086294651,-33.3636207580566,134.999903280688,134.99990105628967,134.99990105628967,6.13128280639648,2.6296059290568032,0.0,0.0,0.0,False
0.1,FlatUnload_2D_DPC_E50Nu015_CapS010,Hold_135um,113,0.035312756896019,0.235312759876251,-0.0150001086294651,-33.3636016845703,134.999903280688,134.99990105628967,134.99990105628967,6.13126564025879,2.6295814514160156,0.0,0.0,0.0,False
0.1,FlatUnload_2D_DPC_E50Nu015_CapS010,Hold_135um,114,0.0356256663799286,0.235625669360161,-0.0150001086294651,-33.363597869873,134.999903526988,134.99990105628967,134.99990105628967,6.1312689781189,2.6295992533365884,0.0,0.0,0.0,False
0.1,FlatUnload_2D_DPC_E50Nu015_CapS010,Hold_135um,115,0.0359376333653927,0.235937636345625,-0.0150001086294651,-33.3635902404785,134.999902603363,134.99990105628967,134.99990105628967,6.13124418258667,2.6295690536499023,0.0,0.0,0.0,False
0.1,FlatUnload_2D_DPC_E50Nu015_CapS010,Hold_135um,116,0.0362505428493023,0.236250545829535,-0.0150001086294651,-33.3635787963867,134.999897492634,134.99988615512848,134.99990105628967,6.13126087188721,2.6295944849650064,0.0,0.0,0.0,False
0.1,FlatUnload_2D_DPC_E50Nu015_CapS010,Hold_135um,117,0.0365625098347664,0.236562512814999,-0.0150001086294651,-33.3635597229004,134.999903526988,134.99990105628967,134.99990105628967,6.13124942779541,2.62956968943278,0.0,0.0,0.0,False
0.1,FlatUnload_2D_DPC_E50Nu015_CapS010,Hold_135um,118,0.036875419318676,0.236875422298908,-0.0150001086294651,-33.3636093139648,134.999895891683,134.99988615512848,134.99990105628967,6.13126468658447,2.6295971870422363,0.0,0.0,0.0,False
0.1,FlatUnload_2D_DPC_E50Nu015_CapS010,Hold_135um,119,0.0371883288025856,0.237188331782818,-0.0150001086294651,-33.3636054992676,134.999901433437,134.99990105628967,134.99990105628967,6.13125705718994,2.629572073618571,0.0,0.0,0.0,False
0.1,FlatUnload_2D_DPC_E50Nu015_CapS010,Hold_135um,120,0.0375002957880497,0.237500298768282,-0.0150001086294651,-33.3636360168457,134.999898354685,134.99990105628967,134.99990105628967,6.13124752044678,2.629588762919108,0.0,0.0,0.0,False
0.1,FlatUnload_2D_DPC_E50Nu015_CapS010,Hold_135um,121,0.0378132052719593,0.237813208252192,-0.0150001086294651,-33.3636436462402,134.999895891683,134.99988615512848,134.99990105628967,6.13126087188721,2.6295763651529946,0.0,0.0,0.0,False
0.1,FlatUnload_2D_DPC_E50Nu015_CapS010,Hold_135um,122,0.0381251722574234,0.238125175237656,-0.0150001086294651,-33.3636207580566,134.999903280688,134.99990105628967,134.99990105628967,6.13119125366211,2.62959893544515,0.0,0.0,0.0,False
0.1,FlatUnload_2D_DPC_E50Nu015_CapS010,Hold_135um,123,0.038438081741333,0.238438084721565,-0.0150001086294651,-33.3636703491211,134.999902603363,134.99990105628967,134.99990105628967,6.13122415542603,2.6295719146728516,0.0,0.0,0.0,False
0.1,FlatUnload_2D_DPC_E50Nu015_CapS010,Hold_135um,124,0.0387500487267971,0.238750051707029,-0.0150001086294651,-33.3636894226074,134.999903526988,134.99990105628967,134.99990105628967,6.13130903244019,2.6295741399129233,0.0,0.0,0.0,False
0.1,FlatUnload_2D_DPC_E50Nu015_CapS010,Hold_135um,125,0.0390629582107067,0.239062961190939,-0.0150001086294651,-33.3637351989746,134.999898354685,134.99990105628967,134.99990105628967,6.13123273849487,2.6295765240987143,0.0,0.0,0.0,False
0.1,FlatUnload_2D_DPC_E50Nu015_CapS010,Hold_135um,126,0.0393758676946163,0.239375870674849,-0.0150001086294651,-33.3637466430664,134.999903526988,134.99990105628967,134.99990105628967,6.13131380081177,2.6295766830444336,0.0,0.0,0.0,False
0.1,FlatUnload_2D_DPC_E50Nu015_CapS010,Hold_135um,127,0.0396878346800804,0.239687837660313,-0.0150001086294651,-33.3637275695801,134.999897246334,134.99988615512848,134.99990105628967,6.13125371932983,2.6295849482218423,0.0,0.0,0.0,False
0.1,FlatUnload_2D_DPC_E50Nu015_CapS010,Hold_135um,128,0.04000074416399,0.240000747144222,-0.0150001086294651,-33.3637351989746,134.999898354685,134.99990105628967,134.99990105628967,6.13124656677246,2.6295817693074546,0.0,0.0,0.0,False
0.1,FlatUnload_2D_DPC_E50Nu015_CapS010,Hold_135um,129,0.0403127111494541,0.240312714129686,-0.0150001086294651,-33.3637237548828,134.999898354685,134.99990105628967,134.99990105628967,6.1312370300293,2.6295790672302246,0.0,0.0,0.0,False
0.1,FlatUnload_2D_DPC_E50Nu015_CapS010,Hold_135um,130,0.0406256206333637,0.240625623613596,-0.0150001086294651,-33.3637504577637,134.999896753733,134.99988615512848,134.99990105628967,6.13123512268066,2.6295746167500815,0.0,0.0,0.0,False
0.1,FlatUnload_2D_DPC_E50Nu015_CapS010,Hold_135um,131,0.0409375876188278,0.24093759059906,-0.0150001086294651,-33.3637733459473,134.999897000034,134.99988615512848,134.99990105628967,6.13123416900635,2.629572550455729,0.0,0.0,0.0,False
0.1,FlatUnload_2D_DPC_E50Nu015_CapS010,Hold_135um,132,0.0412504971027374,0.24125050008297,-0.0150001086294651,-33.3637847900391,134.999901864462,134.99990105628967,134.99990105628967,6.13124656677246,2.629581928253174,0.0,0.0,0.0,False
0.1,FlatUnload_2D_DPC_E50Nu015_CapS010,Hold_135um,133,0.041563406586647,0.241563409566879,-0.0150001086294651,-33.3638534545898,134.999897246334,134.99988615512848,134.99990105628967,6.13124752044678,2.6295806566874185,0.0,0.0,0.0,False
0.1,FlatUnload_2D_DPC_E50Nu015_CapS010,Hold_135um,134,0.0418753735721111,0.241875376552343,-0.0150001086294651,-33.3638153076172,134.999901433437,134.99990105628967,134.99990105628967,6.13126468658447,2.6295886039733887,0.0,0.0,0.0,False
0.1,FlatUnload_2D_DPC_E50Nu015_CapS010,Hold_135um,135,0.0421882830560207,0.242188286036253,-0.0150001086294651,-33.3638381958008,134.999901433437,134.99990105628967,134.99990105628967,6.13124656677246,2.6295817693074546,0.0,0.0,0.0,False
0.1,FlatUnload_2D_DPC_E50Nu015_CapS010,Hold_135um,136,0.0425002500414848,0.242500253021717,-0.0150001086294651,-33.3638153076172,134.999901433437,134.99990105628967,134.99990105628967,6.13124132156372,2.6295790672302246,0.0,0.0,0.0,False
0.1,FlatUnload_2D_DPC_E50Nu015_CapS010,Hold_135um,137,0.0428131595253944,0.242813162505627,-0.0150001086294651,-33.3637962341309,134.999901433437,134.99990105628967,134.99990105628967,6.13121509552002,2.629566510518392,0.0,0.0,0.0,False
0.1,FlatUnload_2D_DPC_E50Nu015_CapS010,Hold_135um,138,0.0431251265108585,0.243125129491091,-0.0150001086294651,-33.36376953125,134.999903280688,134.99990105628967,134.99990105628967,6.13121509552002,2.6295679410298667,0.0,0.0,0.0,False
0.1,FlatUnload_2D_DPC_E50Nu015_CapS010,Hold_135um,139,0.0434380359947681,0.243438038975,-0.0150001086294651,-33.3637542724609,134.999897123184,134.99988615512848,134.99990105628967,6.13121223449707,2.6295668284098306,0.0,0.0,0.0,False
0.1,FlatUnload_2D_DPC_E50Nu015_CapS010,Hold_135um,140,0.0437500029802322,0.243750005960464,-0.0150001086294651,-33.3637809753418,134.999897492634,134.99988615512848,134.99990105628967,6.13123464584351,2.62957763671875,0.0,0.0,0.0,False
0.1,FlatUnload_2D_DPC_E50Nu015_CapS010,Hold_135um,141,0.0440629124641418,0.244062915444374,-0.0150001086294651,-33.3637504577637,134.999897000034,134.99988615512848,134.99990105628967,6.13121843338013,2.629570484161377,0.0,0.0,0.0,False
0.1,FlatUnload_2D_DPC_E50Nu015_CapS010,Hold_135um,142,0.0443758219480515,0.244375824928284,-0.0150001086294651,-33.3637504577637,134.999895399082,134.99988615512848,134.99990105628967,6.13122415542603,2.629573345184326,0.0,0.0,0.0,False
0.1,FlatUnload_2D_DPC_E50Nu015_CapS010,Hold_135um,143,0.0446877889335155,0.244687791913748,-0.0150001086294651,-33.3637657165527,134.999901864462,134.99990105628967,134.99990105628967,6.13121843338013,2.6295711199442544,0.0,0.0,0.0,False
0.1,FlatUnload_2D_DPC_E50Nu015_CapS010,Hold_135um,144,0.0450006984174252,0.245000701397657,-0.0150001086294651,-33.3637733459473,134.999895399082,134.99988615512848,134.99990105628967,6.13121843338013,2.6295717557271323,0.0,0.0,0.0,False
0.1,FlatUnload_2D_DPC_E50Nu015_CapS010,Hold_135um,145,0.0453126654028893,0.245312668383121,-0.0150001086294651,-33.3637771606445,134.999897000034,134.99988615512848,134.99990105628967,6.13120651245117,2.629564126332601,0.0,0.0,0.0,False
0.1,FlatUnload_2D_DPC_E50Nu015_CapS010,Hold_135um,146,0.0456255748867989,0.245625577867031,-0.0150001086294651,-33.3637313842773,134.999902172337,134.99990105628967,134.99990105628967,6.13120460510254,2.629563649495443,0.0,0.0,0.0,False
0.1,FlatUnload_2D_DPC_E50Nu015_CapS010,Hold_135um,147,0.045937541872263,0.245937544852495,-0.0150001086294651,-33.3637924194336,134.999898354685,134.99990105628967,134.99990105628967,6.13120317459106,2.629563490549723,0.0,0.0,0.0,False
0.1,FlatUnload_2D_DPC_E50Nu015_CapS010,Hold_135um,148,0.0462504513561726,0.246250454336405,-0.0150001086294651,-33.3638191223145,134.999903526988,134.99990105628967,134.99990105628967,6.13126134872437,2.6295533180236816,0.0,0.0,0.0,False
0.1,FlatUnload_2D_DPC_E50Nu015_CapS010,Hold_135um,149,0.0465633608400822,0.246563363820314,-0.0150001086294651,-33.3638534545898,134.999901433437,134.99990105628967,134.99990105628967,6.13120746612549,2.629566033681234,0.0,0.0,0.0,False
0.1,FlatUnload_2D_DPC_E50Nu015_CapS010,Hold_135um,150,0.0468753278255463,0.246875330805779,-0.0150001086294651,-33.3638343811035,134.999903280688,134.99990105628967,134.99990105628967,6.13114166259766,2.629573663075765,0.0,0.0,0.0,False
0.1,FlatUnload_2D_DPC_E50Nu015_CapS010,Hold_135um,151,0.0471882373094559,0.247188240289688,-0.0150001086294651,-33.3638496398926,134.999903280688,134.99990105628967,134.99990105628967,6.13120746612549,2.629566033681234,0.0,0.0,0.0,False
0.1,FlatUnload_2D_DPC_E50Nu015_CapS010,Hold_135um,152,0.04750020429492,0.247500207275152,-0.0150001086294651,-33.3639221191406,134.999895399082,134.99988615512848,134.99990105628967,6.13121175765991,2.629567305246989,0.0,0.0,0.0,False
0.1,FlatUnload_2D_DPC_E50Nu015_CapS010,Hold_135um,153,0.0478131137788296,0.247813116759062,-0.0150001086294651,-33.3639678955078,134.999903526988,134.99990105628967,134.99990105628967,6.13120651245117,2.6295671463012695,0.0,0.0,0.0,False
0.1,FlatUnload_2D_DPC_E50Nu015_CapS010,Hold_135um,154,0.0481250807642937,0.248125083744526,-0.0150001086294651,-33.3639907836914,134.999903526988,134.99990105628967,134.99990105628967,6.13120174407959,2.6295652389526367,0.0,0.0,0.0,False
0.1,FlatUnload_2D_DPC_E50Nu015_CapS010,Hold_135um,155,0.0484379902482033,0.248437993228436,-0.0150001086294651,-33.3640098571777,134.999897862084,134.99988615512848,134.99990105628967,6.1312050819397,2.6295679410298667,0.0,0.0,0.0,False
0.1,FlatUnload_2D_DPC_E50Nu015_CapS010,Hold_135um,156,0.0487508997321129,0.248750902712345,-0.0150001086294651,-33.3640289306641,134.999903280688,134.99990105628967,134.99990105628967,6.1312108039856,2.629571278889974,0.0,0.0,0.0,False
0.1,FlatUnload_2D_DPC_E50Nu015_CapS010,Hold_135um,157,0.049062866717577,0.249062869697809,-0.0150001086294651,-33.3640747070312,134.999895399082,134.99988615512848,134.99990105628967,6.13121461868286,2.6295723915100098,0.0,0.0,0.0,False
0.1,FlatUnload_2D_DPC_E50Nu015_CapS010,Hold_135um,158,0.0493757762014866,0.249375779181719,-0.0150001086294651,-33.3641052246094,134.999895152782,134.99988615512848,134.99990105628967,6.13119792938232,2.6295663515726724,0.0,0.0,0.0,False
0.1,FlatUnload_2D_DPC_E50Nu015_CapS010,Hold_135um,159,0.0496877431869507,0.249687746167183,-0.0150001086294651,-33.364128112793,134.999895399082,134.99988615512848,134.99990105628967,6.13120746612549,2.6295717557271323,0.0,0.0,0.0,False
0.1,FlatUnload_2D_DPC_E50Nu015_CapS010,Hold_135um,160,0.0500000007450581,0.25000000372529,-0.0150001086294651,-33.364128112793,134.999902049187,134.99988615512848,134.99990105628967,6.13119649887085,2.6295668284098306,0.0,0.0,0.0,False
0.1,FlatUnload_2D_DPC_E50Nu015_CapS010,Unload,0,0.0,0.25000000372529,-0.0150001086294651,-33.3641014099121,134.999902049187,134.99988615512848,134.99990105628967,6.13119649887085,2.6295668284098306,0.0,0.0,0.0,False
0.1,FlatUnload_2D_DPC_E50Nu015_CapS010,Unload,1,0.00125049497000873,0.251250498695299,-0.0150001086294651,-33.3640594482422,134.999898354685,134.99990105628967,134.99990105628967,6.13119792938232,2.6295715967814126,0.0,0.0,0.0,False
0.1,FlatUnload_2D_DPC_E50Nu015_CapS010,Unload,2,0.00250002602115273,0.252500029746443,-0.0149999056011438,-33.3635559082031,135.000155615228,135.00015437602997,135.00016927719116,6.1310772895813,2.629522164662679,0.0,0.0,0.0,False
0.1,FlatUnload_2D_DPC_E50Nu015_CapS010,Unload,3,0.00375041249208152,0.253750416217372,-0.0149992471560836,-33.3619041442871,135.000910155845,135.00089943408966,135.00091433525085,6.13071060180664,2.629369099934896,0.0,0.0,0.0,False
0.1,FlatUnload_2D_DPC_E50Nu015_CapS010,Unload,4,0.00500012701377273,0.255000130739063,-0.0149979144334793,-33.3588829040527,135.002383030951,135.00237464904785,135.00240445137024,6.13005065917969,2.6290852228800454,0.0,0.0,0.0,False
0.1,FlatUnload_2D_DPC_E50Nu015_CapS010,Unload,5,0.00625082245096564,0.256250826176256,-0.014994871802628,-33.3517532348633,135.004759335136,135.00475883483887,135.00477373600006,6.12899017333984,2.6286314328511557,0.0,0.0,0.0,False
0.1,FlatUnload_2D_DPC_E50Nu015_CapS010,Unload,6,0.00750057538971305,0.257500579115003,-0.0149913774803281,-33.3433303833008,135.008278903205,135.00827550888062,135.008305311203,6.12743902206421,2.627962907155355,0.0,0.0,0.0,False
0.1,FlatUnload_2D_DPC_E50Nu015_CapS010,Unload,7,0.00875032786279917,0.258750331588089,-0.0149866426363587,-33.3322601318359,135.013149858814,135.013148188591,135.0131630897522,6.12527847290039,2.627044677734375,0.0,0.0,0.0,False
0.1,FlatUnload_2D_DPC_E50Nu015_CapS010,Unload,8,0.0100000808015466,0.260000084526837,-0.01498051173985,-33.317699432373,135.019494613155,135.0194811820984,135.01951098442078,6.12245655059814,2.6258435249328613,0.0,0.0,0.0,False
0.1,FlatUnload_2D_DPC_E50Nu015_CapS010,Unload,9,0.0112507762387395,0.26125077996403,-0.0149727966636419,-33.2997550964355,135.027566485969,135.02755761146545,135.02758741378784,6.11892747879028,2.6243244806925454,0.0,0.0,0.0,False
0.1,FlatUnload_2D_DPC_E50Nu015_CapS010,Unload,10,0.0125005291774869,0.262500532902777,-0.0149633605033159,-33.2776184082031,135.037528343252,135.03751158714294,135.03754138946533,6.11449527740479,2.622426986694336,0.0,0.0,0.0,False
0.1,FlatUnload_2D_DPC_E50Nu015_CapS010,Unload,11,0.0137502821162343,0.263750285841525,-0.014952041208744,-33.2509307861328,135.04951922146,135.04952192306519,135.04952192306519,6.10919141769409,2.6201608975728354,0.0,0.0,0.0,False
0.1,FlatUnload_2D_DPC_E50Nu015_CapS010,Unload,12,0.0150000350549817,0.265000038780272,-0.0149387214332819,-33.2197418212891,135.063712823797,135.06370782852173,135.06373763084412,6.10293197631836,2.6174799601236978,0.0,0.0,0.0,False
0.1,FlatUnload_2D_DPC_E50Nu015_CapS010,Unload,13,0.0162507314234972,0.266250735148787,-0.0149176008999348,-33.1703567504883,135.080254775249,135.0802481174469,135.0802779197693,6.09564256668091,2.6143601735432944,0.0,0.0,0.0,False
0.1,FlatUnload_2D_DPC_E50Nu015_CapS010,Unload,14,0.0175004843622446,0.267500488087535,-0.0148990843445063,-33.1268081665039,135.099294395301,135.09929180145264,135.09930670261383,6.08733510971069,2.6107675234476724,0.0,0.0,0.0,False
0.1,FlatUnload_2D_DPC_E50Nu015_CapS010,Unload,15,0.018750237300992,0.268750241026282,-0.0148781482130289,-33.0774955749512,135.120943196364,135.1209431886673,135.1209580898285,6.07776498794556,2.606700897216797,0.0,0.0,0.0,False
0.1,FlatUnload_2D_DPC_E50Nu015_CapS010,Unload,16,0.0200009327381849,0.270000936463475,-0.0148546313866973,-33.022518157959,135.145371864465,135.145366191864,135.1453959941864,6.0669469833374,2.6020735104878745,0.0,0.0,0.0,False
0.1,FlatUnload_2D_DPC_E50Nu015_CapS010,Unload,17,0.0212506856769323,0.271250689402223,-0.014828504063189,-32.9611930847168,135.172651149333,135.17265021800995,135.17266511917114,6.05496597290039,2.5969451268514,0.0,0.0,0.0,False
0.1,FlatUnload_2D_DPC_E50Nu015_CapS010,Unload,18,0.0225004386156797,0.27250044234097,-0.0147996162995696,-32.893424987793,135.202897920404,135.20289957523346,135.20291447639465,6.04165935516357,2.5912453333536782,0.0,0.0,0.0,False
0.1,FlatUnload_2D_DPC_E50Nu015_CapS010,Unload,19,0.0237501915544271,0.273750195279717,-0.0147678982466459,-32.819149017334,135.236265745845,135.23626327514648,135.23629307746887,6.02693128585815,2.584972699483236,0.0,0.0,0.0,False
0.1,FlatUnload_2D_DPC_E50Nu015_CapS010,Unload,20,0.0250008869916201,0.27500089071691,-0.0147210313007236,-32.7094688415527,135.272835165816,135.2728307247162,135.27286052703857,6.01091051101685,2.578075726826986,0.0,0.0,0.0,False
0.1,FlatUnload_2D_DPC_E50Nu015_CapS010,Unload,21,0.0262505169957876,0.276250520721078,-0.0146824177354574,-32.6192054748535,135.31258973978,135.31258702278137,135.31261682510376,5.99347257614136,2.5705718994140625,0.0,0.0,0.0,False
0.1,FlatUnload_2D_DPC_E50Nu015_CapS010,Unload,22,0.0275008510798216,0.277500854805112,-0.0146407410502434,-32.5215797424316,135.355697013438,135.35569608211517,135.35571098327637,5.97445249557495,2.562475840250651,0.0,0.0,0.0,False
0.1,FlatUnload_2D_DPC_E50Nu015_CapS010,Unload,23,0.0287502408027649,0.278750244528055,-0.0145958755165339,-32.4164009094238,135.402201012947,135.40220260620117,135.40221750736237,5.95404720306396,2.5537447929382324,0.0,0.0,0.0,False
0.1,FlatUnload_2D_DPC_E50Nu015_CapS010,Unload,24,0.0300005748867989,0.280000578612089,-0.0145477559417486,-32.3040237426758,135.45224428454,135.4522407054901,135.4522705078125,5.93210554122925,2.5443410873413086,0.0,0.0,0.0,False
0.1,FlatUnload_2D_DPC_E50Nu015_CapS010,Unload,25,0.0312509089708328,0.281250912696123,-0.0144963683560491,-32.1838607788086,135.505860509767,135.50585508346558,135.50588488578796,5.90855884552002,2.534264246622721,0.0,0.0,0.0,False
0.1,FlatUnload_2D_DPC_E50Nu015_CapS010,Unload,26,0.0325009189546108,0.282500922679901,-0.0144416783004999,-32.0559043884277,135.563043777423,135.56304574012756,135.56306064128876,5.88350009918213,2.5235411326090493,0.0,0.0,0.0,False
0.1,FlatUnload_2D_DPC_E50Nu015_CapS010,Unload,27,0.0337508805096149,0.283750884234905,-0.0143836941570044,-31.9202461242676,135.623810835922,135.62379777431488,135.62382757663727,5.85687828063965,2.5121469497680664,0.0,0.0,0.0,False
0.1,FlatUnload_2D_DPC_E50Nu015_CapS010,Unload,28,0.0350008420646191,0.285000845789909,-0.0143010541796684,-31.7275581359863,135.68830527827,135.68828999996185,135.68831980228424,5.82863807678223,2.500065485636393,0.0,0.0,0.0,False
0.1,FlatUnload_2D_DPC_E50Nu015_CapS010,Unload,29,0.0362508036196232,0.286250807344913,-0.0142350532114506,-31.5733337402344,135.756545084382,135.75653731822968,135.75655221939087,5.79877996444702,2.4872716267903647,0.0,0.0,0.0,False
0.1,FlatUnload_2D_DPC_E50Nu015_CapS010,Unload,30,0.0375007651746273,0.287500768899918,-0.0141655616462231,-31.4110488891602,135.82855981028,135.82855463027954,135.82858443260193,5.76726531982422,2.4737847646077475,0.0,0.0,0.0,False
0.1,FlatUnload_2D_DPC_E50Nu015_CapS010,Unload,31,0.0387507267296314,0.288750730454922,-0.0140924956649542,-31.2408428192139,135.904394036297,135.90437173843384,135.90440154075623,5.73411703109741,2.4596068064371743,0.0,0.0,0.0,False
0.1,FlatUnload_2D_DPC_E50Nu015_CapS010,Unload,32,0.0400006882846355,0.290000692009926,-0.0140159502625465,-31.0626430511475,135.984057491291,135.98404824733734,135.98407804965973,5.69933986663818,2.444707234700521,0.0,0.0,0.0,False
0.1,FlatUnload_2D_DPC_E50Nu015_CapS010,Unload,33,0.0412506498396397,0.29125065356493,-0.0139358565211296,-30.8760719299316,136.067586381389,136.06756925582886,136.06759905815125,5.66282939910889,2.4291281700134277,0.0,0.0,0.0,False
0.1,FlatUnload_2D_DPC_E50Nu015_CapS010,Unload,34,0.0425006113946438,0.292500615119934,-0.0138522051274776,-30.681303024292,136.154957800673,136.15494966506958,136.15497946739197,5.62481451034546,2.4128114382425943,0.0,0.0,0.0,False
0.1,FlatUnload_2D_DPC_E50Nu015_CapS010,Unload,35,0.0437505729496479,0.293750576674938,-0.0137649904936552,-30.4784412384033,136.246195455536,136.2461894750595,136.2462043762207,5.58508014678955,2.395808537801107,0.0,0.0,0.0,False
0.1,FlatUnload_2D_DPC_E50Nu015_CapS010,Unload,36,0.045000534504652,0.295000538229942,-0.0136741381138563,-30.2671241760254,136.341318249518,136.34131848812103,136.34133338928223,5.54376745223999,2.378108183542887,0.0,0.0,0.0,False
0.1,FlatUnload_2D_DPC_E50Nu015_CapS010,Unload,37,0.0462504960596561,0.296250499784946,-0.0135476104915142,-29.9732723236084,136.440297057621,136.44029200077057,136.44030690193176,5.50075197219849,2.3597121238708496,0.0,0.0,0.0,False
0.1,FlatUnload_2D_DPC_E50Nu015_CapS010,Unload,38,0.0475005954504013,0.297500599175692,-0.0134486928582191,-29.7438106536865,136.542977141755,136.54297590255737,136.54299080371857,5.45618295669556,2.3406275113423667,0.0,0.0,0.0,False
0.1,FlatUnload_2D_DPC_E50Nu015_CapS010,Unload,39,0.0487507283687592,0.298750732094049,-0.0133464857935905,-29.5067615509033,136.649234736077,136.6492360830307,136.6492509841919,5.41011524200439,2.3209080696105957,0.0,0.0,0.0,False
0.1,FlatUnload_2D_DPC_E50Nu015_CapS010,Unload,40,0.050000861287117,0.300000865012407,-0.0132406875491142,-29.2615871429443,136.759308259164,136.75929605960846,136.75932586193085,5.36240005493164,2.3004862467447915,0.0,0.0,0.0,False
0.1,FlatUnload_2D_DPC_E50Nu015_CapS010,Unload,41,0.0512500442564487,0.301250047981739,-0.0131314909085631,-29.0085983276367,136.87309241769,136.87308132648468,136.87309622764587,5.3132176399231,2.2794299125671387,0.0,0.0,0.0,False
0.1,FlatUnload_2D_DPC_E50Nu015_CapS010,Unload,42,0.0525001771748066,0.302500180900097,-0.0130188353359699,-28.7482528686523,136.990702110689,136.99069619178772,136.9907259941101,5.26241636276245,2.2576794624328613,0.0,0.0,0.0,False
0.1,FlatUnload_2D_DPC_E50Nu015_CapS010,Unload,43,0.0537503100931644,0.303750313818455,-0.0129027385264635,-28.4796543121338,137.112036478236,137.11203634738922,137.11205124855042,5.21010589599609,2.2352852821350098,0.0,0.0,0.0,False
0.1,FlatUnload_2D_DPC_E50Nu015_CapS010,Unload,44,0.0550004430115223,0.305000446736813,-0.01278324611485,-28.2036018371582,137.237045890844,137.2370421886444,137.2370719909668,5.15624666213989,2.2122324307759604,0.0,0.0,0.0,False
0.1,FlatUnload_2D_DPC_E50Nu015_CapS010,Unload,45,0.0562505759298801,0.30625057965517,-0.0126186143606901,-27.823902130127,137.365704425418,137.3656988143921,137.36572861671448,5.10090208053589,2.1885337829589844,0.0,0.0,0.0,False
0.1,FlatUnload_2D_DPC_E50Nu015_CapS010,Unload,46,0.0575003810226917,0.307500384747982,-0.0124914385378361,-27.530611038208,137.497862947196,137.49785721302032,137.49787211418152,5.04413986206055,2.164233843485514,0.0,0.0,0.0,False
0.1,FlatUnload_2D_DPC_E50Nu015_CapS010,Unload,47,0.0587506480515003,0.308750651776791,-0.0123614221811295,-27.2314720153809,137.633139690892,137.63311505317688,137.63314485549927,4.98603820800781,2.139362017313639,0.0,0.0,0.0,False
0.1,FlatUnload_2D_DPC_E50Nu015_CapS010,Unload,48,0.0600009150803089,0.310000918805599,-0.0122280884534121,-26.9247550964355,137.771920608895,137.77191936969757,137.77193427085876,4.92655420303345,2.1138803164164224,0.0,0.0,0.0,False
0.1,FlatUnload_2D_DPC_E50Nu015_CapS010,Unload,49,0.0612502284348011,0.311250232160091,-0.0120917223393917,-26.6111278533936,137.913995668723,137.91398704051971,137.9140019416809,4.86579084396362,2.087860107421875,0.0,0.0,0.0,False
0.1,FlatUnload_2D_DPC_E50Nu015_CapS010,Unload,50,0.0625004991889,0.31250050291419,-0.0119522409513593,-26.2911834716797,138.059548979764,138.05954158306122,138.0595564842224,4.80365943908691,2.061253070831299,0.0,0.0,0.0,False
0.1,FlatUnload_2D_DPC_E50Nu015_CapS010,Unload,51,0.0637507662177086,0.313750769942999,-0.0118097206577659,-25.9644317626953,138.208381777768,138.20837438106537,138.20838928222656,4.74020671844482,2.0340917905171714,0.0,0.0,0.0,False
0.1,FlatUnload_2D_DPC_E50Nu015_CapS010,Unload,52,0.0650000795722008,0.315000083297491,-0.0116641046479344,-25.630786895752,138.360356196207,138.36033642292023,138.3603811264038,4.6754846572876,2.006366411844889,0.0,0.0,0.0,False
0.1,FlatUnload_2D_DPC_E50Nu015_CapS010,Unload,53,0.0662503466010094,0.3162503503263,-0.0114656249061227,-25.1765327453613,138.515590397595,138.51557672023773,138.51560652256012,4.6094856262207,1.9781104723612468,0.0,0.0,0.0,False
0.1,FlatUnload_2D_DPC_E50Nu015_CapS010,Unload,54,0.067500613629818,0.317500617355108,-0.0113132856786251,-24.8283805847168,138.673898178992,138.67388665676117,138.67391645908356,4.54233551025391,1.9493387540181477,0.0,0.0,0.0,False
0.1,FlatUnload_2D_DPC_E50Nu015_CapS010,Unload,55,0.0687508806586266,0.318750884383917,-0.0111583136022091,-24.4745178222656,138.835225970107,138.83522152900696,138.83525133132935,4.47398662567139,1.9200611114501953,0.0,0.0,0.0,False
0.1,FlatUnload_2D_DPC_E50Nu015_CapS010,Unload,56,0.0700004100799561,0.320000413805246,-0.0110009154304862,-24.1158409118652,138.999088251702,138.9990895986557,138.9991044998169,4.40466642379761,1.8903668721516926,0.0,0.0,0.0,False
0.1,FlatUnload_2D_DPC_E50Nu015_CapS010,Unload,57,0.0712508335709572,0.321250837296247,-0.0108417812734842,-23.7532749176025,139.164910836469,139.16489481925964,139.16492462158203,4.33462524414062,1.860373814900716,0.0,0.0,0.0,False
0.1,FlatUnload_2D_DPC_E50Nu015_CapS010,Unload,58,0.0725002959370613,0.322500299662352,-0.0106802619993687,-23.3860301971436,139.333310213771,139.33329284191132,139.3333226442337,4.26363754272461,1.8299646377563477,0.0,0.0,0.0,False
0.1,FlatUnload_2D_DPC_E50Nu015_CapS010,Unload,59,0.0737507194280624,0.323750723153353,-0.0105161797255278,-23.0130023956299,139.50448662566,139.50447738170624,139.50449228286743,4.1916184425354,1.7991024653116863,0.0,0.0,0.0,False
0.1,FlatUnload_2D_DPC_E50Nu015_CapS010,Unload,60,0.0750001817941666,0.325000185519457,-0.0103498697280884,-22.6356945037842,139.678075055261,139.67807590961456,139.67809081077576,4.11864137649536,1.7678345044453938,0.0,0.0,0.0,False
0.1,FlatUnload_2D_DPC_E50Nu015_CapS010,Unload,61,0.0762506052851677,0.326250609010458,-0.0101244719699025,-22.125057220459,139.854246373327,139.85423743724823,139.85425233840942,4.04479312896729,1.7361963589986165,0.0,0.0,0.0,False
0.1,FlatUnload_2D_DPC_E50Nu015_CapS010,Unload,62,0.0775000676512718,0.327500071376562,-0.00995299220085144,-21.7368392944336,140.032632792107,140.03263413906097,140.03264904022217,3.97012448310852,1.7042171160380046,0.0,0.0,0.0,False
0.1,FlatUnload_2D_DPC_E50Nu015_CapS010,Unload,63,0.0787504911422729,0.328750494867563,-0.00977931916713715,-21.3442230224609,140.21342599472,140.21340012550354,140.21342992782593,3.89449691772461,1.6718274752298992,0.0,0.0,0.0,False
0.1,FlatUnload_2D_DPC_E50Nu015_CapS010,Unload,64,0.0800009146332741,0.330000918358564,-0.00960365403443575,-20.9478549957275,140.396350679134,140.3963267803192,140.3963565826416,3.81821203231812,1.639154593149821,0.0,0.0,0.0,False
0.1,FlatUnload_2D_DPC_E50Nu015_CapS010,Unload,65,0.0812503769993782,0.331250380724669,-0.00942623987793922,-20.5479412078857,140.581198475393,140.5811905860901,140.58122038841248,3.74127149581909,1.606201966603597,0.0,0.0,0.0,False
0.1,FlatUnload_2D_DPC_E50Nu015_CapS010,Unload,66,0.0825008004903793,0.33250080421567,-0.00924689788371325,-20.1439762115479,140.768113099654,140.76809585094452,140.7681405544281,3.66358208656311,1.5729249318440754,0.0,0.0,0.0,False
0.1,FlatUnload_2D_DPC_E50Nu015_CapS010,Unload,67,0.0837502628564835,0.333750266581774,-0.0090660136193037,-19.7373447418213,140.956729904494,140.95671474933624,140.95674455165863,3.58535146713257,1.5394082069396973,0.0,0.0,0.0,False
0.1,FlatUnload_2D_DPC_E50Nu015_CapS010,Unload,68,0.0850005522370338,0.335000555962324,-0.00882396101951599,-19.1938800811768,141.145732784875,141.1457061767578,141.1457359790802,3.50708937644958,1.505885124206543,0.0,0.0,0.0,False
0.1,FlatUnload_2D_DPC_E50Nu015_CapS010,Unload,69,0.086250014603138,0.336250018328428,-0.0086408443748951,-18.7832622528076,141.336189452097,141.33617281913757,141.33620262145996,3.42840909957886,1.472171465555827,0.0,0.0,0.0,False
0.1,FlatUnload_2D_DPC_E50Nu015_CapS010,Unload,70,0.0875004455447197,0.33750044927001,-0.0084563447162509,-18.3702049255371,141.528264911891,141.52824878692627,141.52827858924866,3.34924101829529,1.4382541974385579,0.0,0.0,0.0,False
0.1,FlatUnload_2D_DPC_E50Nu015_CapS010,Unload,71,0.0887508764863014,0.338750880211592,-0.00827060826122761,-17.9550170898438,141.721728165472,141.721710562706,141.72174036502838,3.26960825920105,1.4041320482889812,0.0,0.0,0.0,False
0.1,FlatUnload_2D_DPC_E50Nu015_CapS010,Unload,72,0.0900003388524055,0.340000342577696,-0.00808373093605042,-17.5377101898193,141.916277602869,141.91626012325287,141.91628992557526,3.18973898887634,1.3699024518330891,0.0,0.0,0.0,False
0.1,FlatUnload_2D_DPC_E50Nu015_CapS010,Unload,73,0.0912507697939873,0.341250773519278,-0.00789583753794432,-17.1184902191162,142.112080215607,142.11206138134003,142.11209118366241,3.10948157310486,1.335501988728841,0.0,0.0,0.0,False
0.1,FlatUnload_2D_DPC_E50Nu015_CapS010,Unload,74,0.0925002321600914,0.342500235885382,-0.00770694389939308,-16.6979484558105,142.308804114188,142.3087865114212,142.3088163137436,3.0290219783783,1.3010138670603435,0.0,0.0,0.0,False
0.1,FlatUnload_2D_DPC_E50Nu015_CapS010,Unload,75,0.0937506631016731,0.343750666826963,-0.00751725118607283,-16.2761154174805,142.506537597226,142.50652492046356,142.50655472278595,2.94831252098083,1.2664179801940918,0.0,0.0,0.0,False
0.1,FlatUnload_2D_DPC_E50Nu015_CapS010,Unload,76,0.0950001254677773,0.345000129193068,-0.00732683762907982,-15.8530778884888,142.70487685557,142.70485937595367,142.70488917827606,2.86748123168945,1.2317553361256917,0.0,0.0,0.0,False
0.1,FlatUnload_2D_DPC_E50Nu015_CapS010,Unload,77,0.096250556409359,0.346250560134649,-0.00707201613113284,-15.2880439758301,142.904029397125,142.90401339530945,142.90404319763184,2.78653931617737,1.1970496972401936,0.0,0.0,0.0,False
0.1,FlatUnload_2D_DPC_E50Nu015_CapS010,Unload,78,0.0975003242492676,0.347500327974558,-0.00688141165301204,-14.8658294677734,143.102647220978,143.10263097286224,143.10266077518463,2.70596790313721,1.162505308787028,0.0,0.0,0.0,False
0.1,FlatUnload_2D_DPC_E50Nu015_CapS010,Unload,79,0.098750613629818,0.348750617355108,-0.0066909221932292,-14.4447183609009,143.301174529513,143.30115914344788,143.30118894577026,2.62558484077454,1.1280376116434734,0.0,0.0,0.0,False
0.1,FlatUnload_2D_DPC_E50Nu015_CapS010,Unload,80,0.100000903010368,0.350000906735659,-0.00650001410394907,-14.023323059082,143.499989516664,143.4999704360962,143.50000023841858,2.54525113105774,1.0935778617858887,0.0,0.0,0.0,False
0.1,FlatUnload_2D_DPC_E50Nu015_CapS010,Unload,81,0.101250216364861,0.351250220090151,-0.00630915304645896,-13.6022720336914,143.698773223691,143.69875192642212,143.6987817287445,2.46510148048401,1.0592010021209717,0.0,0.0,0.0,False
0.1,FlatUnload_2D_DPC_E50Nu015_CapS010,Unload,82,0.102500505745411,0.352500509470701,-0.00611813645809889,-13.1818742752075,143.897710991485,143.89769732952118,143.89772713184357,2.3850462436676,1.024858792622884,0.0,0.0,0.0,False
0.1,FlatUnload_2D_DPC_E50Nu015_CapS010,Unload,83,0.103750795125961,0.353750798851252,-0.00592727493494749,-12.7620115280151,144.096640754522,144.09662783145905,144.09665763378143,2.30515480041504,0.9905807971954346,0.0,0.0,0.0,False
0.1,FlatUnload_2D_DPC_E50Nu015_CapS010,Unload,84,0.105000108480453,0.355000112205744,-0.00573666766285896,-12.3431301116943,144.295122928548,144.2951112985611,144.29514110088348,2.22560358047485,0.9564427534739176,0.0,0.0,0.0,False
0.1,FlatUnload_2D_DPC_E50Nu015_CapS010,Unload,85,0.106250397861004,0.356250401586294,-0.00548279238864779,-11.786657333374,144.493406707775,144.49338614940643,144.49343085289001,2.1462926864624,0.9223988850911459,0.0,0.0,0.0,False
0.1,FlatUnload_2D_DPC_E50Nu015_CapS010,Unload,86,0.107500687241554,0.357500690966845,-0.00529304379597306,-11.3709106445312,144.691244991542,144.69122886657715,144.69125866889954,2.06729674339294,0.8884905179341634,0.0,0.0,0.0,False
0.1,FlatUnload_2D_DPC_E50Nu015_CapS010,Unload,87,0.108750000596046,0.358750004321337,-0.00510370777919888,-10.9568500518799,144.888314079832,144.88829672336578,144.88832652568817,1.98877418041229,0.8547876675923666,0.0,0.0,0.0,False
0.1,FlatUnload_2D_DPC_E50Nu015_CapS010,Unload,88,0.110000088810921,0.360000092536211,-0.00491579528898001,-10.5467090606689,145.084219153447,145.0842022895813,145.0842320919037,1.91083705425262,0.8213349183400472,0.0,0.0,0.0,False
0.1,FlatUnload_2D_DPC_E50Nu015_CapS010,Unload,89,0.111250087618828,0.361250091344118,-0.00472928956151009,-10.1398391723633,145.278335718269,145.27831971645355,145.27834951877594,1.83378446102142,0.7882587909698486,0.0,0.0,0.0,False
0.1,FlatUnload_2D_DPC_E50Nu015_CapS010,Unload,90,0.112500086426735,0.362500090152025,-0.00454382319003344,-9.73592281341553,145.471481367761,145.4714685678482,145.4714983701706,1.75723516941071,0.7553962071736654,0.0,0.0,0.0,False
0.1,FlatUnload_2D_DPC_E50Nu015_CapS010,Unload,91,0.113750085234642,0.363750088959932,-0.004359339363873,-9.33472919464111,145.663565709756,145.6635445356369,145.6635743379593,1.68127810955048,0.7227881749471029,0.0,0.0,0.0,False
0.1,FlatUnload_2D_DPC_E50Nu015_CapS010,Unload,92,0.115000084042549,0.365000087767839,-0.00417595589533448,-8.93625831604004,145.854445890146,145.8544284105301,145.85445821285248,1.60596096515656,0.6904480457305908,0.0,0.0,0.0,False
0.1,FlatUnload_2D_DPC_E50Nu015_CapS010,Unload,93,0.116250082850456,0.366250086575747,-0.00393329374492168,-8.40968132019043,146.043983857679,146.04397118091583,146.04400098323822,1.53127729892731,0.6583801507949829,0.0,0.0,0.0,False
0.1,FlatUnload_2D_DPC_E50Nu015_CapS010,Unload,94,0.117500081658363,0.367500085383654,-0.00375288818031549,-8.01878261566162,146.232092791537,146.23206853866577,146.23209834098816,1.45732736587524,0.6266207695007324,0.0,0.0,0.0,False
0.1,FlatUnload_2D_DPC_E50Nu015_CapS010,Unload,95,0.11875008046627,0.368750084191561,-0.00357392663136125,-7.63178873062134,146.418633655268,146.41861617565155,146.41864597797394,1.38410520553589,0.5951726039250692,0.0,0.0,0.0,False
0.1,FlatUnload_2D_DPC_E50Nu015_CapS010,Unload,96,0.120000079274178,0.370000082999468,-0.00339651457034051,-7.24855852127075,146.603487978482,146.60346508026123,146.60349488258362,1.31170630455017,0.5640754302342733,0.0,0.0,0.0,False
0.1,FlatUnload_2D_DPC_E50Nu015_CapS010,Unload,97,0.121250078082085,0.371250081807375,-0.00322061078622937,-6.86883544921875,146.786562536558,146.78654074668884,146.78657054901123,1.24011588096619,0.5333159367243449,0.0,0.0,0.0,False
0.1,FlatUnload_2D_DPC_E50Nu015_CapS010,Unload,98,0.122500076889992,0.372500080615282,-0.00304660433903337,-6.49365234375,146.967725189449,146.96770906448364,146.96773886680603,1.16942000389099,0.5029371579488119,0.0,0.0,0.0,False
0.1,FlatUnload_2D_DPC_E50Nu015_CapS010,Unload,99,0.123750545084476,0.373750548809767,-0.00287486799061298,-6.12376070022583,147.146313143355,147.1462994813919,147.1463292837143,1.09983515739441,0.4730314016342163,0.0,0.0,0.0,False
0.1,FlatUnload_2D_DPC_E50Nu015_CapS010,Unload,100,0.125000104308128,0.375000108033419,-0.00270591350272298,-5.76054334640503,147.321946726542,147.3219245672226,147.32195436954498,1.03153955936432,0.44367535909016925,0.0,0.0,0.0,False
0.1,FlatUnload_2D_DPC_E50Nu015_CapS010,Unload,101,0.126250103116035,0.376250106841326,-0.00248238909989595,-5.28035879135132,147.496732667643,147.49671518802643,147.49674499034882,0.96354740858078,0.41465771198272705,0.0,0.0,0.0,False
0.1,FlatUnload_2D_DPC_E50Nu015_CapS010,Unload,102,0.127500101923943,0.377500105649233,-0.00231708609499037,-4.92590665817261,147.669187623792,147.66918122768402,147.66919612884521,0.896601676940918,0.3860810200373332,0.0,0.0,0.0,False
0.1,FlatUnload_2D_DPC_E50Nu015_CapS010,Unload,103,0.12875010073185,0.37875010445714,-0.00215403689071536,-4.57640695571899,147.839202237708,147.83918857574463,147.83921837806702,0.830676436424255,0.3579213221867879,0.0,0.0,0.0,False
0.1,FlatUnload_2D_DPC_E50Nu015_CapS010,Unload,104,0.130000099539757,0.380000103265047,-0.00199333066120744,-4.23235130310059,148.006676511516,148.00667762756348,148.00669252872467,0.766007900238037,0.33031849066416424,0.0,0.0,0.0,False
0.1,FlatUnload_2D_DPC_E50Nu015_CapS010,Unload,105,0.131250858306885,0.381250862032175,-0.00183608930092305,-3.89652228355408,148.170346678966,148.1703221797943,148.1703519821167,0.703208208084106,0.30357112487157184,0.0,0.0,0.0,False
0.1,FlatUnload_2D_DPC_E50Nu015_CapS010,Unload,106,0.132500827312469,0.38250083103776,-0.00168275460600853,-3.56890940666199,148.330029677446,148.33003282546997,148.33004772663116,0.642041325569153,0.27752019961675006,0.0,0.0,0.0,False
0.1,FlatUnload_2D_DPC_E50Nu015_CapS010,Unload,107,0.133750796318054,0.383750800043344,-0.00153184868395329,-3.24681377410889,148.486931700537,148.48692715168,148.4869420528412,0.582087635993958,0.25197891394297284,0.0,0.0,0.0,False
0.1,FlatUnload_2D_DPC_E50Nu015_CapS010,Unload,108,0.135000765323639,0.385000769048929,-0.00133471307344735,-2.82683300971985,148.640962540795,148.6409455537796,148.640975356102,0.523350834846497,0.22694702943166098,0.0,0.0,0.0,False
0.1,FlatUnload_2D_DPC_E50Nu015_CapS010,Unload,109,0.136250734329224,0.386250738054514,-0.00119006563909352,-2.51900696754456,148.79203845616,148.79202842712402,148.7920582294464,0.464919984340668,0.20184091726938883,0.0,0.0,0.0,False
0.1,FlatUnload_2D_DPC_E50Nu015_CapS010,Unload,110,0.137500703334808,0.387500707060099,-0.00104820157866925,-2.21735787391663,148.940110617617,148.9401012659073,148.94011616706848,0.407624840736389,0.1771841049194336,0.0,0.0,0.0,False
0.1,FlatUnload_2D_DPC_E50Nu015_CapS010,Unload,111,0.138750672340393,0.388750676065683,-0.00090918701607734,-1.92224264144897,149.085086416299,149.08508956432343,149.08510446548462,0.351586371660233,0.15307443340619406,0.0,0.0,0.0,False
0.1,FlatUnload_2D_DPC_E50Nu015_CapS010,Unload,112,0.140000641345978,0.390000645071268,-0.000773090636357665,-1.63365936279297,149.226911912464,149.22690391540527,149.22691881656647,0.296847611665726,0.12952536344528198,0.0,0.0,0.0,False
0.1,FlatUnload_2D_DPC_E50Nu015_CapS010,Unload,113,0.141250610351562,0.391250614076853,-0.000639976933598518,-1.35134303569794,149.365500346873,149.36549961566925,149.36551451683044,0.243405237793922,0.10653439164161682,0.0,0.0,0.0,False
0.1,FlatUnload_2D_DPC_E50Nu015_CapS010,Unload,114,0.142500579357147,0.392500583082438,-0.000509908073581755,-1.07622992992401,149.500779984596,149.500772356987,149.5008021593094,0.19133348762989,0.08413517475128174,0.0,0.0,0.0,False
0.1,FlatUnload_2D_DPC_E50Nu015_CapS010,Unload,115,0.143750548362732,0.393750552088022,-0.000382942729629576,-0.807479441165924,149.632694669191,149.63269233703613,149.63270723819733,0.140585616230965,0.06230418384075165,0.0,0.0,0.0,False
0.1,FlatUnload_2D_DPC_E50Nu015_CapS010,Unload,116,0.145000517368317,0.395000521093607,-0.000259136606473476,-0.545829176902771,149.761165091999,149.7611552476883,149.7611701488495,0.0912690833210945,0.04108763734499613,0.0,0.0,0.0,False
0.1,FlatUnload_2D_DPC_E50Nu015_CapS010,Unload,117,0.146250486373901,0.396250490099192,-9.91323468042538e-05,-0.207869201898575,149.886129554823,149.8861312866211,149.8861461877823,0.0434375405311584,0.020938416322072346,0.0,0.0,0.0,False
0.1,FlatUnload_2D_DPC_E50Nu015_CapS010,Unload,118,0.147500455379486,0.397500459104776,1.70878956851084e-05,0.0,149.999496515536,149.98961985111237,150.00754594802856,0.000161914111231454,0.0022468206783135733,0.0,0.0,0.0,True
0.1,FlatUnload_2D_DPC_E50Nu015_CapS010,Unload,119,0.148750424385071,0.398750428110361,0.00012993736891076,0.0,149.999514871148,149.95723962783813,150.0358283519745,0.0,0.0016191851658125718,0.0,0.0,0.0,True
0.1,FlatUnload_2D_DPC_E50Nu015_CapS010,Unload,120,0.150000393390656,0.400000397115946,0.000239369692280889,0.0,149.999509120917,149.92304146289825,150.070458650589,0.0,0.0011792995501309633,0.0,0.0,0.0,True
0.1,FlatUnload_2D_DPC_E50Nu015_CapS010,Unload,121,0.15125036239624,0.401250366121531,0.000345355219906196,0.0,149.999505019201,149.88596737384796,150.1072198152542,0.0,0.0008915478829294443,0.0,0.0,0.0,True
0.1,FlatUnload_2D_DPC_E50Nu015_CapS010,Unload,122,0.152500331401825,0.402500335127115,0.000447868573246524,0.0,149.99952707317,149.8841941356659,150.1103788614273,0.0,0.0006990361337860426,0.0,0.0,0.0,True
0.1,FlatUnload_2D_DPC_E50Nu015_CapS010,Unload,123,0.15375030040741,0.4037503041327,0.00054688798263669,0.0,149.999527235406,149.85798299312592,150.1358151435852,0.0,0.0004906161533047756,0.0,0.0,0.0,True
0.1,FlatUnload_2D_DPC_E50Nu015_CapS010,Unload,124,0.155000269412994,0.405000273138285,0.000642396626062691,0.0,149.999515363929,149.84117448329926,150.1532793045044,0.0,0.00048065984932084876,0.0,0.0,0.0,True
0.1,FlatUnload_2D_DPC_E50Nu015_CapS010,Unload,125,0.156250238418579,0.406250242143869,0.000764208263717592,0.0,149.999504920946,149.8344987630844,150.1598060131073,0.0,0.00031537921555961174,0.0,0.0,0.0,True
0.1,FlatUnload_2D_DPC_E50Nu015_CapS010,Unload,126,0.157500207424164,0.407500211149454,0.000851482793223113,0.0,149.999514225031,149.84813332557678,150.1469910144806,0.0,0.0004592456389218569,0.0,0.0,0.0,True
0.1,FlatUnload_2D_DPC_E50Nu015_CapS010,Unload,127,0.158750176429749,0.408750180155039,0.000935219752136618,0.0,149.999506835545,149.82570707798004,150.16856789588928,0.0,0.0003171689265097181,0.0,0.0,0.0,True
0.1,FlatUnload_2D_DPC_E50Nu015_CapS010,Unload,128,0.160000145435333,0.410000149160624,0.00101542088668793,0.0,149.999503499428,149.79688823223114,150.19692480564117,0.0,0.0002779071607316534,0.0,0.0,0.0,True
0.1,FlatUnload_2D_DPC_E50Nu015_CapS010,Unload,129,0.161250114440918,0.411250118166208,0.00109209259971976,0.0,149.999523260207,149.78265762329102,150.211364030838,0.0,0.0002840510181461771,0.0,0.0,0.0,True
0.1,FlatUnload_2D_DPC_E50Nu015_CapS010,Unload,130,0.162500083446503,0.412500087171793,0.0011652463581413,0.0,149.999537057828,149.77234601974487,150.2232849597931,0.0,0.0006228241448601087,0.0,0.0,0.0,True
0.1,FlatUnload_2D_DPC_E50Nu015_CapS010,Unload,131,0.163750052452087,0.413750056177378,0.00123489811085165,0.0,149.999507085693,149.7395932674408,150.25392174720764,0.0,0.00027791259344667196,0.0,0.0,0.0,True
0.1,FlatUnload_2D_DPC_E50Nu015_CapS010,Unload,132,0.165000021457672,0.415000025182962,0.0013010686961934,0.0,149.999502399736,149.70381557941437,150.28944611549377,0.0,0.00027311717470486957,0.0,0.0,0.0,True
0.1,FlatUnload_2D_DPC_E50Nu015_CapS010,Unload,133,0.166250988841057,0.416250992566347,0.00138394394889474,0.0,149.99951010239,149.68886971473694,150.3051519393921,0.0,0.0004645782755687833,0.0,0.0,0.0,True
0.1,FlatUnload_2D_DPC_E50Nu015_CapS010,Unload,134,0.167500957846642,0.417500961571932,0.00144210178405046,0.0,149.999518612253,149.6913880109787,150.30190348625183,0.0,0.00028414880701651174,0.0,0.0,0.0,True
0.1,FlatUnload_2D_DPC_E50Nu015_CapS010,Unload,135,0.168750926852226,0.418750930577517,0.00149688590317965,0.0,149.999516156948,149.71157908439636,150.28177201747894,0.0,0.0003055847870806853,0.0,0.0,0.0,True
0.1,FlatUnload_2D_DPC_E50Nu015_CapS010,Unload,136,0.170000895857811,0.420000899583101,0.00154833996202797,0.0,149.999517263375,149.73711967468262,150.25825798511505,0.0,0.0005143427212412158,0.0,0.0,0.0,True
0.1,FlatUnload_2D_DPC_E50Nu015_CapS010,Unload,137,0.171250864863396,0.421250868588686,0.00159651273861527,0.0,149.999506269343,149.77654814720154,150.21836757659912,0.0,0.0005684045609086752,0.0,0.0,0.0,True
0.1,FlatUnload_2D_DPC_E50Nu015_CapS010,Unload,138,0.17250083386898,0.422500837594271,0.00164142320863903,0.0,149.999531089859,149.83297884464264,150.16378462314606,0.0,0.0009086824332674345,0.0,0.0,0.0,True
0.1,FlatUnload_2D_DPC_E50Nu015_CapS010,Unload,139,0.173750802874565,0.423750806599855,0.00168320629745722,0.0,149.999478249811,149.85540509223938,150.1404196023941,0.0,0.0002859859960153699,0.0,0.0,0.0,True
0.1,FlatUnload_2D_DPC_E50Nu015_CapS010,Unload,140,0.17500077188015,0.42500077560544,0.00173411692958325,-0.000129760403069668,149.999483233541,149.86081421375275,150.13249218463898,0.0,0.00031811371445655823,0.0,0.0,0.0,True
0.1,FlatUnload_2D_DPC_E50Nu015_CapS010,Unload,141,0.176250740885735,0.426250744611025,0.001768778427504,-4.78601723443717e-05,149.999533738548,149.90822970867157,150.08841454982758,0.0,0.0007014619962622722,0.0,0.0,0.0,True
0.1,FlatUnload_2D_DPC_E50Nu015_CapS010,Unload,142,0.177500709891319,0.42750071361661,0.00180051673669368,0.0,149.999589804552,149.9754935503006,150.02408623695374,0.000183165917405859,0.0013684667646884918,0.0,0.0,0.0,True
0.1,FlatUnload_2D_DPC_E50Nu015_CapS010,Unload,143,0.178750678896904,0.428750682622194,0.00182941812090576,0.0,149.999471582388,149.95375275611877,150.03930032253265,0.0,0.00029445121375223,0.0,0.0,0.0,True
0.1,FlatUnload_2D_DPC_E50Nu015_CapS010,Unload,144,0.180000647902489,0.430000651627779,0.00185557454824448,0.0,149.99947207114,149.94782209396362,150.0444859266281,0.0,0.0003162887490664919,0.0,0.0,0.0,True
0.1,FlatUnload_2D_DPC_E50Nu015_CapS010,Unload,145,0.181250616908073,0.431250620633364,0.00187908415682614,-2.78941092801688e-06,149.999507752917,149.9437689781189,150.05441009998322,0.0,0.0003693695568169157,0.0,0.0,0.0,True
0.1,FlatUnload_2D_DPC_E50Nu015_CapS010,Unload,146,0.182500585913658,0.432500589638948,0.00190005183685571,0.0,149.999528555661,149.94747936725616,150.0529944896698,0.0,0.000896204262971878,0.0,0.0,0.0,True
0.1,FlatUnload_2D_DPC_E50Nu015_CapS010,Unload,147,0.183750554919243,0.433750558644533,0.00191858853213489,0.0,149.999536931792,149.92539584636688,150.07629990577698,0.0,0.00039597065187990665,0.0,0.0,0.0,True
0.1,FlatUnload_2D_DPC_E50Nu015_CapS010,Unload,148,0.185000523924828,0.435000527650118,0.00193481182213873,0.0,149.999508596687,149.91840720176697,150.08236467838287,0.000337722594849765,0.0003596650203689933,0.0,0.0,0.0,True
0.1,FlatUnload_2D_DPC_E50Nu015_CapS010,Unload,149,0.186250492930412,0.436250496655703,0.00195305375382304,0.0,149.999480158637,149.94587004184723,150.05521476268768,0.0,0.0002978078361290197,0.0,0.0,0.0,True
0.1,FlatUnload_2D_DPC_E50Nu015_CapS010,Unload,150,0.187500461935997,0.437500465661287,0.00196437607519329,-3.31291744259943e-06,149.999505601639,149.92313086986542,150.07531642913818,0.00043189010466449,0.0003219926341747244,0.0,0.0,0.0,True
0.1,FlatUnload_2D_DPC_E50Nu015_CapS010,Unload,151,0.188750430941582,0.438750434666872,0.00197382573969662,0.0,149.99952079913,149.9241590499878,150.07546544075012,0.0,0.0004346457232410709,0.0,0.0,0.0,True
0.1,FlatUnload_2D_DPC_E50Nu015_CapS010,Unload,152,0.190000399947166,0.440000403672457,0.0019815496634692,0.0,149.999513535198,149.9667912721634,150.0338613986969,0.0,0.0007056415391465028,0.0,0.0,0.0,True
0.1,FlatUnload_2D_DPC_E50Nu015_CapS010,Unload,153,0.191250368952751,0.441250372678041,0.00198770267888904,0.0,149.999498113536,149.92086589336395,150.07713437080383,0.0,0.0003479347409059604,0.0,0.0,0.0,True
0.1,FlatUnload_2D_DPC_E50Nu015_CapS010,Unload,154,0.192500337958336,0.442500341683626,0.00199244590476155,0.0,149.999511566721,149.88180994987488,150.11443197727203,0.0,0.00041182773808638257,0.0,0.0,0.0,True
0.1,FlatUnload_2D_DPC_E50Nu015_CapS010,Unload,155,0.193750306963921,0.443750310689211,0.00199594791047275,0.0,149.999524057797,149.8849093914032,150.11076629161835,0.0,0.000982079499711593,0.0,0.0,0.0,True
0.1,FlatUnload_2D_DPC_E50Nu015_CapS010,Unload,156,0.195000275969505,0.445000279694796,0.00199838448315859,0.0,149.999534274444,149.8938351869583,150.10936558246613,0.0,0.0005373012196893493,0.0,0.0,0.0,True
0.1,FlatUnload_2D_DPC_E50Nu015_CapS010,Unload,157,0.19625024497509,0.44625024870038,0.00200029346160591,0.0,149.999495311871,149.87443387508392,150.1264125108719,0.0,0.0003100805721866588,0.0,0.0,0.0,True
0.1,FlatUnload_2D_DPC_E50Nu015_CapS010,Unload,158,0.197500213980675,0.447500217705965,0.00200097053311765,0.0,149.999463584366,149.8427391052246,150.15101432800293,0.000119378033559769,0.00030265779544909793,0.0,0.0,0.0,True
0.1,FlatUnload_2D_DPC_E50Nu015_CapS010,Unload,159,0.198750182986259,0.44875018671155,0.00200122292153537,0.0,149.999529092519,149.81280267238617,150.17889440059662,0.0,0.0003021693361612658,0.0,0.0,0.0,True
0.1,FlatUnload_2D_DPC_E50Nu015_CapS010,Unload,160,0.200000002980232,0.450000006705523,0.00200125924311578,0.0,149.999533041981,149.81599152088165,150.17737448215485,0.0,0.000903997803106904,0.0,0.0,0.0,True
0.1,FlatUnload_2D_DPC_E50Nu015_CapS010,Free_Settle,0,0.0,0.450000006705523,0.00200125924311578,0.0,149.999533041981,149.81599152088165,150.17737448215485,0.0,0.000903997803106904,0.0,0.0,0.0,True
0.1,FlatUnload_2D_DPC_E50Nu015_CapS010,Free_Settle,1,0.000625750573817641,0.45062575727934,0.00200125924311578,0.0,149.999528311285,149.81316030025482,150.18025040626526,0.0,0.0004639892528454463,0.0,0.0,0.0,True
0.1,FlatUnload_2D_DPC_E50Nu015_CapS010,Free_Settle,2,0.0012505145277828,0.451250521233305,0.00200125947594643,0.0,149.99950479058,149.82488751411438,150.16929805278778,0.0,0.0005633438316484293,0.0,0.0,0.0,True
0.1,FlatUnload_2D_DPC_E50Nu015_CapS010,Free_Settle,3,0.00187528715468943,0.451875293860212,0.00200125947594643,0.0,149.999512211335,149.8415470123291,150.1525342464447,0.0,0.00037289112030218047,0.0,0.0,0.0,True
0.1,FlatUnload_2D_DPC_E50Nu015_CapS010,Free_Settle,4,0.00250000995583832,0.452500016661361,0.00200125947594643,0.0,149.999516607216,149.85884726047516,150.1360833644867,0.0,0.000312598655000329,0.0,0.0,0.0,True
0.1,FlatUnload_2D_DPC_E50Nu015_CapS010,Free_Settle,5,0.00312572321854532,0.453125729924068,0.00200125947594643,0.0,149.999484776766,149.84650909900665,150.14700591564178,0.0,0.00031480309553444386,0.0,0.0,0.0,True
0.1,FlatUnload_2D_DPC_E50Nu015_CapS010,Free_Settle,6,0.00375043693929911,0.453750443644822,0.00200125924311578,0.0,149.999512068943,149.84366297721863,150.1493602991104,0.0,0.0003155074470366041,0.0,0.0,0.0,True
0.1,FlatUnload_2D_DPC_E50Nu015_CapS010,Free_Settle,7,0.00437525985762477,0.454375266563147,0.00200125924311578,0.0,149.999499422968,149.87075328826904,150.12840926647186,0.0,0.0003002161392942071,0.0,0.0,0.0,True
0.1,FlatUnload_2D_DPC_E50Nu015_CapS010,Free_Settle,8,0.00500011909753084,0.455000125803053,0.00200125924311578,0.0,149.999479186906,149.8924195766449,150.1052975654602,0.0,0.00031174777541309595,0.0,0.0,0.0,True
0.1,FlatUnload_2D_DPC_E50Nu015_CapS010,Free_Settle,9,0.00562597811222076,0.455625984817743,0.00200125924311578,0.0,149.999511499373,149.89961683750153,150.1000076532364,0.0,0.0003089560583854715,0.0,0.0,0.0,True
0.1,FlatUnload_2D_DPC_E50Nu015_CapS010,Free_Settle,10,0.00625083735212684,0.456250844057649,0.00200125924311578,0.0,149.999511413746,149.90434050559998,150.09817481040955,0.0,0.0002963720471598208,0.0,0.0,0.0,True
0.1,FlatUnload_2D_DPC_E50Nu015_CapS010,Free_Settle,11,0.00687569659203291,0.456875703297555,0.00200125924311578,0.0,149.999515760559,149.90992844104767,150.08750557899475,0.0,0.000520907420044144,0.0,0.0,0.0,True
0.1,FlatUnload_2D_DPC_E50Nu015_CapS010,Free_Settle,12,0.00750055583193898,0.457500562537462,0.00200125924311578,0.0,149.999525667407,149.8950719833374,150.1004993915558,0.0,0.0005803299912561973,0.0,0.0,0.0,True
0.1,FlatUnload_2D_DPC_E50Nu015_CapS010,Free_Settle,13,0.00812526978552341,0.458125276491046,0.00200125924311578,0.0,149.999538957996,149.89224076271057,150.10567009449005,0.0,0.0007311309066911539,0.0,0.0,0.0,True
0.1,FlatUnload_2D_DPC_E50Nu015_CapS010,Free_Settle,14,0.00875083729624748,0.45875084400177,0.00200125947594643,0.0,149.999531985584,149.88486468791962,150.11122822761536,0.0,0.0008339673901597658,0.0,0.0,0.0,True
0.1,FlatUnload_2D_DPC_E50Nu015_CapS010,Free_Settle,15,0.00937540549784899,0.459375412203372,0.00200125947594643,0.0,149.999505033032,149.90192651748657,150.09716153144836,0.0,0.00046036163500199717,0.0,0.0,0.0,True
0.1,FlatUnload_2D_DPC_E50Nu015_CapS010,Free_Settle,16,0.0100009730085731,0.460000979714096,0.00200125947594643,0.0,149.999497908606,149.91560578346252,150.0861495733261,0.0,0.00031733485714842874,0.0,0.0,0.0,True
0.1,FlatUnload_2D_DPC_E50Nu015_CapS010,Free_Settle,17,0.0106255412101746,0.460625547915697,0.00200125924311578,0.0,149.999486926119,149.9261111021042,150.0731110572815,0.0,0.00030993677986164886,0.0,0.0,0.0,True
0.1,FlatUnload_2D_DPC_E50Nu015_CapS010,Free_Settle,18,0.0112501094117761,0.461250116117299,0.00200125947594643,0.0,149.99950502341,149.9354988336563,150.06382763385773,0.0,0.0003138416407940288,0.0,0.0,0.0,True
0.1,FlatUnload_2D_DPC_E50Nu015_CapS010,Free_Settle,19,0.0118756769225001,0.461875683628023,0.00200125947594643,0.0,149.999525716474,149.91383254528046,150.08503198623657,0.0,0.0004588821514820059,0.0,0.0,0.0,True
0.1,FlatUnload_2D_DPC_E50Nu015_CapS010,Free_Settle,20,0.0125002451241016,0.462500251829624,0.00200125947594643,0.0,149.999526588146,149.89855885505676,150.09979903697968,0.0,0.00039926023843387765,0.0,0.0,0.0,True
0.1,FlatUnload_2D_DPC_E50Nu015_CapS010,Free_Settle,21,0.0131258126348257,0.463125819340348,0.00200125947594643,0.0,149.999525538484,149.88313615322113,150.11543035507202,0.0,0.0008488221404453119,0.0,0.0,0.0,True
0.1,FlatUnload_2D_DPC_E50Nu015_CapS010,Free_Settle,22,0.0137503808364272,0.46375038754195,0.00200125947594643,0.0,149.99951553735,149.89180862903595,150.104820728302,0.0,0.00029765209183096886,0.0,0.0,0.0,True
0.1,FlatUnload_2D_DPC_E50Nu015_CapS010,Free_Settle,23,0.0143759483471513,0.464375955052674,0.00200125970877707,0.0,149.999487494727,149.90602433681488,150.09191632270813,0.0,0.00030497803042332333,0.0,0.0,0.0,True
0.1,FlatUnload_2D_DPC_E50Nu015_CapS010,Free_Settle,24,0.0150005165487528,0.465000523254275,0.00200125970877707,0.0,149.999480478058,149.90876615047455,150.09255707263947,0.0,0.0004184596473351121,0.0,0.0,0.0,True
0.1,FlatUnload_2D_DPC_E50Nu015_CapS010,Free_Settle,25,0.0156250856816769,0.465625092387199,0.00200125970877707,0.0,149.999513008924,149.89782869815826,150.10179579257965,0.0,0.0003123338877533873,0.0,0.0,0.0,True
0.1,FlatUnload_2D_DPC_E50Nu015_CapS010,Free_Settle,26,0.0162502359598875,0.46625024266541,0.00200125970877707,0.0,149.999501198061,149.89690482616425,150.10443329811096,0.0,0.0004432841669768095,0.0,0.0,0.0,True
0.1,FlatUnload_2D_DPC_E50Nu015_CapS010,Free_Settle,27,0.0168753862380981,0.466875392943621,0.00200125970877707,0.0,149.99950888051,149.90279078483582,150.09932219982147,0.0,0.00043385169313599664,0.0,0.0,0.0,True
0.1,FlatUnload_2D_DPC_E50Nu015_CapS010,Free_Settle,28,0.0175005365163088,0.467500543221831,0.00200125970877707,0.0,149.999543654055,149.89376068115234,150.10586380958557,0.0,0.0003911930446823438,0.0,0.0,0.0,True
0.1,FlatUnload_2D_DPC_E50Nu015_CapS010,Free_Settle,29,0.0181256867945194,0.468125693500042,0.00200125970877707,0.0,149.999533770298,149.8890221118927,150.11361241340637,0.0,0.0010509226315965254,0.0,0.0,0.0,True
0.1,FlatUnload_2D_DPC_E50Nu015_CapS010,Free_Settle,30,0.0187508370727301,0.468750843778253,0.00200125947594643,0.0,149.999525566385,149.8904973268509,150.11051297187805,0.0,0.0005462045858924588,0.0,0.0,0.0,True
0.1,FlatUnload_2D_DPC_E50Nu015_CapS010,Free_Settle,31,0.0193759873509407,0.469375994056463,0.00200125947594643,0.0,149.99951369106,149.90006387233734,150.09918808937073,0.0,0.00030920247081667185,0.0,0.0,0.0,True
0.1,FlatUnload_2D_DPC_E50Nu015_CapS010,Free_Settle,32,0.0200001373887062,0.470000144094229,0.00200125947594643,0.0,149.999494602796,149.8965471982956,150.10346472263336,0.0,0.00031856765660146874,0.0,0.0,0.0,True
0.1,FlatUnload_2D_DPC_E50Nu015_CapS010,Free_Settle,33,0.0206252876669168,0.470625294372439,0.00200125947594643,0.0,149.999504739588,149.8923897743225,150.1043438911438,0.0,0.00031157064950093627,0.0,0.0,0.0,True
0.1,FlatUnload_2D_DPC_E50Nu015_CapS010,Free_Settle,34,0.0212504379451275,0.47125044465065,0.00200125947594643,0.0,149.999511395466,149.87553656101227,150.12355148792267,0.0,0.00030750606674700975,0.0,0.0,0.0,True
0.1,FlatUnload_2D_DPC_E50Nu015_CapS010,Free_Settle,35,0.0218755882233381,0.471875594928861,0.00200125947594643,0.0,149.999501504012,149.87409114837646,150.1261293888092,0.0,0.00031462940387427807,0.0,0.0,0.0,True
0.1,FlatUnload_2D_DPC_E50Nu015_CapS010,Free_Settle,36,0.0225007385015488,0.472500745207071,0.00200125947594643,0.0,149.999500394699,149.89155530929565,150.10713040828705,0.0,0.0003097415901720524,0.0,0.0,0.0,True
0.1,FlatUnload_2D_DPC_E50Nu015_CapS010,Free_Settle,37,0.0231258887797594,0.473125895485282,0.00200125947594643,0.0,149.99950306263,149.90077912807465,150.0995010137558,0.0,0.00031339415969947976,0.0,0.0,0.0,True
0.1,FlatUnload_2D_DPC_E50Nu015_CapS010,Free_Settle,38,0.0237500388175249,0.473750045523047,0.00200125947594643,0.0,149.999492413033,149.89931881427765,150.10036528110504,0.0,0.0003075521672144532,0.0,0.0,0.0,True
0.1,FlatUnload_2D_DPC_E50Nu015_CapS010,Free_Settle,39,0.0243751890957355,0.474375195801258,0.00200125947594643,0.0,149.999506275116,149.8987078666687,150.10207891464233,0.0,0.0003943210855747263,0.0,0.0,0.0,True
0.1,FlatUnload_2D_DPC_E50Nu015_CapS010,Free_Settle,40,0.0250003393739462,0.475000346079469,0.00200125947594643,0.0,149.999541441202,149.90419149398804,150.09737014770508,0.0,0.0003164900893655916,0.0,0.0,0.0,True
0.1,FlatUnload_2D_DPC_E50Nu015_CapS010,Free_Settle,41,0.0256254896521568,0.475625496357679,0.00200125924311578,0.0,149.999543377929,149.92281794548035,150.07728338241577,0.0,0.0005977027661477526,0.0,0.0,0.0,True
0.1,FlatUnload_2D_DPC_E50Nu015_CapS010,Free_Settle,42,0.0262506399303675,0.47625064663589,0.00200125924311578,0.0,149.999531861472,149.92493391036987,150.07051825523376,0.0,0.0006362906036277612,0.0,0.0,0.0,True
0.1,FlatUnload_2D_DPC_E50Nu015_CapS010,Free_Settle,43,0.0268757902085781,0.476875796914101,0.00200125924311578,0.0,149.9995216429,149.9280035495758,150.0682532787323,0.0,0.00030575952647874754,0.0,0.0,0.0,True
0.1,FlatUnload_2D_DPC_E50Nu015_CapS010,Free_Settle,44,0.0275009404867887,0.477500947192311,0.00200125947594643,0.0,149.999518908583,149.93739128112793,150.06276965141296,0.0,0.0003145154332742095,0.0,0.0,0.0,True
0.1,FlatUnload_2D_DPC_E50Nu015_CapS010,Free_Settle,45,0.0281250905245543,0.478125097230077,0.00200125947594643,0.0,149.999487955577,149.9297320842743,150.07175505161285,0.0,0.00031731673516333103,0.0,0.0,0.0,True
0.1,FlatUnload_2D_DPC_E50Nu015_CapS010,Free_Settle,46,0.0287502408027649,0.478750247508287,0.00200125947594643,0.0,149.999487994062,149.92842078208923,150.06883442401886,0.0,0.0003076371892044942,0.0,0.0,0.0,True
0.1,FlatUnload_2D_DPC_E50Nu015_CapS010,Free_Settle,47,0.0293753910809755,0.479375397786498,0.00200125947594643,0.0,149.999502240988,149.93683993816376,150.06345510482788,0.0,0.0003187589851828913,0.0,0.0,0.0,True
0.1,FlatUnload_2D_DPC_E50Nu015_CapS010,Free_Settle,48,0.0300005413591862,0.480000548064709,0.00200125947594643,0.0,149.9994985715,149.94129538536072,150.05932748317719,0.0,0.00034617578300337,0.0,0.0,0.0,True
0.1,FlatUnload_2D_DPC_E50Nu015_CapS010,Free_Settle,49,0.0306256916373968,0.480625698342919,0.00200125947594643,0.0,149.999537409961,149.932861328125,150.06765723228455,0.0,0.00031517828271413845,0.0,0.0,0.0,True
0.1,FlatUnload_2D_DPC_E50Nu015_CapS010,Free_Settle,50,0.0312508419156075,0.48125084862113,0.00200125947594643,0.0,149.999527827344,149.9364823102951,150.06425976753235,0.0,0.0006051543168723583,0.0,0.0,0.0,True
0.1,FlatUnload_2D_DPC_E50Nu015_CapS010,Free_Settle,51,0.0318758264183998,0.481875833123922,0.00200125947594643,0.0,149.999509911892,149.95639026165009,150.043785572052,0.0,0.0005381515560050806,0.0,0.0,0.0,True
0.1,FlatUnload_2D_DPC_E50Nu015_CapS010,Free_Settle,52,0.0325008109211922,0.482500817626715,0.00200125947594643,0.0,149.999516971856,149.95945990085602,150.04245936870575,0.0,0.0003126106069733699,0.0,0.0,0.0,True
0.1,FlatUnload_2D_DPC_E50Nu015_CapS010,Free_Settle,53,0.0331257954239845,0.483125802129507,0.00200125947594643,0.0,149.999487909396,149.94624257087708,150.0517725944519,0.0,0.00030711413516352576,0.0,0.0,0.0,True
0.1,FlatUnload_2D_DPC_E50Nu015_CapS010,Free_Settle,54,0.0337507799267769,0.483750786632299,0.00200125947594643,0.0,149.99948769677,149.92845058441162,150.06761252880096,0.0,0.0003088824062918623,0.0,0.0,0.0,True
0.1,FlatUnload_2D_DPC_E50Nu015_CapS010,Free_Settle,55,0.0343757644295692,0.484375771135092,0.00200125947594643,0.0,149.99952503049,149.92454648017883,150.07159113883972,0.0,0.0003090393147431314,0.0,0.0,0.0,True
0.1,FlatUnload_2D_DPC_E50Nu015_CapS010,Free_Settle,56,0.0350007489323616,0.485000755637884,0.00200125947594643,0.0,149.999537532149,149.91961419582367,150.07485449314117,0.0,0.0005663146342461308,0.0,0.0,0.0,True
0.1,FlatUnload_2D_DPC_E50Nu015_CapS010,Free_Settle,57,0.035625733435154,0.485625740140676,0.00200125947594643,0.0,149.999523212102,149.91988241672516,150.07497370243073,0.0,0.0006917410064488649,0.0,0.0,0.0,True
0.1,FlatUnload_2D_DPC_E50Nu015_CapS010,Free_Settle,58,0.0362507179379463,0.486250724643469,0.00200125947594643,0.0,149.999523952927,149.9183475971222,150.07585287094116,0.0,0.0003085613716393709,0.0,0.0,0.0,True
0.1,FlatUnload_2D_DPC_E50Nu015_CapS010,Free_Settle,59,0.0368757024407387,0.486875709146261,0.00200125970877707,0.0,149.999519517599,149.9139815568924,150.08039772510529,0.0,0.0005707453237846494,0.0,0.0,0.0,True
0.1,FlatUnload_2D_DPC_E50Nu015_CapS010,Free_Settle,60,0.037500686943531,0.487500693649054,0.00200125970877707,0.0,149.99950521487,149.90238845348358,150.09258687496185,0.0,0.0004257783681775133,0.0,0.0,0.0,True
0.1,FlatUnload_2D_DPC_E50Nu015_CapS010,Free_Settle,61,0.0381256714463234,0.488125678151846,0.00200125947594643,0.0,149.999501968711,149.9011218547821,150.09590983390808,0.0,0.00031083542853593826,0.0,0.0,0.0,True
0.1,FlatUnload_2D_DPC_E50Nu015_CapS010,Free_Settle,62,0.0387506559491158,0.488750662654638,0.00200125947594643,0.0,149.999499535534,149.89671111106873,150.10274946689606,0.0,0.0003096885435904066,0.0,0.0,0.0,True
0.1,FlatUnload_2D_DPC_E50Nu015_CapS010,Free_Settle,63,0.0393756404519081,0.489375647157431,0.00200125947594643,0.0,149.999505009941,149.89234507083893,150.10863542556763,0.0,0.0003121997384975354,0.0,0.0,0.0,True
0.1,FlatUnload_2D_DPC_E50Nu015_CapS010,Free_Settle,64,0.0400006249547005,0.490000631660223,0.00200125947594643,0.0,149.999510073526,149.88486468791962,150.11583268642426,0.0,0.0003075357526540756,0.0,0.0,0.0,True
0.1,FlatUnload_2D_DPC_E50Nu015_CapS010,Free_Settle,65,0.0406256094574928,0.490625616163015,0.00200125947594643,0.0,149.999513746863,149.87139403820038,150.12134611606598,0.0,0.0003111963742412627,0.0,0.0,0.0,True
0.1,FlatUnload_2D_DPC_E50Nu015_CapS010,Free_Settle,66,0.0412505939602852,0.491250600665808,0.00200125947594643,0.0,149.999505651668,149.864062666893,150.12861788272858,0.0,0.000313842863154908,0.0,0.0,0.0,True
0.1,FlatUnload_2D_DPC_E50Nu015_CapS010,Free_Settle,67,0.0418755784630775,0.4918755851686,0.00200125947594643,0.0,149.99950975603,149.8500555753708,150.14450252056122,0.0,0.00030795764178037643,0.0,0.0,0.0,True
0.1,FlatUnload_2D_DPC_E50Nu015_CapS010,Free_Settle,68,0.0425005629658699,0.492500569671392,0.00200125947594643,0.0,149.999523762429,149.8391330242157,150.1547247171402,0.0,0.00031636438022057217,0.0,0.0,0.0,True
0.1,FlatUnload_2D_DPC_E50Nu015_CapS010,Free_Settle,69,0.0431255474686623,0.493125554174185,0.00200125970877707,0.0,149.999510743155,149.83528852462769,150.15922486782074,0.0,0.0005749436095356941,0.0,0.0,0.0,True
0.1,FlatUnload_2D_DPC_E50Nu015_CapS010,Free_Settle,70,0.0437505319714546,0.493750538676977,0.00200125970877707,0.0,149.99953948427,149.85086023807526,150.1445174217224,0.0,0.0006433435094853243,0.0,0.0,0.0,True
0.1,FlatUnload_2D_DPC_E50Nu015_CapS010,Free_Settle,71,0.044375516474247,0.49437552317977,0.00200125970877707,0.0,149.999553973648,149.86620843410492,150.12814104557037,0.0,0.000505490965830783,0.0,0.0,0.0,True
0.1,FlatUnload_2D_DPC_E50Nu015_CapS010,Free_Settle,72,0.0450005009770393,0.495000507682562,0.00200125970877707,0.0,149.999510957705,149.86848831176758,150.1261591911316,0.0,0.0005733881456156572,0.0,0.0,0.0,True
0.1,FlatUnload_2D_DPC_E50Nu015_CapS010,Free_Settle,73,0.0456254854798317,0.495625492185354,0.00200125970877707,0.0,149.999500087786,149.87456798553467,150.12004971504211,0.0,0.0003153360642803212,0.0,0.0,0.0,True
0.1,FlatUnload_2D_DPC_E50Nu015_CapS010,Free_Settle,74,0.0462504699826241,0.496250476688147,0.00200125970877707,0.0,149.999491527892,149.87391233444214,150.12198686599731,0.0,0.0003084100705261032,0.0,0.0,0.0,True
0.1,FlatUnload_2D_DPC_E50Nu015_CapS010,Free_Settle,75,0.0468754544854164,0.496875461190939,0.00200125970877707,0.0,149.999478148789,149.8812586069107,150.11849999427795,0.0,0.0003145565666879217,0.0,0.0,0.0,True
0.1,FlatUnload_2D_DPC_E50Nu015_CapS010,Free_Settle,76,0.0475004389882088,0.497500445693731,0.00200125970877707,0.0,149.999496051734,149.88885819911957,150.11203289031982,0.0,0.0003080550814047456,0.0,0.0,0.0,True
0.1,FlatUnload_2D_DPC_E50Nu015_CapS010,Free_Settle,77,0.0481254234910011,0.498125430196524,0.00200125947594643,0.0,149.999516115578,149.89213645458221,150.10419487953186,0.0,0.00031305692391470075,0.0,0.0,0.0,True
0.1,FlatUnload_2D_DPC_E50Nu015_CapS010,Free_Settle,78,0.0487504079937935,0.498750414699316,0.00200125947594643,0.0,149.999520412361,149.89522099494934,150.10236203670502,0.0,0.0005359781207516789,0.0,0.0,0.0,True
0.1,FlatUnload_2D_DPC_E50Nu015_CapS010,Free_Settle,79,0.0493753924965858,0.499375399202108,0.00200125947594643,0.0,149.999531103329,149.89888668060303,150.09763836860657,0.0,0.0003088037483394146,0.0,0.0,0.0,True
0.1,FlatUnload_2D_DPC_E50Nu015_CapS010,Free_Settle,80,0.0500003769993782,0.500000383704901,0.00200125947594643,0.0,149.999527618566,149.8841941356659,150.11076629161835,0.0,0.0004074348059172432,0.0,0.0,0.0,True
0.1,FlatUnload_2D_DPC_E50Nu015_CapS010,Free_Settle,81,0.0506253615021706,0.500625368207693,0.00200125947594643,0.0,149.999502318919,149.86610412597656,150.1278579235077,0.0,0.00032062844062844914,0.0,0.0,0.0,True
0.1,FlatUnload_2D_DPC_E50Nu015_CapS010,Free_Settle,82,0.0512503460049629,0.501250352710485,0.00200125947594643,0.0,149.999509192233,149.86340701580048,150.13103187084198,0.0,0.0003116512671113014,0.0,0.0,0.0,True
0.1,FlatUnload_2D_DPC_E50Nu015_CapS010,Free_Settle,83,0.0518753305077553,0.501875337213278,0.00200125947594643,0.0,149.999506161587,149.8550921678543,150.1396894454956,0.0,0.00031037896405905485,0.0,0.0,0.0,True
0.1,FlatUnload_2D_DPC_E50Nu015_CapS010,Free_Settle,84,0.0525003150105476,0.50250032171607,0.00200125947594643,0.0,149.999495772722,149.85622465610504,150.1387059688568,0.0,0.00031122743772963685,0.0,0.0,0.0,True
0.1,FlatUnload_2D_DPC_E50Nu015_CapS010,Free_Settle,85,0.05312529951334,0.503125306218863,0.00200125970877707,0.0,149.999522051797,149.8677134513855,150.12753009796143,0.0,0.0003125437069684267,0.0,0.0,0.0,True
0.1,FlatUnload_2D_DPC_E50Nu015_CapS010,Free_Settle,86,0.0537502840161324,0.503750290721655,0.00200125970877707,0.0,149.999538514463,149.8812735080719,150.11776983737946,0.0,0.0006996577916045984,0.0,0.0,0.0,True
0.1,FlatUnload_2D_DPC_E50Nu015_CapS010,Free_Settle,87,0.0543752685189247,0.504375275224447,0.00200125970877707,0.0,149.99952456098,149.85251426696777,150.1418650150299,0.0,0.0003114657398934166,0.0,0.0,0.0,True
0.1,FlatUnload_2D_DPC_E50Nu015_CapS010,Free_Settle,88,0.0550002530217171,0.50500025972724,0.00200125970877707,0.0,149.999498990018,149.82202649116516,150.17195045948029,0.0,0.0003068124254544576,0.0,0.0,0.0,True
0.1,FlatUnload_2D_DPC_E50Nu015_CapS010,Free_Settle,89,0.0556252375245094,0.505625244230032,0.00200125970877707,0.0,149.99950531974,149.81096982955933,150.1874327659607,0.0,0.0003118669264949858,0.0,0.0,0.0,True
0.1,FlatUnload_2D_DPC_E50Nu015_CapS010,Free_Settle,90,0.0562502220273018,0.506250228732824,0.00200125970877707,0.0,149.99950066409,149.81059730052948,150.1879245042801,0.0,0.00030859447239587706,0.0,0.0,0.0,True
0.1,FlatUnload_2D_DPC_E50Nu015_CapS010,Free_Settle,91,0.0568752065300941,0.506875213235617,0.00200125970877707,0.0,149.99949764595,149.80842173099518,150.18996596336365,0.0,0.0003233848644110064,0.0,0.0,0.0,True
0.1,FlatUnload_2D_DPC_E50Nu015_CapS010,Free_Settle,92,0.0575001910328865,0.507500197738409,0.00200125970877707,0.0,149.999519209724,149.81739223003387,150.1821130514145,0.0,0.00031118339393287897,0.0,0.0,0.0,True
0.1,FlatUnload_2D_DPC_E50Nu015_CapS010,Free_Settle,93,0.0581251755356789,0.508125182241201,0.00200125970877707,0.0,149.999508488931,149.83220398426056,150.16601979732513,0.0,0.0005223674234002829,0.0,0.0,0.0,True
0.1,FlatUnload_2D_DPC_E50Nu015_CapS010,Free_Settle,94,0.0587501600384712,0.508750166743994,0.00200125970877707,0.0,149.999511567683,149.82685446739197,150.1673012971878,0.0,0.0003134732833132148,0.0,0.0,0.0,True
0.1,FlatUnload_2D_DPC_E50Nu015_CapS010,Free_Settle,95,0.0593751445412636,0.509375151246786,0.00200125970877707,0.0,149.999518768115,149.81487393379211,150.17902851104736,0.0,0.0003612223469341795,0.0,0.0,0.0,True
0.1,FlatUnload_2D_DPC_E50Nu015_CapS010,Free_Settle,96,0.0600001290440559,0.510000135749578,0.00200125994160771,0.0,149.999507265127,149.80001747608185,150.19379556179047,0.0,0.00046003338259955245,0.0,0.0,0.0,True
0.1,FlatUnload_2D_DPC_E50Nu015_CapS010,Free_Settle,97,0.0606251135468483,0.510625120252371,0.00200125994160771,0.0,149.999516597595,149.81064200401306,150.18315613269806,0.0,0.0004398761860405405,0.0,0.0,0.0,True
0.1,FlatUnload_2D_DPC_E50Nu015_CapS010,Free_Settle,98,0.0612500980496407,0.511250104755163,0.00200125994160771,0.0,149.999535293318,149.82235431671143,150.17198026180267,0.0,0.0004757851517448823,0.0,0.0,0.0,True
0.1,FlatUnload_2D_DPC_E50Nu015_CapS010,Free_Settle,99,0.061875082552433,0.511875089257956,0.00200125994160771,0.0,149.999517070953,149.83084797859192,150.1682847738266,0.0,0.0006648555863648653,0.0,0.0,0.0,True
0.1,FlatUnload_2D_DPC_E50Nu015_CapS010,Free_Settle,100,0.0625000670552254,0.512500073760748,0.00200125970877707,0.0,149.999517442328,149.82260763645172,150.17861127853394,0.0,0.0005013706007351478,0.0,0.0,0.0,True
0.1,FlatUnload_2D_DPC_E50Nu015_CapS010,Free_Settle,101,0.0631250515580177,0.51312505826354,0.00200125970877707,0.0,149.999533735662,149.81147646903992,150.18820762634277,0.0,0.00031198460298279923,0.0,0.0,0.0,True
0.1,FlatUnload_2D_DPC_E50Nu015_CapS010,Free_Settle,102,0.0637500360608101,0.513750042766333,0.00200125970877707,0.0,149.999496060393,149.79852735996246,150.20085871219635,0.0,0.00030873401556164026,0.0,0.0,0.0,True
0.1,FlatUnload_2D_DPC_E50Nu015_CapS010,Free_Settle,103,0.0643750205636024,0.514375027269125,0.00200125970877707,0.0,149.999479910413,149.7848927974701,150.21559596061707,0.0,0.00030715158209204674,0.0,0.0,0.0,True
0.1,FlatUnload_2D_DPC_E50Nu015_CapS010,Free_Settle,104,0.0650000050663948,0.515000011771917,0.00200125970877707,0.0,149.999487207056,149.78618919849396,150.213822722435,0.0,0.0003108296077698469,0.0,0.0,0.0,True
0.1,FlatUnload_2D_DPC_E50Nu015_CapS010,Free_Settle,105,0.0656259879469872,0.51562599465251,0.00200125947594643,0.0,149.999490151113,149.79110658168793,150.20941197872162,0.0,0.00030748912831768394,0.0,0.0,0.0,True
0.1,FlatUnload_2D_DPC_E50Nu015_CapS010,Free_Settle,106,0.0662509724497795,0.516250979155302,0.00200125947594643,0.0,149.999514576202,149.79605376720428,150.2051204442978,0.0,0.0003719308879226446,0.0,0.0,0.0,True
0.1,FlatUnload_2D_DPC_E50Nu015_CapS010,Free_Settle,107,0.0668759569525719,0.516875963658094,0.00200125947594643,0.0,149.999530007485,149.79825913906097,150.2031534910202,0.0,0.0005378940453131994,0.0,0.0,0.0,True
0.1,FlatUnload_2D_DPC_E50Nu015_CapS010,Free_Settle,108,0.0675009414553642,0.517500948160887,0.00200125947594643,0.0,149.999532177044,149.81548488140106,150.18534660339355,0.0,0.0006601142231374979,0.0,0.0,0.0,True
0.1,FlatUnload_2D_DPC_E50Nu015_CapS010,Free_Settle,109,0.0681259259581566,0.518125932663679,0.00200125947594643,0.0,149.999523656597,149.82323348522186,150.17563104629517,0.0,0.0003824921635289987,0.0,0.0,0.0,True
0.1,FlatUnload_2D_DPC_E50Nu015_CapS010,Free_Settle,110,0.0687509104609489,0.518750917166471,0.00200125947594643,0.0,149.999514207713,149.79994297027588,150.19367635250092,0.0,0.0003123029018752277,0.0,0.0,0.0,True
0.1,FlatUnload_2D_DPC_E50Nu015_CapS010,Free_Settle,111,0.0693758949637413,0.519375901669264,0.00200125947594643,0.0,149.999505015714,149.78547394275665,150.2077877521515,0.0,0.00031323600948477787,0.0,0.0,0.0,True
0.1,FlatUnload_2D_DPC_E50Nu015_CapS010,Free_Settle,112,0.0700008794665337,0.520000886172056,0.00200125947594643,0.0,149.999500381229,149.78139102458954,150.21227300167084,0.0,0.0003165758098475635,0.0,0.0,0.0,True
0.1,FlatUnload_2D_DPC_E50Nu015_CapS010,Free_Settle,113,0.070625863969326,0.520625870674849,0.00200125947594643,0.0,149.999521790103,149.78580176830292,150.21124482154846,0.0,0.0003091020237964888,0.0,0.0,0.0,True
0.1,FlatUnload_2D_DPC_E50Nu015_CapS010,Free_Settle,114,0.0712508484721184,0.521250855177641,0.00200125947594643,0.0,149.99951059499,149.77240562438965,150.22152662277222,0.0,0.00030844088178128004,0.0,0.0,0.0,True
0.1,FlatUnload_2D_DPC_E50Nu015_CapS010,Free_Settle,115,0.0718758329749107,0.521875839680433,0.00200125947594643,0.0,149.999502672013,149.76219832897186,150.2317637205124,0.0,0.00032931418778995675,0.0,0.0,0.0,True
0.1,FlatUnload_2D_DPC_E50Nu015_CapS010,Free_Settle,116,0.0725008174777031,0.522500824183226,0.00200125947594643,0.0,149.999526977801,149.74819123744965,150.25049448013306,0.0,0.0003105372500916322,0.0,0.0,0.0,True
0.1,FlatUnload_2D_DPC_E50Nu015_CapS010,Free_Settle,117,0.0731258019804955,0.523125808686018,0.00200125947594643,0.0,149.999514775358,149.7330516576767,150.2649039030075,0.0,0.00031127710826694965,0.0,0.0,0.0,True
0.1,FlatUnload_2D_DPC_E50Nu015_CapS010,Free_Settle,118,0.0737507864832878,0.52375079318881,0.00200125947594643,0.0,149.999492999921,149.71667528152466,150.27742087841034,0.0,0.0003097753118102749,0.0,0.0,0.0,True
0.1,FlatUnload_2D_DPC_E50Nu015_CapS010,Free_Settle,119,0.0743757709860802,0.524375777691603,0.00200125947594643,0.0,149.99950302607,149.72133934497833,150.27281641960144,0.0,0.0003114090262291332,0.0,0.0,0.0,True
0.1,FlatUnload_2D_DPC_E50Nu015_CapS010,Free_Settle,120,0.0750007554888725,0.525000762194395,0.00200125947594643,0.0,149.999507778894,149.74331855773926,150.250643491745,0.0,0.0003130408974053959,0.0,0.0,0.0,True
0.1,FlatUnload_2D_DPC_E50Nu015_CapS010,Free_Settle,121,0.0756257399916649,0.525625746697187,0.00200125947594643,0.0,149.999506434826,149.75176751613617,150.24210512638092,0.0,0.0004905917836974064,0.0,0.0,0.0,True
0.1,FlatUnload_2D_DPC_E50Nu015_CapS010,Free_Settle,122,0.0762507244944572,0.52625073119998,0.00200125947594643,0.0,149.99952740594,149.76108074188232,150.23255348205566,0.0,0.0003756817119816939,0.0,0.0,0.0,True
0.1,FlatUnload_2D_DPC_E50Nu015_CapS010,Free_Settle,123,0.0768757089972496,0.526875715702772,0.00200125947594643,0.0,149.999517562591,149.7584730386734,150.23525059223175,0.0,0.00040981522761285305,0.0,0.0,0.0,True
0.1,FlatUnload_2D_DPC_E50Nu015_CapS010,Free_Settle,124,0.077500693500042,0.527500700205564,0.00200125947594643,0.0,149.999507296877,149.75003898143768,150.24322271347046,0.0,0.00036720170949896175,0.0,0.0,0.0,True
0.1,FlatUnload_2D_DPC_E50Nu015_CapS010,Free_Settle,125,0.0781256780028343,0.528125684708357,0.00200125947594643,0.0,149.999519987109,149.75136518478394,150.2417027950287,0.0,0.0003107851759220163,0.0,0.0,0.0,True
0.1,FlatUnload_2D_DPC_E50Nu015_CapS010,Free_Settle,126,0.0787506625056267,0.528750669211149,0.00200125947594643,0.0,149.999507295914,149.74769949913025,150.2460539340973,0.0,0.00042908382602036,0.0,0.0,0.0,True
0.1,FlatUnload_2D_DPC_E50Nu015_CapS010,Free_Settle,127,0.079375647008419,0.529375653713942,0.00200125947594643,0.0,149.999517811778,149.7631072998047,150.23067593574524,0.0,0.0004391275191058715,0.0,0.0,0.0,True
0.1,FlatUnload_2D_DPC_E50Nu015_CapS010,Free_Settle,128,0.0800006315112114,0.530000638216734,0.00200125947594643,0.0,149.999535434749,149.78060126304626,150.21386742591858,0.0,0.0005381550484647354,0.0,0.0,0.0,True
0.1,FlatUnload_2D_DPC_E50Nu015_CapS010,Free_Settle,129,0.0806256160140038,0.530625622719526,0.00200125947594643,0.0,149.999513577531,149.78332817554474,150.21176636219025,0.0,0.0005296456317106882,0.0,0.0,0.0,True
0.1,FlatUnload_2D_DPC_E50Nu015_CapS010,Free_Settle,130,0.0812506005167961,0.531250607222319,0.00200125947594643,0.0,149.999495679397,149.77703988552094,150.217667222023,0.0,0.00030830261918405694,0.0,0.0,0.0,True
0.1,FlatUnload_2D_DPC_E50Nu015_CapS010,Free_Settle,131,0.0818755850195885,0.531875591725111,0.00200125947594643,0.0,149.99949911413,149.77404475212097,150.22610127925873,0.0,0.0003073199186474085,0.0,0.0,0.0,True
0.1,FlatUnload_2D_DPC_E50Nu015_CapS010,Free_Settle,132,0.0825005695223808,0.532500576227903,0.00200125947594643,0.0,149.999498090445,149.76179599761963,150.23785829544067,0.0,0.00031167544269313413,0.0,0.0,0.0,True
0.1,FlatUnload_2D_DPC_E50Nu015_CapS010,Free_Settle,133,0.0831255540251732,0.533125560730696,0.00200125947594643,0.0,149.999484441951,149.75078403949738,150.2436101436615,0.0,0.0003069988063847025,0.0,0.0,0.0,True
0.1,FlatUnload_2D_DPC_E50Nu015_CapS010,Free_Settle,134,0.0837505385279655,0.533750545233488,0.00200125947594643,0.0,149.999502529621,149.74187314510345,150.2513885498047,0.0,0.00030976828808585805,0.0,0.0,0.0,True
0.1,FlatUnload_2D_DPC_E50Nu015_CapS010,Free_Settle,135,0.0843755230307579,0.53437552973628,0.00200125947594643,0.0,149.999522775304,149.7349739074707,150.25842189788818,0.0,0.0003352256802221139,0.0,0.0,0.0,True
0.1,FlatUnload_2D_DPC_E50Nu015_CapS010,Free_Settle,136,0.0850005075335503,0.535000514239073,0.00200125947594643,0.0,149.999527048997,149.71791207790375,150.27759969234467,0.0,0.0006309961900115013,0.0,0.0,0.0,True
0.1,FlatUnload_2D_DPC_E50Nu015_CapS010,Free_Settle,137,0.0856254920363426,0.535625498741865,0.00200125947594643,0.0,149.999537356082,149.70947802066803,150.28643608093262,0.0,0.0007169515981028477,0.0,0.0,0.0,True
0.1,FlatUnload_2D_DPC_E50Nu015_CapS010,Free_Settle,138,0.086250476539135,0.536250483244658,0.00200125947594643,0.0,149.999531571876,149.7005969285965,150.29475092887878,0.0,0.0005228763911873102,0.0,0.0,0.0,True
0.1,FlatUnload_2D_DPC_E50Nu015_CapS010,Free_Settle,139,0.0868754610419273,0.53687546774745,0.00200125970877707,0.0,149.999513411086,149.68891441822052,150.30457079410553,0.0,0.00039800764837612707,0.0,0.0,0.0,True
0.1,FlatUnload_2D_DPC_E50Nu015_CapS010,Free_Settle,140,0.0875004455447197,0.537500452250242,0.00200125970877707,0.0,149.999503488845,149.68328177928925,150.31009912490845,0.0,0.0003114829305559397,0.0,0.0,0.0,True
0.1,FlatUnload_2D_DPC_E50Nu015_CapS010,Free_Settle,141,0.0881254300475121,0.538125436753035,0.00200125970877707,0.0,149.999502841345,149.67010915279388,150.32264590263367,0.0,0.00030929152853786945,0.0,0.0,0.0,True
0.1,FlatUnload_2D_DPC_E50Nu015_CapS010,Free_Settle,142,0.0887504145503044,0.538750421255827,0.00200125970877707,0.0,149.999497198569,149.67697858810425,150.31659603118896,0.0,0.00033513658369580906,0.0,0.0,0.0,True
0.1,FlatUnload_2D_DPC_E50Nu015_CapS010,Free_Settle,143,0.0893753990530968,0.539375405758619,0.00200125970877707,0.0,149.9995208405,149.68211948871613,150.3114402294159,0.0,0.0003186434429759781,0.0,0.0,0.0,True
0.1,FlatUnload_2D_DPC_E50Nu015_CapS010,Free_Settle,144,0.0900003835558891,0.540000390261412,0.00200125970877707,0.0,149.999521229193,149.67520534992218,150.31826496124268,0.0,0.00031182996463030577,0.0,0.0,0.0,True
0.1,FlatUnload_2D_DPC_E50Nu015_CapS010,Free_Settle,145,0.0906253680586815,0.540625374764204,0.00200125970877707,0.0,149.999492132097,149.65671300888062,150.33678710460663,0.0,0.00030735247613241273,0.0,0.0,0.0,True
0.1,FlatUnload_2D_DPC_E50Nu015_CapS010,Free_Settle,146,0.0912503525614738,0.541250359266996,0.00200125970877707,0.0,149.999510179358,149.65416491031647,150.338813662529,0.0,0.0003119978937320411,0.0,0.0,0.0,True
0.1,FlatUnload_2D_DPC_E50Nu015_CapS010,Free_Settle,147,0.0918753370642662,0.541875343769789,0.00200125970877707,0.0,149.999515193876,149.65541660785675,150.33766627311707,0.0,0.0003115218714810908,0.0,0.0,0.0,True
0.1,FlatUnload_2D_DPC_E50Nu015_CapS010,Free_Settle,148,0.0925003215670586,0.542500328272581,0.00200125970877707,0.0,149.999504082467,149.65882897377014,150.33447742462158,0.0,0.0003107940622915824,0.0,0.0,0.0,True
0.1,FlatUnload_2D_DPC_E50Nu015_CapS010,Free_Settle,149,0.0931253060698509,0.543125312775373,0.00200125970877707,0.0,149.999517973412,149.6758610010147,150.31757950782776,0.0,0.0003139185719192028,0.0,0.0,0.0,True
0.1,FlatUnload_2D_DPC_E50Nu015_CapS010,Free_Settle,150,0.0937502905726433,0.543750297278166,0.00200125970877707,0.0,149.999520143933,149.68934655189514,150.30384063720703,0.0,0.0003097359634314974,0.0,0.0,0.0,True
0.1,FlatUnload_2D_DPC_E50Nu015_CapS010,Free_Settle,151,0.0943752750754356,0.544375281780958,0.00200125947594643,0.0,149.999515482509,149.68682825565338,150.30592679977417,0.0,0.0004346615169197321,0.0,0.0,0.0,True
0.1,FlatUnload_2D_DPC_E50Nu015_CapS010,Free_Settle,152,0.095000259578228,0.545000266283751,0.00200125947594643,0.0,149.999518372688,149.6935486793518,150.29971301555634,0.0,0.00037811331761380035,0.0,0.0,0.0,True
0.1,FlatUnload_2D_DPC_E50Nu015_CapS010,Free_Settle,153,0.0956252440810204,0.545625250786543,0.00200125947594643,0.0,149.999513000265,149.69438314437866,150.29914677143097,0.0,0.0003119486306483547,0.0,0.0,0.0,True
0.1,FlatUnload_2D_DPC_E50Nu015_CapS010,Free_Settle,154,0.0962502285838127,0.546250235289335,0.00200125947594643,0.0,149.999506548355,149.69035983085632,150.3029316663742,0.0,0.00031115896611784893,0.0,0.0,0.0,True
0.1,FlatUnload_2D_DPC_E50Nu015_CapS010,Free_Settle,155,0.0968752130866051,0.546875219792128,0.00200125947594643,0.0,149.999511889028,149.69292283058167,150.30056238174438,0.0,0.00031120496957252425,0.0,0.0,0.0,True
0.1,FlatUnload_2D_DPC_E50Nu015_CapS010,Free_Settle,156,0.0975001975893974,0.54750020429492,0.00200125947594643,0.0,149.999512922334,149.6894806623459,150.30469000339508,0.0,0.0003118482418358326,0.0,0.0,0.0,True
0.1,FlatUnload_2D_DPC_E50Nu015_CapS010,Free_Settle,157,0.0981251820921898,0.548125188797712,0.00200125947594643,0.0,149.999509942679,149.69268441200256,150.30275285243988,0.0,0.0003081813920289278,0.0,0.0,0.0,True
0.1,FlatUnload_2D_DPC_E50Nu015_CapS010,Free_Settle,158,0.0987501665949821,0.548750173300505,0.00200125947594643,0.0,149.999520902075,149.68708157539368,150.30868351459503,0.0,0.0004216035983214776,0.0,0.0,0.0,True
0.1,FlatUnload_2D_DPC_E50Nu015_CapS010,Free_Settle,159,0.0993751510977745,0.549375157803297,0.00200125924311578,0.0,149.999514778245,149.67766404151917,150.3177434206009,0.0,0.00030862299414972466,0.0,0.0,0.0,True
0.1,FlatUnload_2D_DPC_E50Nu015_CapS010,Free_Settle,160,0.100000001490116,0.550000008195639,0.00200125947594643,0.0,149.99948735041,149.67083930969238,150.32710134983063,0.0,0.0003103584749624133,0.0,0.0,0.0,True
