step,history_region,time_s,rf2_N,rolling_force_N,u2_mm,rm3_Nmm,ur3_rad,vr3_rad_per_s
Bite_Clamp,Node ASSEMBLY.1,0.0,0.0,0.0,0.0,0.0,0.0,0.0
Bite_Clamp,Node ASSEMBLY.1,0.0005000000237487257,-27.986663818359375,27.986663818359375,-1.1964029766886597e-09,149.211181640625,2.660274561402942e-12,3.730698239223784e-08
Bite_Clamp,Node ASSEMBLY.1,0.0009798076935112476,-49.26091766357422,49.26091766357422,-8.977122156750283e-09,553.1845092773438,3.913884494277653e-11,1.9302549958410964e-07
Bite_Clamp,Node ASSEMBLY.1,0.0014596153050661087,-80.78169250488281,80.78169250488281,-2.9592063910399702e-08,1258.6298828125,1.923071146769928e-10,5.778701392955554e-07
Bite_Clamp,Node ASSEMBLY.1,0.0019394229166209698,-118.89443969726562,118.89443969726562,-6.921837325535307e-08,2330.658203125,5.980369532920804e-10,1.3004803349758731e-06
Bite_Clamp,Node ASSEMBLY.1,0.002419230528175831,-165.67108154296875,165.67108154296875,-1.3396076781191368e-07,3856.717529296875,1.44458145445725e-09,2.4693849809409585e-06
Bite_Clamp,Node ASSEMBLY.1,0.002899038139730692,-222.23809814453125,222.23809814453125,-2.2985184955359728e-07,5935.87451171875,2.9719593452881554e-09,4.191832886135671e-06
Bite_Clamp,Node ASSEMBLY.1,0.003378845751285553,-289.3086853027344,289.3086853027344,-3.6285237570155005e-07,8677.0625,5.471339381557527e-09,6.5737908698793035e-06
Bite_Clamp,Node ASSEMBLY.1,0.003858653362840414,-367.22015380859375,367.22015380859375,-5.38851509190863e-07,12194.935546875,9.284431001788107e-09,9.719959962239955e-06
Bite_Clamp,Node ASSEMBLY.1,0.004338460974395275,-455.9853210449219,455.9853210449219,-7.636671739419398e-07,16606.0859375,1.4802871817209962e-08,1.3733768355450593e-05
Bite_Clamp,Node ASSEMBLY.1,0.004818268585950136,-555.3706665039062,555.3706665039062,-1.0430462680233177e-06,22026.0703125,2.24676242055466e-08,1.8717382772592828e-05
Bite_Clamp,Node ASSEMBLY.1,0.005298076197504997,-664.9926147460938,664.9926147460938,-1.3826648910253425e-06,28567.2734375,3.276836935128813e-08,2.4771716198301874e-05
Bite_Clamp,Node ASSEMBLY.1,0.005777883809059858,-784.4182739257812,784.4182739257812,-1.7881288840726484e-06,36337.86328125,4.6242902840276656e-08,3.199643106199801e-05
Bite_Clamp,Node ASSEMBLY.1,0.006257691420614719,-913.2395629882812,913.2395629882812,-2.2649737729807384e-06,45441.68359375,6.347653425109456e-08,4.048992195748724e-05
Bite_Clamp,Node ASSEMBLY.1,0.0067374990321695805,-1051.1195068359375,1051.1195068359375,-2.818665279846755e-06,55978.91796875,8.510150451002119e-08,5.0349368393654004e-05
Bite_Clamp,Node ASSEMBLY.1,0.0072173066437244415,-1197.807861328125,1197.807861328125,-3.4545994367363164e-06,68046.9453125,1.1179638192970742e-07,6.167073297547176e-05
Bite_Clamp,Node ASSEMBLY.1,0.007697114255279303,-1353.1414794921875,1353.1414794921875,-4.178103154117707e-06,81741.0234375,1.4428545114242297e-07,7.454866863554344e-05
Bite_Clamp,Node ASSEMBLY.1,0.008176921866834164,-1517.0323486328125,1517.0323486328125,-4.9944337661145255e-06,97155.734375,1.833381162441583e-07,8.907660958357155e-05
Bite_Clamp,Node ASSEMBLY.1,0.008656729944050312,-1689.4417724609375,1689.4417724609375,-5.908780622121412e-06,114385.859375,2.2976846025812847e-07,0.00010534704779274762
Bite_Clamp,Node ASSEMBLY.1,0.00913653802126646,-1870.35009765625,1870.35009765625,-6.926264177309349e-06,133524.625,2.844343782726355e-07,0.00012345073628239334
Bite_Clamp,Node ASSEMBLY.1,0.009616346098482609,-2059.71875,2059.71875,-8.051936674746685e-06,154666.953125,3.4823722216970054e-07,0.0001434775476809591
Bite_Clamp,Node ASSEMBLY.1,0.010096154175698757,-2257.480712890625,2257.480712890625,-9.290783054893836e-06,177906.6875,4.2212121798002045e-07,0.0001655162632232532
Bite_Clamp,Node ASSEMBLY.1,0.010575962252914906,-2463.515625,2463.515625,-1.0647720046108589e-05,203335.953125,5.070726274425397e-07,0.00018965393246617168
Bite_Clamp,Node ASSEMBLY.1,0.011055770330131054,-2677.670654296875,2677.670654296875,-1.2127596164646093e-05,231048.3125,6.041196343176125e-07,0.00021597738668788224
Bite_Clamp,Node ASSEMBLY.1,0.011535578407347202,-2899.755615234375,2899.755615234375,-1.3735194443142973e-05,261130.546875,7.143311222534976e-07,0.0002445707214064896
Bite_Clamp,Node ASSEMBLY.1,0.01201538648456335,-3129.57568359375,3129.57568359375,-1.547523061162792e-05,293675.0625,8.388168453166145e-07,0.0002755186287686229
Bite_Clamp,Node ASSEMBLY.1,0.012495194561779499,-3366.93310546875,3366.93310546875,-1.73523530975217e-05,328766.0,9.78726461653423e-07,0.0003089036326855421
Bite_Clamp,Node ASSEMBLY.1,0.012975002638995647,-3611.646728515625,3611.646728515625,-1.9371145754121244e-05,366487.875,1.1352487945259782e-06,0.00034480690374039114
Bite_Clamp,Node ASSEMBLY.1,0.013454810716211796,-3863.56640625,3863.56640625,-2.1536125132115558e-05,406923.875,1.3096115480948356e-06,0.0003833086520899087
Bite_Clamp,Node ASSEMBLY.1,0.013934618793427944,-4122.5693359375,4122.5693359375,-2.3851742298575118e-05,450156.0625,1.5030806252980256e-06,0.0004244880110491067
Bite_Clamp,Node ASSEMBLY.1,0.014414426870644093,-4388.5576171875,4388.5576171875,-2.6322382836951874e-05,496266.78125,1.7169601278510527e-06,0.00046842408482916653
Bite_Clamp,Node ASSEMBLY.1,0.014894234947860241,-4661.44677734375,4661.44677734375,-2.895236866606865e-05,545327.875,1.9525900825101417e-06,0.000515191291924566
Bite_Clamp,Node ASSEMBLY.1,0.01537404302507639,-4941.14794921875,4941.14794921875,-3.1745956221129745e-05,597429.1875,2.2113488284958294e-06,0.000564868445508182
Bite_Clamp,Node ASSEMBLY.1,0.015853850170969963,-5227.5615234375,5227.5615234375,-3.470733281574212e-05,652633.6875,2.494648924766807e-06,0.0006175266462378204
Bite_Clamp,Node ASSEMBLY.1,0.01633365824818611,-5520.5595703125,5520.5595703125,-3.784062937484123e-05,711029.1875,2.8039396511303494e-06,0.0006732415058650076
Bite_Clamp,Node ASSEMBLY.1,0.01681346632540226,-5819.99365234375,5819.99365234375,-4.114990952075459e-05,772686.375,3.1407053029397503e-06,0.0007320861332118511
Bite_Clamp,Node ASSEMBLY.1,0.017293274402618408,-6125.66455078125,6125.66455078125,-4.46391713921912e-05,837673.0,3.506464054225944e-06,0.0007941302610561252
Bite_Clamp,Node ASSEMBLY.1,0.017773082479834557,-6437.35546875,6437.35546875,-4.831234764424153e-05,906057.375,3.90276727557648e-06,0.0008594422251917422
Bite_Clamp,Node ASSEMBLY.1,0.018252890557050705,-6754.82958984375,6754.82958984375,-5.2173316362313926e-05,977915.4375,4.331200671003899e-06,0.0009280928643420339
Bite_Clamp,Node ASSEMBLY.1,0.018732698634266853,-7077.82958984375,7077.82958984375,-5.6225886510219425e-05,1053306.625,4.793382231582655e-06,0.001000149524770677
Bite_Clamp,Node ASSEMBLY.1,0.019212506711483,-7406.1083984375,7406.1083984375,-6.047380520612933e-05,1132297.0,5.290962690196466e-06,0.0010756799019873142
Bite_Clamp,Node ASSEMBLY.1,0.01969231478869915,-7739.439453125,7739.439453125,-6.492075772257522e-05,1214943.875,5.82562370254891e-06,0.00115474802441895
Bite_Clamp,Node ASSEMBLY.1,0.0201721228659153,-8077.59765625,8077.59765625,-6.957036384847015e-05,1301306.875,6.399078301910777e-06,0.001237417571246624
Bite_Clamp,Node ASSEMBLY.1,0.020651930943131447,-8420.4287109375,8420.4287109375,-7.442619244102389e-05,1391456.25,7.013071808614768e-06,0.0013237559469416738
Bite_Clamp,Node ASSEMBLY.1,0.021131739020347595,-8767.7685546875,8767.7685546875,-7.949173595989123e-05,1485428.75,7.66937682783464e-06,0.0014138201950117946
Bite_Clamp,Node ASSEMBLY.1,0.021611547097563744,-9119.4931640625,9119.4931640625,-8.477043593302369e-05,1583293.625,8.369796887564007e-06,0.0015076725976541638
Bite_Clamp,Node ASSEMBLY.1,0.022091355174779892,-9475.4755859375,9475.4755859375,-9.026567568071187e-05,1685110.375,9.116164619626943e-06,0.001605375437065959
Bite_Clamp,Node ASSEMBLY.1,0.02257116325199604,-9835.634765625,9835.634765625,-9.59807657636702e-05,1790933.375,9.91034357866738e-06,0.00170699052978307
Bite_Clamp,Node ASSEMBLY.1,0.02305097132921219,-10199.8349609375,10199.8349609375,-0.00010191896581090987,1900791.125,1.0754220056696795e-05,0.0018125652568414807
Bite_Clamp,Node ASSEMBLY.1,0.023530779406428337,-10567.986328125,10567.986328125,-0.00010808347724378109,2014776.25,1.1649711268546525e-05,0.0019221659749746323
Bite_Clamp,Node ASSEMBLY.1,0.024010587483644485,-10939.9267578125,10939.9267578125,-0.00011447742872405797,2132916.5,1.2598761713888962e-05,0.002035845536738634
Bite_Clamp,Node ASSEMBLY.1,0.024490395560860634,-11315.51171875,11315.51171875,-0.00012110390525776893,2255272.75,1.3603343177237548e-05,0.002153661334887147
Bite_Clamp,Node ASSEMBLY.1,0.024970203638076782,-11694.5615234375,11694.5615234375,-0.00012796591909136623,2381880.75,1.4665451089967974e-05,0.002275662962347269
Bite_Clamp,Node ASSEMBLY.1,0.02545001171529293,-12076.8916015625,12076.8916015625,-0.00013506643881555647,2512784.0,1.5787103620823473e-05,0.002401897683739662
Bite_Clamp,Node ASSEMBLY.1,0.02592981979250908,-12462.3115234375,12462.3115234375,-0.00014240836026147008,2648071.25,1.6970352589851245e-05,0.002532433019950986
Bite_Clamp,Node ASSEMBLY.1,0.026409627869725227,-12850.65234375,12850.65234375,-0.0001499945210525766,2787738.25,1.821726982598193e-05,0.0026673120446503162
Bite_Clamp,Node ASSEMBLY.1,0.026889435946941376,-13241.6953125,13241.6953125,-0.00015782771515659988,2931808.25,1.9529943529050797e-05,0.002806568518280983
Bite_Clamp,Node ASSEMBLY.1,0.027369244024157524,-13635.30859375,13635.30859375,-0.00016591066378168762,3080407.5,2.091049827868119e-05,0.0029502760153263807
Bite_Clamp,Node ASSEMBLY.1,0.027849052101373672,-14031.3154296875,14031.3154296875,-0.00017424604448024184,3233500.0,2.2361076844390482e-05,0.0030984708573669195
Bite_Clamp,Node ASSEMBLY.1,0.02832886017858982,-14429.6005859375,14429.6005859375,-0.0001828364620450884,3391142.5,2.3883842004579492e-05,0.0032511979807168245
Bite_Clamp,Node ASSEMBLY.1,0.02880866825580597,-14829.9951171875,14829.9951171875,-0.0001916844630613923,3553374.25,2.5480978365521878e-05,0.0034085013903677464
Bite_Clamp,Node ASSEMBLY.1,0.029288476333022118,-15232.41796875,15232.41796875,-0.00020079256501048803,3720244.0,2.7154694180353545e-05,0.003570430912077427
Bite_Clamp,Node ASSEMBLY.1,0.029768284410238266,-15636.7255859375,15636.7255859375,-0.00021016319806221873,3891775.25,2.890721953008324e-05,0.0037370282225310802
Bite_Clamp,Node ASSEMBLY.1,0.030248092487454414,-16042.7978515625,16042.7978515625,-0.00021979874873068184,4067993.5,3.074080086662434e-05,0.003908330108970404
Bite_Clamp,Node ASSEMBLY.1,0.030727900564670563,-16450.5234375,16450.5234375,-0.0002297015453223139,4248985.5,3.265771738369949e-05,0.004084396176040173
Bite_Clamp,Node ASSEMBLY.1,0.03120770864188671,-16859.7734375,16859.7734375,-0.00023987387248780578,4434696.5,3.466025009402074e-05,0.004265244584530592
Bite_Clamp,Node ASSEMBLY.1,0.03168751671910286,-17270.390625,17270.390625,-0.0002503179421182722,4625197.0,3.675070547615178e-05,0.004450910724699497
Bite_Clamp,Node ASSEMBLY.1,0.03216732293367386,-17682.244140625,17682.244140625,-0.00026103592244908214,4820555.0,3.8931408198550344e-05,0.0046414476819336414
Bite_Clamp,Node ASSEMBLY.1,0.03264712914824486,-18095.21875,18095.21875,-0.00027202992350794375,5020789.0,4.120471203350462e-05,0.004836904350668192
Bite_Clamp,Node ASSEMBLY.1,0.03312693536281586,-18509.146484375,18509.146484375,-0.000283301982562989,5225879.5,4.357297802926041e-05,0.005037302616983652
Bite_Clamp,Node ASSEMBLY.1,0.033606741577386856,-18923.900390625,18923.900390625,-0.00029485413688234985,5435866.5,4.603858178597875e-05,0.005242673680186272
Bite_Clamp,Node ASSEMBLY.1,0.034086547791957855,-19339.369140625,19339.369140625,-0.00030668830731883645,5650848.5,4.8603935283608735e-05,0.005453080870211124
Bite_Clamp,Node ASSEMBLY.1,0.034566354006528854,-19755.400390625,19755.400390625,-0.0003188063856214285,5870671.0,5.127143595018424e-05,0.005668502300977707
Bite_Clamp,Node ASSEMBLY.1,0.035046160221099854,-20171.9453125,20171.9453125,-0.0003312102344352752,6095572.0,5.404351759352721e-05,0.0058890171349048615
Bite_Clamp,Node ASSEMBLY.1,0.03552596643567085,-20588.859375,20588.859375,-0.00034390162909403443,6325440.0,5.6922624935396016e-05,0.006114643067121506
Bite_Clamp,Node ASSEMBLY.1,0.03600577265024185,-21006.087890625,21006.087890625,-0.00035688228672370315,6560391.0,5.991123180137947e-05,0.0063454387709498405
Bite_Clamp,Node ASSEMBLY.1,0.03648557886481285,-21423.48828125,21423.48828125,-0.0003701539244502783,6800217.0,6.301178655121475e-05,0.006581352557986975
Bite_Clamp,Node ASSEMBLY.1,0.03696538507938385,-21841.052734375,21841.052734375,-0.00038371814298443496,7045335.5,6.622680666623637e-05,0.006822524126619101
Bite_Clamp,Node ASSEMBLY.1,0.03744519129395485,-22258.615234375,22258.615234375,-0.00039757651393301785,7295308.5,6.955877324799076e-05,0.0070688738487660885
Bite_Clamp,Node ASSEMBLY.1,0.03792499750852585,-22676.166015625,22676.166015625,-0.0004117306089028716,7550613.5,7.301022560568526e-05,0.00732053630053997
Bite_Clamp,Node ASSEMBLY.1,0.03840480372309685,-23093.5390625,23093.5390625,-0.0004261818539816886,7810798.0,7.658365939278156e-05,0.0075774239376187325
Bite_Clamp,Node ASSEMBLY.1,0.03888460993766785,-23510.6953125,23510.6953125,-0.0004409317043609917,8076336.5,8.028164302231744e-05,0.00783966388553381
Bite_Clamp,Node ASSEMBLY.1,0.039364416152238846,-23927.494140625,23927.494140625,-0.00045598152792081237,8346908.5,8.410672307945788e-05,0.00810722354799509
Bite_Clamp,Node ASSEMBLY.1,0.039844222366809845,-24343.857421875,24343.857421875,-0.00047133263433352113,8622596.0,8.806144614936784e-05,0.008380101062357426
Bite_Clamp,Node ASSEMBLY.1,0.040324028581380844,-24759.6640625,24759.6640625,-0.0004869863041676581,8903653.0,9.214840974891558e-05,0.008658409118652344
Bite_Clamp,Node ASSEMBLY.1,0.04080383479595184,-25174.849609375,25174.849609375,-0.0005029437597841024,9189768.0,9.637018956709653e-05,0.008942101150751114
Bite_Clamp,Node ASSEMBLY.1,0.04128364101052284,-25589.251953125,25589.251953125,-0.0005192061653360724,9481102.0,0.00010072938312077895,0.00923120602965355
Bite_Clamp,Node ASSEMBLY.1,0.04176344722509384,-26002.810546875,26002.810546875,-0.0005357746849767864,9777700.0,0.00010522859520278871,0.009525761939585209
Bite_Clamp,Node ASSEMBLY.1,0.04224325343966484,-26415.431640625,26415.431640625,-0.0005526503664441407,10079499.0,0.00010987044515786693,0.009825775399804115
Bite_Clamp,Node ASSEMBLY.1,0.04272305965423584,-26827.0234375,26827.0234375,-0.0005698342574760318,10386557.0,0.00011465755960671231,0.010131272487342358
Bite_Clamp,Node ASSEMBLY.1,0.04320286586880684,-27237.45703125,27237.45703125,-0.0005873272893950343,10698835.0,0.00011959256517002359,0.010442258790135384
Bite_Clamp,Node ASSEMBLY.1,0.04368267208337784,-27646.7421875,27646.7421875,-0.0006051303935237229,11016396.0,0.0001246781030204147,0.010758760385215282
Bite_Clamp,Node ASSEMBLY.1,0.04416247829794884,-28054.72265625,28054.72265625,-0.0006232445011846721,11339202.0,0.00012991682160645723,0.011080785654485226
Bite_Clamp,Node ASSEMBLY.1,0.044642284512519836,-28461.390625,28461.390625,-0.0006416704272851348,11667239.0,0.00013531137665268034,0.011408330872654915
Bite_Clamp,Node ASSEMBLY.1,0.045122090727090836,-28866.66796875,28866.66796875,-0.0006604089285247028,12000835.0,0.0001408644748153165,0.01174154318869114
Bite_Clamp,Node ASSEMBLY.1,0.045601896941661835,-29270.45703125,29270.45703125,-0.000679460761602968,12339097.0,0.00014657869178336114,0.01208014227449894
Bite_Clamp,Node ASSEMBLY.1,0.046081703156232834,-29672.759765625,29672.759765625,-0.0006988266250118613,12683326.0,0.00015245677786879241,0.012424467131495476
Bite_Clamp,Node ASSEMBLY.1,0.04656150937080383,-30073.5234375,30073.5234375,-0.0007185071590356529,13032520.0,0.00015850141062401235,0.012774374336004257
Bite_Clamp,Node ASSEMBLY.1,0.04704131558537483,-30472.62109375,30472.62109375,-0.0007385030039586127,13386914.0,0.00016471525304950774,0.01312982477247715
Bite_Clamp,Node ASSEMBLY.1,0.04752112179994583,-30870.09375,30870.09375,-0.000758814683649689,13746853.0,0.00017110101180151105,0.013490952551364899
Bite_Clamp,Node ASSEMBLY.1,0.04800092801451683,-31265.81640625,31265.81640625,-0.000779442663770169,14111836.0,0.0001776613644324243,0.013857644982635975
Bite_Clamp,Node ASSEMBLY.1,0.04848073422908783,-31659.7890625,31659.7890625,-0.0008003874681890011,14482380.0,0.00018439903215039521,0.014230035245418549
Bite_Clamp,Node ASSEMBLY.1,0.04896054044365883,-32051.88671875,32051.88671875,-0.0008216495043598115,14857867.0,0.0001913166925078258,0.014607966877520084
Bite_Clamp,Node ASSEMBLY.1,0.04944034665822983,-32442.203125,32442.203125,-0.0008432291215285659,15239078.0,0.00019841708126477897,0.014991646632552147
Bite_Clamp,Node ASSEMBLY.1,0.04992015287280083,-32830.55078125,32830.55078125,-0.0008651266689412296,15625325.0,0.00020570291962940246,0.015380964614450932
Bite_Clamp,Node ASSEMBLY.1,0.050399959087371826,-33216.94921875,33216.94921875,-0.0008873423794284463,16016575.0,0.00021317682694643736,0.015775786712765694
Bite_Clamp,Node ASSEMBLY.1,0.050879765301942825,-33601.484375,33601.484375,-0.0009098765440285206,16413927.0,0.00022084165539126843,0.016176506876945496
Bite_Clamp,Node ASSEMBLY.1,0.051359571516513824,-33983.9921875,33983.9921875,-0.0009327293373644352,16815746.0,0.000228700038860552,0.01658274233341217
Bite_Clamp,Node ASSEMBLY.1,0.051839377731084824,-34364.53515625,34364.53515625,-0.0009559009340591729,17223120.0,0.00023675468401052058,0.016994627192616463
Bite_Clamp,Node ASSEMBLY.1,0.05231918394565582,-34743.2421875,34743.2421875,-0.0009793913923203945,17636006.0,0.0002450083557050675,0.017412280663847923
Bite_Clamp,Node ASSEMBLY.1,0.05279899016022682,-35120.04296875,35120.04296875,-0.0010032008867710829,18053970.0,0.000253463804256171,0.01783561147749424
Bite_Clamp,Node ASSEMBLY.1,0.05327879637479782,-35495.01953125,35495.01953125,-0.001027329359203577,18476942.0,0.00026212367811240256,0.018264509737491608
Bite_Clamp,Node ASSEMBLY.1,0.05375860258936882,-35868.328125,35868.328125,-0.001051776809617877,18905350.0,0.0002709906839299947,0.018699059262871742
Bite_Clamp,Node ASSEMBLY.1,0.05423840880393982,-36240.046875,36240.046875,-0.001076543121598661,19339372.0,0.00028006761567667127,0.019139448180794716
Bite_Clamp,Node ASSEMBLY.1,0.05471821501851082,-36610.15625,36610.15625,-0.0011016282951459289,19778138.0,0.00028935718000866473,0.019585436210036278
Bite_Clamp,Node ASSEMBLY.1,0.05519802123308182,-36978.8984375,36978.8984375,-0.001127032097429037,20222034.0,0.0002988620544783771,0.020036989822983742
Bite_Clamp,Node ASSEMBLY.1,0.05567782744765282,-37346.30078125,37346.30078125,-0.0011527544120326638,20671602.0,0.0003085850039497018,0.020494326949119568
Bite_Clamp,Node ASSEMBLY.1,0.056157633662223816,-37712.49609375,37712.49609375,-0.0011787950061261654,21125860.0,0.0003185287059750408,0.020957212895154953
Bite_Clamp,Node ASSEMBLY.1,0.056637439876794815,-38077.54296875,38077.54296875,-0.0012051535304635763,21585544.0,0.0003286958672106266,0.0214257650077343
Bite_Clamp,Node ASSEMBLY.1,0.057117246091365814,-38441.6171875,38441.6171875,-0.001231829752214253,22050748.0,0.00033908928162418306,0.021900152787566185
Bite_Clamp,Node ASSEMBLY.1,0.05759705230593681,-38804.59765625,38804.59765625,-0.0012588233221322298,22520046.0,0.00034971151035279036,0.02237986959517002
Bite_Clamp,Node ASSEMBLY.1,0.05807685852050781,-39166.89453125,39166.89453125,-0.0012861338909715414,22995808.0,0.0003605654346756637,0.022865548729896545
Bite_Clamp,Node ASSEMBLY.1,0.05855666473507881,-39528.21484375,39528.21484375,-0.0013137608766555786,23475282.0,0.00037165358662605286,0.02335652895271778
Bite_Clamp,Node ASSEMBLY.1,0.05903647094964981,-39888.90625,39888.90625,-0.001341703929938376,23961140.0,0.0003829787892755121,0.023853417485952377
Bite_Clamp,Node ASSEMBLY.1,0.05951627716422081,-40248.77734375,40248.77734375,-0.001369962585158646,24450808.0,0.00039454360376112163,0.02435561828315258
Bite_Clamp,Node ASSEMBLY.1,0.05999608337879181,-40608.16796875,40608.16796875,-0.00139853626023978,24946932.0,0.00040635091136209667,0.024863792583346367
Bite_Clamp,Node ASSEMBLY.1,0.06047588959336281,-40966.78515625,40966.78515625,-0.0014274243731051683,25446700.0,0.00041840324411168694,0.025377271696925163
Bite_Clamp,Node ASSEMBLY.1,0.06095569580793381,-41324.86328125,41324.86328125,-0.0014566263416782022,25952110.0,0.00043070330866612494,0.025896361097693443
Bite_Clamp,Node ASSEMBLY.1,0.061435502022504807,-41682.32421875,41682.32421875,-0.0014861414674669504,26462610.0,0.00044325381168164313,0.026421107351779938
Bite_Clamp,Node ASSEMBLY.1,0.061915308237075806,-42039.125,42039.125,-0.0015159690519794822,26977738.0,0.0004560574016068131,0.02695135585963726
Bite_Clamp,Node ASSEMBLY.1,0.062395114451646805,-42395.2734375,42395.2734375,-0.0015461082803085446,27498004.0,0.0004691167559940368,0.027487196028232574
Bite_Clamp,Node ASSEMBLY.1,0.0628749206662178,-42750.6640625,42750.6640625,-0.0015765584539622068,28023016.0,0.00048243452329188585,0.02802855148911476
Bite_Clamp,Node ASSEMBLY.1,0.0633547306060791,-43105.30078125,43105.30078125,-0.0016073188744485378,28553106.0,0.0004960134392604232,0.028575506061315536
Bite_Clamp,Node ASSEMBLY.1,0.0638345405459404,-43458.92578125,43458.92578125,-0.001638388610444963,29087768.0,0.0005098560941405594,0.029127923771739006
Bite_Clamp,Node ASSEMBLY.1,0.0643143504858017,-43811.6015625,43811.6015625,-0.0016697667306289077,29626896.0,0.0005239649908617139,0.02968563884496689
Bite_Clamp,Node ASSEMBLY.1,0.064794160425663,-44163.30078125,44163.30078125,-0.0017014524200931191,30171992.0,0.0005383429815992713,0.030249202623963356
Bite_Clamp,Node ASSEMBLY.1,0.06527397036552429,-44513.69140625,44513.69140625,-0.001733444631099701,30720144.0,0.00055299251107499,0.03081781417131424
Bite_Clamp,Node ASSEMBLY.1,0.06575378030538559,-44863.0234375,44863.0234375,-0.0017657424323260784,31274194.0,0.0005679162568412721,0.03139203041791916
Bite_Clamp,Node ASSEMBLY.1,0.06623359024524689,-45211.01171875,45211.01171875,-0.0017983447760343552,31831910.0,0.0005831166636198759,0.031971391290426254
Bite_Clamp,Node ASSEMBLY.1,0.06671340018510818,-45557.953125,45557.953125,-0.0018312506144866347,32395982.0,0.0005985966417938471,0.03255670517683029
Bite_Clamp,Node ASSEMBLY.1,0.06719321012496948,-45903.45703125,45903.45703125,-0.0018644588999450207,32962304.0,0.0006143584614619613,0.03314686566591263
Bite_Clamp,Node ASSEMBLY.1,0.06767302006483078,-46247.9921875,46247.9921875,-0.0018979684682562947,33535004.0,0.0006304049165919423,0.03374272957444191
Bite_Clamp,Node ASSEMBLY.1,0.06815283000469208,-46591.39453125,46591.39453125,-0.0019317782716825604,34111384.0,0.0006467385683208704,0.0343439020216465
Bite_Clamp,Node ASSEMBLY.1,0.06863263994455338,-46933.69140625,46933.69140625,-0.001965886913239956,34691560.0,0.0006633617449551821,0.03495005518198013
Bite_Clamp,Node ASSEMBLY.1,0.06911244988441467,-47275.35546875,47275.35546875,-0.0020002934616059065,35277964.0,0.0006802772986702621,0.03556203097105026
Bite_Clamp,Node ASSEMBLY.1,0.06959225982427597,-47616.0234375,47616.0234375,-0.0020349964033812284,35866484.0,0.0006974874995648861,0.03617875650525093
Bite_Clamp,Node ASSEMBLY.1,0.07007206976413727,-47956.3046875,47956.3046875,-0.0020699945744127035,36460996.0,0.0007149949669837952,0.03680102154612541
Bite_Clamp,Node ASSEMBLY.1,0.07055187970399857,-48295.8203125,48295.8203125,-0.0021052865777164698,37058388.0,0.0007328021456487477,0.03742816299200058
Bite_Clamp,Node ASSEMBLY.1,0.07103168964385986,-48635.1953125,48635.1953125,-0.0021408710163086653,37662224.0,0.0007509118295274675,0.038061223924160004
Bite_Clamp,Node ASSEMBLY.1,0.07151149958372116,-48973.91015625,48973.91015625,-0.002176746493205428,38267152.0,0.0007693261723034084,0.03869873285293579
Bite_Clamp,Node ASSEMBLY.1,0.07199130952358246,-49312.49609375,49312.49609375,-0.00221291184425354,38878416.0,0.0007880477933213115,0.039341721683740616
Bite_Clamp,Node ASSEMBLY.1,0.07247111946344376,-49650.6640625,49650.6640625,-0.0022493654396384954,39493004.0,0.0008070791373029351,0.039989836513996124
Bite_Clamp,Node ASSEMBLY.1,0.07295092940330505,-49988.40234375,49988.40234375,-0.0022861056495457888,40110896.0,0.0008264225325547159,0.04064275324344635
Bite_Clamp,Node ASSEMBLY.1,0.07343073934316635,-50325.921875,50325.921875,-0.0023231313098222017,40734684.0,0.0008460807148367167,0.041301362216472626
Bite_Clamp,Node ASSEMBLY.1,0.07391054928302765,-50662.51953125,50662.51953125,-0.002360440557822585,41360056.0,0.0008660558960400522,0.04196455329656601
Bite_Clamp,Node ASSEMBLY.1,0.07439035922288895,-50998.53125,50998.53125,-0.002398031996563077,41990296.0,0.0008863505208864808,0.0426328182220459
Bite_Clamp,Node ASSEMBLY.1,0.07487016916275024,-51333.50390625,51333.50390625,-0.0024359039962291718,42623508.0,0.0009069668594747782,0.043305784463882446
Bite_Clamp,Node ASSEMBLY.1,0.07534997910261154,-51667.515625,51667.515625,-0.002474054927006364,43262352.0,0.0009279075893573463,0.04398438706994057
Bite_Clamp,Node ASSEMBLY.1,0.07582978904247284,-51999.70703125,51999.70703125,-0.0025124831590801477,43902160.0,0.000949174864217639,0.044667378067970276
Bite_Clamp,Node ASSEMBLY.1,0.07630959898233414,-52330.2265625,52330.2265625,-0.002551186829805374,44546980.0,0.0009707711287774146,0.04535546898841858
Bite_Clamp,Node ASSEMBLY.1,0.07678940892219543,-52658.546875,52658.546875,-0.0025901643093675375,45194708.0,0.0009926985949277878,0.04604841768741608
Bite_Clamp,Node ASSEMBLY.1,0.07726921886205673,-52984.21875,52984.21875,-0.0026294139679521322,45845320.0,0.001014959765598178,0.046746041625738144
Bite_Clamp,Node ASSEMBLY.1,0.07774902880191803,-53307.0078125,53307.0078125,-0.002668933942914009,46500840.0,0.0010375571437180042,0.047449156641960144
Bite_Clamp,Node ASSEMBLY.1,0.07822883874177933,-53625.921875,53625.921875,-0.002708722371608019,47155944.0,0.001060492591932416,0.048156097531318665
Bite_Clamp,Node ASSEMBLY.1,0.07870864868164062,-53941.0390625,53941.0390625,-0.002748777624219656,47816724.0,0.0010837685549631715,0.04886817932128906
Bite_Clamp,Node ASSEMBLY.1,0.07918845862150192,-54251.37890625,54251.37890625,-0.0027890976052731276,48479004.0,0.0011073872447013855,0.049584824591875076
Bite_Clamp,Node ASSEMBLY.1,0.07966826856136322,-54556.68359375,54556.68359375,-0.0028296804521232843,49145568.0,0.0011313512222841382,0.05030681937932968
Bite_Clamp,Node ASSEMBLY.1,0.08014807850122452,-54855.734375,54855.734375,-0.0028705245349556208,49811072.0,0.001155662233941257,0.051032498478889465
Bite_Clamp,Node ASSEMBLY.1,0.08062788844108582,-55148.58984375,55148.58984375,-0.0029116275254637003,50482136.0,0.001180322840809822,0.0517633892595768
Bite_Clamp,Node ASSEMBLY.1,0.08110769838094711,-55433.953125,55433.953125,-0.0029529877938330173,51153840.0,0.0012053352547809482,0.05249883607029915
Bite_Clamp,Node ASSEMBLY.1,0.08158750832080841,-55711.36328125,55711.36328125,-0.0029946030117571354,51826256.0,0.0012307013384997845,0.05323825776576996
Bite_Clamp,Node ASSEMBLY.1,0.08206731826066971,-55980.0703125,55980.0703125,-0.003036471549421549,52502212.0,0.0012564235366880894,0.05398256704211235
Bite_Clamp,Node ASSEMBLY.1,0.082547128200531,-56239.4921875,56239.4921875,-0.003078591078519821,53179972.0,0.0012825040612369776,0.05473192781209946
Bite_Clamp,Node ASSEMBLY.1,0.0830269381403923,-56488.2421875,56488.2421875,-0.0031209595035761595,53855288.0,0.0013089447747915983,0.05548453703522682
Bite_Clamp,Node ASSEMBLY.1,0.0835067480802536,-56726.61328125,56726.61328125,-0.0031635749619454145,54536284.0,0.00133574812207371,0.056242626160383224
Bite_Clamp,Node ASSEMBLY.1,0.0839865580201149,-56952.94140625,56952.94140625,-0.00320643512532115,55214188.0,0.0013629159657284617,0.05700435861945152
Bite_Clamp,Node ASSEMBLY.1,0.0844663679599762,-57167.15625,57167.15625,-0.0032495378982275724,55895252.0,0.0013904505176469684,0.057770948857069016
Bite_Clamp,Node ASSEMBLY.1,0.0849461778998375,-57368.17578125,57368.17578125,-0.0032928811851888895,56574104.0,0.001418353640474379,0.058541227132081985
Bite_Clamp,Node ASSEMBLY.1,0.08542598783969879,-57555.64453125,57555.64453125,-0.003336462890729308,57254080.0,0.0014466274296864867,0.059315744787454605
Bite_Clamp,Node ASSEMBLY.1,0.08590579777956009,-57729.04296875,57729.04296875,-0.0033802806865423918,57935540.0,0.0014752742135897279,0.06009530648589134
Bite_Clamp,Node ASSEMBLY.1,0.08638560771942139,-57887.13671875,57887.13671875,-0.003424332244321704,58612444.0,0.0015042956219986081,0.06087801977992058
Bite_Clamp,Node ASSEMBLY.1,0.08686541765928268,-58030.2734375,58030.2734375,-0.0034686154685914516,59291484.0,0.0015336936339735985,0.061665285378694534
Bite_Clamp,Node ASSEMBLY.1,0.08734522759914398,-58157.27734375,58157.27734375,-0.0035131280310451984,59968812.0,0.0015634705778211355,0.06245678290724754
Bite_Clamp,Node ASSEMBLY.1,0.08782503753900528,-58268.0,58268.0,-0.0035578676033765078,60644172.0,0.0015936281997710466,0.06325225532054901
Bite_Clamp,Node ASSEMBLY.1,0.08830484747886658,-58361.71484375,58361.71484375,-0.003602831857278943,61317312.0,0.0016241682460531592,0.06405137479305267
Bite_Clamp,Node ASSEMBLY.1,0.08878465741872787,-58438.5390625,58438.5390625,-0.003648018231615424,61989552.0,0.0016550928121432662,0.06485462188720703
Bite_Clamp,Node ASSEMBLY.1,0.08926446735858917,-58497.875,58497.875,-0.003693424630910158,62660032.0,0.0016864038771018386,0.06566222757101059
Bite_Clamp,Node ASSEMBLY.1,0.08974427729845047,-58539.34375,58539.34375,-0.0037390487268567085,63325956.0,0.001718103070743382,0.06647316366434097
Bite_Clamp,Node ASSEMBLY.1,0.09022408723831177,-58563.0546875,58563.0546875,-0.003784887958317995,63990060.0,0.0017501923721283674,0.06728783249855042
Bite_Clamp,Node ASSEMBLY.1,0.09070389717817307,-58568.9375,58568.9375,-0.0038309397641569376,64650840.0,0.0017826732946559787,0.06810607761144638
Bite_Clamp,Node ASSEMBLY.1,0.09118370711803436,-58557.53515625,58557.53515625,-0.0038772020488977432,65312912.0,0.0018155487487092614,0.06893003731966019
Bite_Clamp,Node ASSEMBLY.1,0.09166351705789566,-58527.31640625,58527.31640625,-0.0039236717857420444,65961340.0,0.0018488188507035375,0.06975480914115906
Bite_Clamp,Node ASSEMBLY.1,0.09214332699775696,-58480.984375,58480.984375,-0.003970346879214048,66615976.0,0.0018824866274371743,0.07058509439229965
Bite_Clamp,Node ASSEMBLY.1,0.09262313693761826,-58416.87109375,58416.87109375,-0.0040172250010073185,67261128.0,0.0019165532430633903,0.07141818106174469
Bite_Clamp,Node ASSEMBLY.1,0.09310294687747955,-58336.6640625,58336.6640625,-0.004064303357154131,67905952.0,0.0019510209094733,0.07225585728883743
Bite_Clamp,Node ASSEMBLY.1,0.09358275681734085,-58240.06640625,58240.06640625,-0.004111579619348049,68542384.0,0.0019858907908201218,0.07309607416391373
Bite_Clamp,Node ASSEMBLY.1,0.09406256675720215,-58127.953125,58127.953125,-0.004159050993621349,69175680.0,0.002021164633333683,0.07393941283226013
Bite_Clamp,Node ASSEMBLY.1,0.09454237669706345,-58001.21484375,58001.21484375,-0.004206714686006308,69807248.0,0.0020568445324897766,0.07478727400302887
Bite_Clamp,Node ASSEMBLY.1,0.09502218663692474,-57859.7890625,57859.7890625,-0.004254568368196487,70430096.0,0.002092931652441621,0.07563775032758713
Bite_Clamp,Node ASSEMBLY.1,0.09550199657678604,-57704.64453125,57704.64453125,-0.004302609246224165,71050344.0,0.0021294276230037212,0.0764918401837349
Bite_Clamp,Node ASSEMBLY.1,0.09598180651664734,-57536.26953125,57536.26953125,-0.004350834991782904,71665360.0,0.0021663340739905834,0.07734944671392441
Bite_Clamp,Node ASSEMBLY.1,0.09646161645650864,-57354.80859375,57354.80859375,-0.00439924281090498,72275200.0,0.002203653333708644,0.0782105028629303
Bite_Clamp,Node ASSEMBLY.1,0.09694142639636993,-57160.3984375,57160.3984375,-0.004447829909622669,72874920.0,0.0022413854021579027,0.0790727362036705
Bite_Clamp,Node ASSEMBLY.1,0.09742123633623123,-56954.5,56954.5,-0.004496593493968248,73477712.0,0.0022795330733060837,0.07994018495082855
Bite_Clamp,Node ASSEMBLY.1,0.09790104627609253,-56736.0859375,56736.0859375,-0.004545531235635281,74071280.0,0.0023180977441370487,0.08081113547086716
Bite_Clamp,Node ASSEMBLY.1,0.09838085621595383,-56505.375,56505.375,-0.004594640340656042,74656064.0,0.0023570803459733725,0.08168400079011917
Bite_Clamp,Node ASSEMBLY.1,0.09886066615581512,-56262.76171875,56262.76171875,-0.004643917549401522,75236032.0,0.0023964825086295605,0.08255928009748459
Bite_Clamp,Node ASSEMBLY.1,0.09934047609567642,-56008.65234375,56008.65234375,-0.004693360533565283,75815400.0,0.002436306094750762,0.08343949913978577
Bite_Clamp,Node ASSEMBLY.1,0.09982028603553772,-55741.75390625,55741.75390625,-0.004742966499179602,76380744.0,0.0024765520356595516,0.08432092517614365
Bite_Clamp,Node ASSEMBLY.1,0.10030009597539902,-55462.9296875,55462.9296875,-0.004792732652276754,76942584.0,0.002517221262678504,0.08520492911338806
Bite_Clamp,Node ASSEMBLY.1,0.10077990591526031,-55172.296875,55172.296875,-0.004842656198889017,77501504.0,0.0025583161041140556,0.08609316498041153
Bite_Clamp,Node ASSEMBLY.1,0.10125971585512161,-54868.859375,54868.859375,-0.004892734345048666,78048096.0,0.0025998372584581375,0.08698295056819916
Bite_Clamp,Node ASSEMBLY.1,0.10173952579498291,-54553.6015625,54553.6015625,-0.004942964296787977,78592912.0,0.002641786355525255,0.0878765732049942
Bite_Clamp,Node ASSEMBLY.1,0.10221933573484421,-54225.6953125,54225.6953125,-0.004993343260139227,79126584.0,0.0026841647922992706,0.08877207338809967
Bite_Clamp,Node ASSEMBLY.1,0.1026991456747055,-53885.484375,53885.484375,-0.005043867975473404,79653760.0,0.0027269732672721148,0.08966966718435287
Bite_Clamp,Node ASSEMBLY.1,0.1031789556145668,-53533.51953125,53533.51953125,-0.005094536114484072,80177040.0,0.0027702131774276495,0.09057090431451797
Bite_Clamp,Node ASSEMBLY.1,0.1036587655544281,-53169.15234375,53169.15234375,-0.005145344417542219,80688760.0,0.0028138861525803804,0.09147381037473679
Bite_Clamp,Node ASSEMBLY.1,0.1041385754942894,-52793.01171875,52793.01171875,-0.005196290090680122,81194648.0,0.0028579928912222385,0.09237910807132721
Bite_Clamp,Node ASSEMBLY.1,0.1046183854341507,-52405.59765625,52405.59765625,-0.0052473703399300575,81695272.0,0.0029025350231677294,0.09328790754079819
Bite_Clamp,Node ASSEMBLY.1,0.105098195374012,-52006.5234375,52006.5234375,-0.0052985819056630135,82186368.0,0.002947513945400715,0.09419917315244675
Bite_Clamp,Node ASSEMBLY.1,0.10557800531387329,-51595.70703125,51595.70703125,-0.005349921993911266,82663592.0,0.0029929291922599077,0.09510999172925949
Bite_Clamp,Node ASSEMBLY.1,0.10605781525373459,-51175.046875,51175.046875,-0.005401387810707092,83144048.0,0.0030387835577130318,0.09602564573287964
Bite_Clamp,Node ASSEMBLY.1,0.10653762519359589,-50743.5703125,50743.5703125,-0.0054529765620827675,83612112.0,0.003085077740252018,0.09694400429725647
Bite_Clamp,Node ASSEMBLY.1,0.10701743513345718,-50301.31640625,50301.31640625,-0.005504684988409281,84067720.0,0.0031318122055381536,0.09786290675401688
Bite_Clamp,Node ASSEMBLY.1,0.10749724507331848,-49849.1484375,49849.1484375,-0.005556510295718908,84518424.0,0.0031789883505553007,0.09878373891115189
Bite_Clamp,Node ASSEMBLY.1,0.10797705501317978,-49387.5390625,49387.5390625,-0.005608449224382639,84962976.0,0.0032266071066260338,0.09970755130052567
Bite_Clamp,Node ASSEMBLY.1,0.10845686495304108,-48915.875,48915.875,-0.005660498980432749,85395296.0,0.0032746694050729275,0.10063248127698898
Bite_Clamp,Node ASSEMBLY.1,0.10893667489290237,-48434.9921875,48434.9921875,-0.005712656304240227,85821608.0,0.003323175711557269,0.10155969113111496
Bite_Clamp,Node ASSEMBLY.1,0.10941648483276367,-47944.875,47944.875,-0.005764918401837349,86240024.0,0.0033721276558935642,0.1024894192814827
Bite_Clamp,Node ASSEMBLY.1,0.10989629477262497,-47445.328125,47445.328125,-0.0058172824792563915,86646136.0,0.003421525936573744,0.10341993719339371
Bite_Clamp,Node ASSEMBLY.1,0.11037610471248627,-46937.34765625,46937.34765625,-0.005869744811207056,87048216.0,0.0034713714849203825,0.10435328632593155
Bite_Clamp,Node ASSEMBLY.1,0.11085591465234756,-46419.75,46419.75,-0.005922303069382906,87435496.0,0.0035216647665947676,0.10528668761253357
Bite_Clamp,Node ASSEMBLY.1,0.11133572459220886,-45894.078125,45894.078125,-0.00597495399415493,87818456.0,0.0035724062472581863,0.10622227191925049
Bite_Clamp,Node ASSEMBLY.1,0.11181553453207016,-45359.69921875,45359.69921875,-0.006027694325894117,88193440.0,0.003623597789555788,0.10716061294078827
Bite_Clamp,Node ASSEMBLY.1,0.11229534447193146,-44816.4453125,44816.4453125,-0.0060805208049714565,88554776.0,0.003675239160656929,0.10809942334890366
Bite_Clamp,Node ASSEMBLY.1,0.11277515441179276,-44265.16015625,44265.16015625,-0.006133431103080511,88909720.0,0.003727331990376115,0.10903999954462051
Bite_Clamp,Node ASSEMBLY.1,0.11325496435165405,-43705.64453125,43705.64453125,-0.006186421494930983,89254400.0,0.0037798758130520582,0.10998184233903885
Bite_Clamp,Node ASSEMBLY.1,0.11373477429151535,-43138.37890625,43138.37890625,-0.006239489186555147,89592472.0,0.0038328724913299084,0.11092614382505417
Bite_Clamp,Node ASSEMBLY.1,0.11421458423137665,-42562.578125,42562.578125,-0.006292630918323994,89913096.0,0.0038863213267177343,0.11186910420656204
Bite_Clamp,Node ASSEMBLY.1,0.11469439417123795,-41980.43359375,41980.43359375,-0.006345843430608511,90235520.0,0.003940224181860685,0.11281610280275345
Bite_Clamp,Node ASSEMBLY.1,0.11517420411109924,-41390.49609375,41390.49609375,-0.006399123929440975,90542824.0,0.003994581755250692,0.11376433819532394
Bite_Clamp,Node ASSEMBLY.1,0.11565401405096054,-40793.30078125,40793.30078125,-0.006452469155192375,90837216.0,0.004049394279718399,0.1147121712565422
Bite_Clamp,Node ASSEMBLY.1,0.11613382399082184,-40189.66796875,40189.66796875,-0.0065058758482337,91124032.0,0.004104661289602518,0.11566061526536942
Bite_Clamp,Node ASSEMBLY.1,0.11661363393068314,-39579.91015625,39579.91015625,-0.006559341214597225,91403456.0,0.004160383716225624,0.11661083996295929
Bite_Clamp,Node ASSEMBLY.1,0.11709344387054443,-38963.9765625,38963.9765625,-0.00661286199465394,91673880.0,0.004216562956571579,0.11756320297718048
Bite_Clamp,Node ASSEMBLY.1,0.11757325381040573,-38342.23828125,38342.23828125,-0.006666434928774834,91931512.0,0.00427319947630167,0.1185162216424942
Bite_Clamp,Node ASSEMBLY.1,0.11805306375026703,-37714.62109375,37714.62109375,-0.0067200567573308945,92177784.0,0.004330293275415897,0.11946913599967957
Bite_Clamp,Node ASSEMBLY.1,0.11853287369012833,-37081.94140625,37081.94140625,-0.006773724686354399,92416464.0,0.0043878438882529736,0.1204230785369873
Bite_Clamp,Node ASSEMBLY.1,0.11901268362998962,-36444.18359375,36444.18359375,-0.006827435456216335,92644208.0,0.0044458527117967606,0.12137759476900101
Bite_Clamp,Node ASSEMBLY.1,0.11949249356985092,-35801.75,35801.75,-0.006881185807287693,92864440.0,0.004504320211708546,0.12233392149209976
Bite_Clamp,Node ASSEMBLY.1,0.11997230350971222,-35154.5859375,35154.5859375,-0.006934972479939461,93071792.0,0.004563246853649616,0.12329071760177612
Bite_Clamp,Node ASSEMBLY.1,0.12045211344957352,-34502.5078125,34502.5078125,-0.006988792214542627,93264864.0,0.00462263124063611,0.12424600124359131
Bite_Clamp,Node ASSEMBLY.1,0.12093192338943481,-33847.6484375,33847.6484375,-0.007042642217129469,93458448.0,0.004682475700974464,0.1252048760652542
Bite_Clamp,Node ASSEMBLY.1,0.12141173332929611,-33187.640625,33187.640625,-0.007096519228070974,93628104.0,0.004742778837680817,0.12616093456745148
Bite_Clamp,Node ASSEMBLY.1,0.12189154326915741,-32525.294921875,32525.294921875,-0.0071504199877381325,93800120.0,0.004803542047739029,0.1271202564239502
Bite_Clamp,Node ASSEMBLY.1,0.12237135320901871,-31858.75390625,31858.75390625,-0.007204341236501932,93951048.0,0.004864764399826527,0.12807771563529968
Bite_Clamp,Node ASSEMBLY.1,0.12285116314888,-31190.2421875,31190.2421875,-0.0072582801803946495,94099152.0,0.004926447290927172,0.12903697788715363
Bite_Clamp,Node ASSEMBLY.1,0.1233309730887413,-30518.634765625,30518.634765625,-0.007312233094125986,94231928.0,0.004988590255379677,0.12999573349952698
Bite_Clamp,Node ASSEMBLY.1,0.1238107830286026,-29845.787109375,29845.787109375,-0.007366197183728218,94360912.0,0.005051194224506617,0.13095711171627045
Bite_Clamp,Node ASSEMBLY.1,0.1242905929684639,-29169.35546875,29169.35546875,-0.007420169189572334,94465648.0,0.005114257335662842,0.13191460072994232
Bite_Clamp,Node ASSEMBLY.1,0.1247704029083252,-28493.25,28493.25,-0.007474145852029324,94576312.0,0.005177781917154789,0.13287606835365295
Bite_Clamp,Node ASSEMBLY.1,0.1252502053976059,-27813.88671875,27813.88671875,-0.007528123911470175,94658144.0,0.005241765640676022,0.13383284211158752
Bite_Clamp,Node ASSEMBLY.1,0.1257300078868866,-27134.873046875,27134.873046875,-0.007582100573927164,94740928.0,0.005306208971887827,0.13479061424732208
Bite_Clamp,Node ASSEMBLY.1,0.1262098103761673,-26455.3203125,26455.3203125,-0.007636072114109993,94816672.0,0.005371113773435354,0.13575124740600586
Bite_Clamp,Node ASSEMBLY.1,0.126689612865448,-25774.4296875,25774.4296875,-0.007690035738050938,94872232.0,0.005436478182673454,0.13671034574508667
Bite_Clamp,Node ASSEMBLY.1,0.1271694153547287,-25093.19140625,25093.19140625,-0.007743988186120987,94920632.0,0.005502302665263414,0.1376693993806839
Bite_Clamp,Node ASSEMBLY.1,0.1276492178440094,-24411.833984375,24411.833984375,-0.00779792619869113,94957544.0,0.005568587686866522,0.1386280357837677
Bite_Clamp,Node ASSEMBLY.1,0.1281290203332901,-23730.24609375,23730.24609375,-0.007851846516132355,94984040.0,0.005635333247482777,0.13958659768104553
Bite_Clamp,Node ASSEMBLY.1,0.1286088228225708,-23049.177734375,23049.177734375,-0.007905746810138226,95003664.0,0.00570253748446703,0.1405467540025711
Bite_Clamp,Node ASSEMBLY.1,0.1290886253118515,-22367.46875,22367.46875,-0.007959622889757156,95005008.0,0.005770203657448292,0.14150495827198029
Bite_Clamp,Node ASSEMBLY.1,0.1295684278011322,-21685.935546875,21685.935546875,-0.008013471961021423,94994264.0,0.005838328041136265,0.14246046543121338
Bite_Clamp,Node ASSEMBLY.1,0.1300482302904129,-21005.61328125,21005.61328125,-0.008067290298640728,94982888.0,0.0059069120325148106,0.14341825246810913
Bite_Clamp,Node ASSEMBLY.1,0.1305280327796936,-20324.44140625,20324.44140625,-0.008121075108647346,94946856.0,0.00597595376893878,0.1443718820810318
Bite_Clamp,Node ASSEMBLY.1,0.1310078352689743,-19645.04296875,19645.04296875,-0.008174823597073555,94915160.0,0.006045454181730747,0.1453288048505783
Bite_Clamp,Node ASSEMBLY.1,0.131487637758255,-18965.123046875,18965.123046875,-0.008228532038629055,94861912.0,0.006115413736552,0.14628390967845917
Bite_Clamp,Node ASSEMBLY.1,0.1319674402475357,-18285.486328125,18285.486328125,-0.008282197639346123,94798808.0,0.006185831036418676,0.14723773300647736
Bite_Clamp,Node ASSEMBLY.1,0.1324472427368164,-17606.78515625,17606.78515625,-0.008335817605257034,94726760.0,0.006256705615669489,0.14819122850894928
Bite_Clamp,Node ASSEMBLY.1,0.1329270452260971,-16927.279296875,16927.279296875,-0.008389388211071491,94638416.0,0.00632803700864315,0.14914195239543915
Bite_Clamp,Node ASSEMBLY.1,0.1334068477153778,-16248.9248046875,16248.9248046875,-0.00844290666282177,94543192.0,0.006399824284017086,0.1500919908285141
Bite_Clamp,Node ASSEMBLY.1,0.1338866502046585,-15571.3837890625,15571.3837890625,-0.008496369235217571,94447792.0,0.0064720697700977325,0.1510464996099472
Bite_Clamp,Node ASSEMBLY.1,0.1343664526939392,-14892.5068359375,14892.5068359375,-0.008549773134291172,94322272.0,0.006544771138578653,0.1519961655139923
Bite_Clamp,Node ASSEMBLY.1,0.1348462551832199,-14213.3115234375,14213.3115234375,-0.008603115566074848,94192048.0,0.006617927458137274,0.15294384956359863
Bite_Clamp,Node ASSEMBLY.1,0.1353260576725006,-13534.7607421875,13534.7607421875,-0.008656392805278301,94049864.0,0.006691537331789732,0.15388920903205872
Bite_Clamp,Node ASSEMBLY.1,0.1358058601617813,-12856.9609375,12856.9609375,-0.008709602057933807,93907616.0,0.0067656030878424644,0.1548374742269516
Bite_Clamp,Node ASSEMBLY.1,0.136285662651062,-12176.4208984375,12176.4208984375,-0.008762740530073643,93731000.0,0.006840119604021311,0.155777707695961
Bite_Clamp,Node ASSEMBLY.1,0.1367654651403427,-11498.9638671875,11498.9638671875,-0.008815804496407509,93572440.0,0.006915090139955282,0.1567237675189972
Bite_Clamp,Node ASSEMBLY.1,0.1372452676296234,-10819.1748046875,10819.1748046875,-0.008868791162967682,93381584.0,0.006990513298660517,0.15766564011573792
Bite_Clamp,Node ASSEMBLY.1,0.1377250701189041,-10139.6181640625,10139.6181640625,-0.008921697735786438,93187408.0,0.007066389545798302,0.15860676765441895
Bite_Clamp,Node ASSEMBLY.1,0.13820487260818481,-9459.796875,9459.796875,-0.008974520489573479,92979184.0,0.007142715156078339,0.15954570472240448
Bite_Clamp,Node ASSEMBLY.1,0.13868467509746552,-8779.9296875,8779.9296875,-0.00902725663036108,92765944.0,0.007219491992145777,0.160485178232193
Bite_Clamp,Node ASSEMBLY.1,0.13916447758674622,-8099.27685546875,8099.27685546875,-0.009079903364181519,92530648.0,0.0072967177256941795,0.16141986846923828
Bite_Clamp,Node ASSEMBLY.1,0.13964428007602692,-7418.51025390625,7418.51025390625,-0.00913245789706707,92291248.0,0.00737439189106226,0.16235309839248657
Bite_Clamp,Node ASSEMBLY.1,0.14012408256530762,-6737.921875,6737.921875,-0.009184916503727436,92041640.0,0.007452514488250017,0.16328540444374084
Bite_Clamp,Node ASSEMBLY.1,0.14060388505458832,-6056.4072265625,6056.4072265625,-0.009237276390194893,91777616.0,0.007531082723289728,0.1642150580883026
Bite_Clamp,Node ASSEMBLY.1,0.14108368754386902,-5374.92529296875,5374.92529296875,-0.009289533831179142,91503312.0,0.007610096130520105,0.16514255106449127
Bite_Clamp,Node ASSEMBLY.1,0.14156349003314972,-4693.47998046875,4693.47998046875,-0.009341686964035034,91230080.0,0.00768955796957016,0.16607338190078735
Bite_Clamp,Node ASSEMBLY.1,0.14204329252243042,-4010.07666015625,4010.07666015625,-0.009393732063472271,90925504.0,0.007769462652504444,0.1669977754354477
Bite_Clamp,Node ASSEMBLY.1,0.14252309501171112,-3326.893798828125,3326.893798828125,-0.009445666335523129,90621096.0,0.00784981157630682,0.16792075335979462
Bite_Clamp,Node ASSEMBLY.1,0.14300289750099182,-2642.9267578125,2642.9267578125,-0.009497486986219883,90304568.0,0.007930602878332138,0.16884168982505798
Bite_Clamp,Node ASSEMBLY.1,0.14348269999027252,-1959.150634765625,1959.150634765625,-0.009549190290272236,89985032.0,0.008011837489902973,0.1697641760110855
Bite_Clamp,Node ASSEMBLY.1,0.14396250247955322,-1271.9129638671875,1271.9129638671875,-0.009600773453712463,89629808.0,0.008093508891761303,0.17067623138427734
Bite_Clamp,Node ASSEMBLY.1,0.14444230496883392,-586.8555908203125,586.8555908203125,-0.009652233682572842,89297776.0,0.00817562174052,0.17159394919872284
Bite_Clamp,Node ASSEMBLY.1,0.14492210745811462,101.24787902832031,101.24787902832031,-0.009703568182885647,88930600.0,0.008258173242211342,0.1725057065486908
Bite_Clamp,Node ASSEMBLY.1,0.14540190994739532,789.6804809570312,789.6804809570312,-0.009754774160683155,88564360.0,0.008341162465512753,0.1734168827533722
Bite_Clamp,Node ASSEMBLY.1,0.14588171243667603,1479.68798828125,1479.68798828125,-0.009805848821997643,88177904.0,0.00842458475381136,0.1743229180574417
Bite_Clamp,Node ASSEMBLY.1,0.14636151492595673,2170.122314453125,2170.122314453125,-0.00985678844153881,87793888.0,0.00850844569504261,0.17522986233234406
Bite_Clamp,Node ASSEMBLY.1,0.14684131741523743,2862.017333984375,2862.017333984375,-0.00990759115666151,87392936.0,0.008592740632593632,0.17613449692726135
Bite_Clamp,Node ASSEMBLY.1,0.14732111990451813,3557.5966796875,3557.5966796875,-0.009958253242075443,86966024.0,0.008677464909851551,0.1770295351743698
Bite_Clamp,Node ASSEMBLY.1,0.14780092239379883,4249.47509765625,4249.47509765625,-0.010008771903812885,86571680.0,0.008762624114751816,0.17793521285057068
Bite_Clamp,Node ASSEMBLY.1,0.14828072488307953,4949.7802734375,4949.7802734375,-0.010059144347906113,86109632.0,0.008848210796713829,0.17882420122623444
Bite_Clamp,Node ASSEMBLY.1,0.14876052737236023,5646.37060546875,5646.37060546875,-0.010109367780387402,85683168.0,0.00893422681838274,0.17971815168857574
Bite_Clamp,Node ASSEMBLY.1,0.14924032986164093,6346.66650390625,6346.66650390625,-0.010159439407289028,85232576.0,0.009020672179758549,0.18061041831970215
Bite_Clamp,Node ASSEMBLY.1,0.14972013235092163,7048.779296875,7048.779296875,-0.010209356434643269,84769928.0,0.009107544086873531,0.18149974942207336
Bite_Clamp,Node ASSEMBLY.1,0.15019993484020233,7753.7490234375,7753.7490234375,-0.010259116068482399,84292008.0,0.009194841608405113,0.18238340318202972
Bite_Clamp,Node ASSEMBLY.1,0.15067973732948303,8459.5810546875,8459.5810546875,-0.010308715514838696,83811456.0,0.00928256195038557,0.18326473236083984
Bite_Clamp,Node ASSEMBLY.1,0.15115953981876373,9168.08984375,9168.08984375,-0.010358151979744434,83313712.0,0.009370703250169754,0.18414032459259033
Bite_Clamp,Node ASSEMBLY.1,0.15163934230804443,9876.90234375,9876.90234375,-0.010407422669231892,82825120.0,0.009459266439080238,0.18501922488212585
Bite_Clamp,Node ASSEMBLY.1,0.15211914479732513,10589.3251953125,10589.3251953125,-0.010456524789333344,82306608.0,0.009548249654471874,0.18589156866073608
Bite_Clamp,Node ASSEMBLY.1,0.15259894728660583,11303.2158203125,11303.2158203125,-0.010505455546081066,81785864.0,0.009637651033699512,0.18676070868968964
Bite_Clamp,Node ASSEMBLY.1,0.15307874977588654,12018.390625,12018.390625,-0.010554212145507336,81259728.0,0.009727468714118004,0.18762850761413574
Bite_Clamp,Node ASSEMBLY.1,0.15355855226516724,12736.1435546875,12736.1435546875,-0.010602791793644428,80716480.0,0.009817701764404774,0.18849122524261475
Bite_Clamp,Node ASSEMBLY.1,0.15403835475444794,13453.580078125,13453.580078125,-0.01065119169652462,80179352.0,0.009908351115882397,0.18935588002204895
Bite_Clamp,Node ASSEMBLY.1,0.15451815724372864,14176.9658203125,14176.9658203125,-0.010699409991502762,79595160.0,0.009999407455325127,0.190204456448555
Bite_Clamp,Node ASSEMBLY.1,0.15499795973300934,14895.5146484375,14895.5146484375,-0.010747442953288555,79060128.0,0.010090877301990986,0.19106459617614746
Bite_Clamp,Node ASSEMBLY.1,0.15547776222229004,15619.97265625,15619.97265625,-0.01079528871923685,78466432.0,0.010182754136621952,0.19191251695156097
Bite_Clamp,Node ASSEMBLY.1,0.15595756471157074,16343.236328125,16343.236328125,-0.010842944495379925,77889664.0,0.010275039821863174,0.1927601546049118
Bite_Clamp,Node ASSEMBLY.1,0.15643736720085144,17066.96875,17066.96875,-0.010890407487750053,77302216.0,0.010367730632424355,0.1936063915491104
Bite_Clamp,Node ASSEMBLY.1,0.15691716969013214,17794.0234375,17794.0234375,-0.010937674902379513,76685952.0,0.010460824705660343,0.19444146752357483
Bite_Clamp,Node ASSEMBLY.1,0.15739697217941284,18516.880859375,18516.880859375,-0.010984744876623154,76098592.0,0.01055432204157114,0.1952829509973526
Bite_Clamp,Node ASSEMBLY.1,0.15787677466869354,19243.220703125,19243.220703125,-0.011031614616513252,75471968.0,0.010648219846189022,0.19611592590808868
Bite_Clamp,Node ASSEMBLY.1,0.15835657715797424,19968.77734375,19968.77734375,-0.011078281328082085,74845568.0,0.010742517188191414,0.19694402813911438
Bite_Clamp,Node ASSEMBLY.1,0.15883637964725494,20692.060546875,20692.060546875,-0.011124742217361927,74228992.0,0.010837213136255741,0.1977754533290863
Bite_Clamp,Node ASSEMBLY.1,0.15931618213653564,21419.00390625,21419.00390625,-0.01117099542170763,73565152.0,0.010932301171123981,0.19859114289283752
Bite_Clamp,Node ASSEMBLY.1,0.15979598462581635,22139.849609375,22139.849609375,-0.01121703814715147,72945144.0,0.011027786880731583,0.1994154453277588
Bite_Clamp,Node ASSEMBLY.1,0.16027578711509705,22863.7109375,22863.7109375,-0.011262868531048298,72275888.0,0.011123662814497948,0.2002282589673996
Bite_Clamp,Node ASSEMBLY.1,0.16075558960437775,23584.3125,23584.3125,-0.01130848377943039,71612992.0,0.011219928041100502,0.20103587210178375
Bite_Clamp,Node ASSEMBLY.1,0.16123539209365845,24302.501953125,24302.501953125,-0.011353881098330021,70949560.0,0.011316579766571522,0.20184162259101868
Bite_Clamp,Node ASSEMBLY.1,0.16171519458293915,25016.24609375,25016.24609375,-0.011399058625102043,70293912.0,0.011413621716201305,0.20265188813209534
Bite_Clamp,Node ASSEMBLY.1,0.16219499707221985,25731.001953125,25731.001953125,-0.011444013565778732,69591888.0,0.011511045508086681,0.20344741642475128
Bite_Clamp,Node ASSEMBLY.1,0.16267479956150055,26439.998046875,26439.998046875,-0.011488743126392365,68905736.0,0.01160885114222765,0.20423871278762817
Bite_Clamp,Node ASSEMBLY.1,0.16315460205078125,27141.611328125,27141.611328125,-0.011533246375620365,68232552.0,0.011707039549946785,0.20503462851047516
Bite_Clamp,Node ASSEMBLY.1,0.16363440454006195,27842.46484375,27842.46484375,-0.011577519588172436,67517040.0,0.011805604211986065,0.20581765472888947
Bite_Clamp,Node ASSEMBLY.1,0.16411420702934265,28533.7265625,28533.7265625,-0.011621561832726002,66825700.0,0.011904546059668064,0.2066015750169754
Bite_Clamp,Node ASSEMBLY.1,0.16459400951862335,29218.306640625,29218.306640625,-0.011665369383990765,66127080.0,0.012003865092992783,0.2073851078748703
Bite_Clamp,Node ASSEMBLY.1,0.16507381200790405,29897.5390625,29897.5390625,-0.01170894131064415,65403128.0,0.012103555724024773,0.20815804600715637
Bite_Clamp,Node ASSEMBLY.1,0.16555361449718475,30566.611328125,30566.611328125,-0.011752274818718433,64695712.0,0.01220361702144146,0.208930104970932
Bite_Clamp,Node ASSEMBLY.1,0.16603341698646545,31228.05078125,31228.05078125,-0.011795368045568466,63969824.0,0.012304047122597694,0.20969454944133759
Bite_Clamp,Node ASSEMBLY.1,0.16651321947574615,31880.328125,31880.328125,-0.011838218197226524,63234448.0,0.012404839508235455,0.21044877171516418
Bite_Clamp,Node ASSEMBLY.1,0.16699302196502686,32518.53125,32518.53125,-0.011880823411047459,62538884.0,0.012505999766290188,0.2112135887145996
Bite_Clamp,Node ASSEMBLY.1,0.16747282445430756,33151.71875,33151.71875,-0.01192318182438612,61786672.0,0.012607522308826447,0.2119635045528412
Bite_Clamp,Node ASSEMBLY.1,0.16795262694358826,33771.00390625,33771.00390625,-0.011965290643274784,61055512.0,0.012709401547908783,0.21270981431007385
Bite_Clamp,Node ASSEMBLY.1,0.16843242943286896,34378.1484375,34378.1484375,-0.012007148936390877,60331676.0,0.012811643071472645,0.21345733106136322
Bite_Clamp,Node ASSEMBLY.1,0.16891223192214966,34974.20703125,34974.20703125,-0.012048753909766674,59599200.0,0.012914242222905159,0.21420271694660187
Bite_Clamp,Node ASSEMBLY.1,0.16939203441143036,35561.734375,35561.734375,-0.012090103700757027,58828388.0,0.013017190620303154,0.21492846310138702
Bite_Clamp,Node ASSEMBLY.1,0.16987183690071106,36129.99609375,36129.99609375,-0.012131196446716785,58118944.0,0.013120493851602077,0.21566453576087952
Bite_Clamp,Node ASSEMBLY.1,0.17035163938999176,36690.61328125,36690.61328125,-0.012172029353678226,57358284.0,0.013224146328866482,0.21638764441013336
Bite_Clamp,Node ASSEMBLY.1,0.17083144187927246,37234.453125,37234.453125,-0.012212601490318775,56623028.0,0.013328143395483494,0.21711032092571259
Bite_Clamp,Node ASSEMBLY.1,0.17131124436855316,37767.18359375,37767.18359375,-0.012252910062670708,55870360.0,0.013432487845420837,0.2178248167037964
Bite_Clamp,Node ASSEMBLY.1,0.17179104685783386,38283.55859375,38283.55859375,-0.01229295413941145,55127596.0,0.013537170365452766,0.2185363471508026
Bite_Clamp,Node ASSEMBLY.1,0.17227084934711456,38786.8515625,38786.8515625,-0.012332731857895851,54383420.0,0.013642198406159878,0.2192445993423462
Bite_Clamp,Node ASSEMBLY.1,0.17275065183639526,39275.390625,39275.390625,-0.012372240424156189,53635584.0,0.01374756172299385,0.2199479043483734
Bite_Clamp,Node ASSEMBLY.1,0.17323045432567596,39749.9140625,39749.9140625,-0.012411478906869888,52882756.0,0.01385326124727726,0.22064408659934998
Bite_Clamp,Node ASSEMBLY.1,0.17371025681495667,40209.33203125,40209.33203125,-0.0124504454433918,52137220.0,0.013959295116364956,0.2213365137577057
Bite_Clamp,Node ASSEMBLY.1,0.17419005930423737,40654.16015625,40654.16015625,-0.012489138171076775,51388516.0,0.014065658673644066,0.22202381491661072
Bite_Clamp,Node ASSEMBLY.1,0.17466986179351807,41084.06640625,41084.06640625,-0.012527555227279663,50650520.0,0.014172353781759739,0.22271081805229187
Bite_Clamp,Node ASSEMBLY.1,0.17514966428279877,41502.72265625,41502.72265625,-0.012565694749355316,49882676.0,0.014279372990131378,0.22338314354419708
Bite_Clamp,Node ASSEMBLY.1,0.17562946677207947,41904.33984375,41904.33984375,-0.012603554874658585,49150048.0,0.014386716298758984,0.22405751049518585
Bite_Clamp,Node ASSEMBLY.1,0.17610926926136017,42293.49609375,42293.49609375,-0.012641134671866894,48406912.0,0.014494381844997406,0.22472834587097168
Bite_Clamp,Node ASSEMBLY.1,0.17658907175064087,42671.20703125,42671.20703125,-0.012678432278335094,47652372.0,0.014602366834878922,0.22538989782333374
Bite_Clamp,Node ASSEMBLY.1,0.17706887423992157,43034.0546875,43034.0546875,-0.012715445831418037,46919468.0,0.01471067126840353,0.2260516881942749
Bite_Clamp,Node ASSEMBLY.1,0.17754867672920227,43388.96875,43388.96875,-0.012752174399793148,46144116.0,0.01481928676366806,0.22669348120689392
Bite_Clamp,Node ASSEMBLY.1,0.17802847921848297,43725.14453125,43725.14453125,-0.012788616120815277,45443904.0,0.014928216114640236,0.22735030949115753
Bite_Clamp,Node ASSEMBLY.1,0.17850828170776367,44056.06640625,44056.06640625,-0.012824769131839275,44675628.0,0.01503745373338461,0.22798937559127808
Bite_Clamp,Node ASSEMBLY.1,0.17898808419704437,44373.078125,44373.078125,-0.012860632501542568,43946432.0,0.015146997757256031,0.22862832248210907
Bite_Clamp,Node ASSEMBLY.1,0.17946788668632507,44677.4375,44677.4375,-0.012896205298602581,43223896.0,0.0152568519115448,0.22926929593086243
Bite_Clamp,Node ASSEMBLY.1,0.17994768917560577,44975.9296875,44975.9296875,-0.012931485660374165,42462384.0,0.015367005951702595,0.22989265620708466
Bite_Clamp,Node ASSEMBLY.1,0.18042749166488647,45259.01953125,45259.01953125,-0.01296647172421217,41741508.0,0.015477463603019714,0.230516716837883
Bite_Clamp,Node ASSEMBLY.1,0.18090729415416718,45532.51171875,45532.51171875,-0.013001162558794022,41007672.0,0.015588215552270412,0.2311345338821411
Bite_Clamp,Node ASSEMBLY.1,0.18138709664344788,45796.8359375,45796.8359375,-0.013035556301474571,40263508.0,0.01569925807416439,0.23174044489860535
Bite_Clamp,Node ASSEMBLY.1,0.18186689913272858,46048.0625,46048.0625,-0.013069652952253819,39533412.0,0.015810592100024223,0.23234079778194427
Bite_Clamp,Node ASSEMBLY.1,0.18234670162200928,46286.69140625,46286.69140625,-0.013103450648486614,38834284.0,0.015922218561172485,0.23294933140277863
Bite_Clamp,Node ASSEMBLY.1,0.18282650411128998,46518.9765625,46518.9765625,-0.01313694752752781,38082552.0,0.01603413000702858,0.23353996872901917
Bite_Clamp,Node ASSEMBLY.1,0.18330630660057068,46737.08984375,46737.08984375,-0.013170143589377403,37373412.0,0.016146328300237656,0.23413175344467163
Bite_Clamp,Node ASSEMBLY.1,0.18378610908985138,46944.36328125,46944.36328125,-0.013203036971390247,36665704.0,0.016258811578154564,0.234723761677742
Bite_Clamp,Node ASSEMBLY.1,0.18426591157913208,47144.41015625,47144.41015625,-0.013235626742243767,35935232.0,0.016371574252843857,0.23530353605747223
Bite_Clamp,Node ASSEMBLY.1,0.18474571406841278,47335.15234375,47335.15234375,-0.013267911970615387,35194168.0,0.016484607011079788,0.23586486279964447
Bite_Clamp,Node ASSEMBLY.1,0.18522551655769348,47509.7578125,47509.7578125,-0.013299891725182533,34517140.0,0.016597917303442955,0.23643720149993896
Bite_Clamp,Node ASSEMBLY.1,0.18570531904697418,47679.94921875,47679.94921875,-0.013331565074622631,33793660.0,0.01671149581670761,0.23699742555618286
Bite_Clamp,Node ASSEMBLY.1,0.18618512153625488,47836.109375,47836.109375,-0.013362930156290531,33104030.0,0.016825346276164055,0.23755978047847748
Bite_Clamp,Node ASSEMBLY.1,0.18666492402553558,47985.11328125,47985.11328125,-0.013393986970186234,32399588.0,0.01693946309387684,0.2381153553724289
Bite_Clamp,Node ASSEMBLY.1,0.18714472651481628,48124.80078125,48124.80078125,-0.013424734584987164,31677544.0,0.017053840681910515,0.2386540323495865
Bite_Clamp,Node ASSEMBLY.1,0.18762452900409698,48250.3828125,48250.3828125,-0.013455172069370747,31010244.0,0.017168479040265083,0.23920026421546936
Bite_Clamp,Node ASSEMBLY.1,0.18810433149337769,48369.421875,48369.421875,-0.013485298492014408,30291380.0,0.017283376306295395,0.23972830176353455
Bite_Clamp,Node ASSEMBLY.1,0.1885841339826584,48472.85546875,48472.85546875,-0.013515112921595573,29633468.0,0.0173985306173563,0.24026505649089813
Bite_Clamp,Node ASSEMBLY.1,0.1890639364719391,48567.55859375,48567.55859375,-0.013544615358114243,28954226.0,0.0175139419734478,0.24079826474189758
Bite_Clamp,Node ASSEMBLY.1,0.1895437389612198,48655.640625,48655.640625,-0.013573803938925266,28236808.0,0.017629599198698997,0.24130766093730927
Bite_Clamp,Node ASSEMBLY.1,0.1900235414505005,48727.4296875,48727.4296875,-0.01360267959535122,27570670.0,0.017745502293109894,0.24181599915027618
Bite_Clamp,Node ASSEMBLY.1,0.1905033439397812,48784.37890625,48784.37890625,-0.013631240464746952,26943172.0,0.017861656844615936,0.2423398345708847
Bite_Clamp,Node ASSEMBLY.1,0.1909831464290619,48839.2265625,48839.2265625,-0.013659486547112465,26232620.0,0.01797805353999138,0.24283723533153534
Bite_Clamp,Node ASSEMBLY.1,0.1914629489183426,48878.453125,48878.453125,-0.013687416911125183,25560812.0,0.018094684928655624,0.24332481622695923
Bite_Clamp,Node ASSEMBLY.1,0.1919427514076233,48904.64453125,48904.64453125,-0.013715030625462532,24914248.0,0.018211551010608673,0.2438134104013443
Bite_Clamp,Node ASSEMBLY.1,0.192422553896904,48918.48828125,48918.48828125,-0.013742328621447086,24280472.0,0.018328657373785973,0.24430713057518005
Bite_Clamp,Node ASSEMBLY.1,0.1929023563861847,48927.61328125,48927.61328125,-0.013769309036433697,23589548.0,0.01844598725438118,0.24477669596672058
Bite_Clamp,Node ASSEMBLY.1,0.1933821588754654,48920.35546875,48920.35546875,-0.013795971870422363,22968540.0,0.01856354996562004,0.245253324508667
Bite_Clamp,Node ASSEMBLY.1,0.1938619613647461,48901.83203125,48901.83203125,-0.013822317123413086,22351296.0,0.018681343644857407,0.24573610723018646
Bite_Clamp,Node ASSEMBLY.1,0.1943417638540268,48882.76953125,48882.76953125,-0.013848344795405865,21657548.0,0.018799355253577232,0.24618618190288544
Bite_Clamp,Node ASSEMBLY.1,0.1948215663433075,48843.796875,48843.796875,-0.013874053955078125,21062166.0,0.018917590379714966,0.24664795398712158
Bite_Clamp,Node ASSEMBLY.1,0.1953013688325882,48800.15234375,48800.15234375,-0.013899444602429867,20420512.0,0.01903603971004486,0.24709740281105042
Bite_Clamp,Node ASSEMBLY.1,0.1957811713218689,48744.5390625,48744.5390625,-0.01392451673746109,19811126.0,0.019154708832502365,0.24754735827445984
Bite_Clamp,Node ASSEMBLY.1,0.1962609738111496,48684.1640625,48684.1640625,-0.013949270360171795,19171404.0,0.019273584708571434,0.24798107147216797
Bite_Clamp,Node ASSEMBLY.1,0.1967407763004303,48611.04296875,48611.04296875,-0.013973704539239407,18565576.0,0.019392672926187515,0.248412624001503
Bite_Clamp,Node ASSEMBLY.1,0.197220578789711,48527.3125,48527.3125,-0.0139978202059865,17991188.0,0.01951197348535061,0.24885424971580505
Bite_Clamp,Node ASSEMBLY.1,0.1977003812789917,48442.48046875,48442.48046875,-0.0140216164290905,17346378.0,0.01963147334754467,0.24926979839801788
Bite_Clamp,Node ASSEMBLY.1,0.1981801837682724,48344.015625,48344.015625,-0.014045094139873981,16768072.0,0.019751176238059998,0.24968819320201874
Bite_Clamp,Node ASSEMBLY.1,0.1986599862575531,48241.05859375,48241.05859375,-0.01406825240701437,16165843.0,0.019871078431606293,0.2500959038734436
Bite_Clamp,Node ASSEMBLY.1,0.1991397887468338,48126.8125,48126.8125,-0.01409109216183424,15609647.0,0.019991179928183556,0.2505120038986206
Bite_Clamp,Node ASSEMBLY.1,0.1996195912361145,48013.29296875,48013.29296875,-0.014113613404333591,14997244.0,0.02011146955192089,0.25090691447257996
Bite_Clamp,Node ASSEMBLY.1,0.2000993937253952,47889.66796875,47889.66796875,-0.014135816134512424,14426565.0,0.020231951028108597,0.25129783153533936
Bite_Clamp,Node ASSEMBLY.1,0.2005791962146759,47757.7890625,47757.7890625,-0.014157700352370739,13888186.0,0.020352622494101524,0.251697301864624
Bite_Clamp,Node ASSEMBLY.1,0.2010589987039566,47628.56640625,47628.56640625,-0.01417926698923111,13282603.0,0.020473478361964226,0.25207069516181946
Bite_Clamp,Node ASSEMBLY.1,0.2015388011932373,47486.62109375,47486.62109375,-0.014200516045093536,12741826.0,0.020594513043761253,0.2524462938308716
Bite_Clamp,Node ASSEMBLY.1,0.202018603682518,47341.62890625,47341.62890625,-0.01422144751995802,12196515.0,0.020715728402137756,0.2528192698955536
Bite_Clamp,Node ASSEMBLY.1,0.2024984061717987,47191.0625,47191.0625,-0.014242062345147133,11641021.0,0.020837120711803436,0.25318220257759094
Bite_Clamp,Node ASSEMBLY.1,0.2029782086610794,47031.0,47031.0,-0.014262361451983452,11140032.0,0.02095869369804859,0.2535575330257416
Bite_Clamp,Node ASSEMBLY.1,0.2034580111503601,46873.62890625,46873.62890625,-0.014282343909144402,10556242.0,0.021080434322357178,0.2539026141166687
Bite_Clamp,Node ASSEMBLY.1,0.2039378136396408,46702.03515625,46702.03515625,-0.014302011579275131,10055301.0,0.021202344447374344,0.25425371527671814
Bite_Clamp,Node ASSEMBLY.1,0.2044176161289215,46526.76171875,46526.76171875,-0.014321364462375641,9551844.0,0.02132442407310009,0.2546065151691437
Bite_Clamp,Node ASSEMBLY.1,0.2048974186182022,46349.5703125,46349.5703125,-0.014340403489768505,9006373.0,0.02144666574895382,0.2549378573894501
Bite_Clamp,Node ASSEMBLY.1,0.2053772211074829,46162.7265625,46162.7265625,-0.014359129592776299,8512578.0,0.021569065749645233,0.25526928901672363
Bite_Clamp,Node ASSEMBLY.1,0.2058570235967636,45972.27734375,45972.27734375,-0.014377542771399021,8012440.5,0.02169162407517433,0.25559505820274353
Bite_Clamp,Node ASSEMBLY.1,0.2063368260860443,45776.6328125,45776.6328125,-0.014395643956959248,7524665.0,0.021814338862895966,0.255918025970459
Bite_Clamp,Node ASSEMBLY.1,0.206816628575325,45581.4609375,45581.4609375,-0.014413434080779552,7013093.0,0.02193720079958439,0.25622421503067017
Bite_Clamp,Node ASSEMBLY.1,0.2072964310646057,45375.66796875,45375.66796875,-0.01443091407418251,6581540.0,0.022060221061110497,0.256548136472702
Bite_Clamp,Node ASSEMBLY.1,0.2077762335538864,45176.6953125,45176.6953125,-0.014448084868490696,6061527.0,0.022183384746313095,0.2568446695804596
Bite_Clamp,Node ASSEMBLY.1,0.20825603604316711,44967.96484375,44967.96484375,-0.014464948326349258,5615243.0,0.022306693717837334,0.2571452558040619
Bite_Clamp,Node ASSEMBLY.1,0.20873583853244781,44758.83203125,44758.83203125,-0.014481504447758198,5171874.5,0.02243014983832836,0.25744789838790894
Bite_Clamp,Node ASSEMBLY.1,0.20921564102172852,44549.44140625,44549.44140625,-0.014497754164040089,4713671.0,0.02255374751985073,0.25774163007736206
Bite_Clamp,Node ASSEMBLY.1,0.20969544351100922,44342.703125,44342.703125,-0.01451369933784008,4223208.5,0.022677475586533546,0.2580077052116394
Bite_Clamp,Node ASSEMBLY.1,0.21017524600028992,44121.75,44121.75,-0.014529340900480747,3851712.25,0.022801343351602554,0.2582996189594269
Bite_Clamp,Node ASSEMBLY.1,0.21065504848957062,43910.4453125,43910.4453125,-0.014544679783284664,3373771.5,0.02292533963918686,0.2585636377334595
Bite_Clamp,Node ASSEMBLY.1,0.21113485097885132,43688.95703125,43688.95703125,-0.01455971784889698,2971816.0,0.02304946631193161,0.25883233547210693
Bite_Clamp,Node ASSEMBLY.1,0.21161465346813202,43466.7734375,43466.7734375,-0.014574455097317696,2558177.5,0.02317371964454651,0.25909698009490967
Bite_Clamp,Node ASSEMBLY.1,0.21209445595741272,43239.35546875,43239.35546875,-0.014588894322514534,2157509.5,0.023298101499676704,0.259359747171402
Bite_Clamp,Node ASSEMBLY.1,0.21257425844669342,43010.51953125,43010.51953125,-0.01460303645581007,1750895.875,0.0234226081520319,0.25961416959762573
Bite_Clamp,Node ASSEMBLY.1,0.21305406093597412,42780.30859375,42780.30859375,-0.014616882428526878,1330367.875,0.023547226563096046,0.2598499655723572
Bite_Clamp,Node ASSEMBLY.1,0.21353386342525482,42539.81640625,42539.81640625,-0.014630435034632683,977631.1875,0.023671962320804596,0.26009640097618103
Bite_Clamp,Node ASSEMBLY.1,0.21401366591453552,42300.06640625,42300.06640625,-0.014643695205450058,595212.6875,0.023796819150447845,0.2603358030319214
Bite_Clamp,Node ASSEMBLY.1,0.21449346840381622,42059.67578125,42059.67578125,-0.014656663872301579,199698.96875,0.023921778425574303,0.26055848598480225
Bite_Clamp,Node ASSEMBLY.1,0.21497327089309692,41812.26171875,41812.26171875,-0.014669343829154968,-138678.125,0.02404685690999031,0.260788232088089
Bite_Clamp,Node ASSEMBLY.1,0.21545307338237762,41568.83984375,41568.83984375,-0.014681736007332802,-543791.8125,0.02417202852666378,0.2609905004501343
Bite_Clamp,Node ASSEMBLY.1,0.21593287587165833,41310.3828125,41310.3828125,-0.014693842269480228,-806049.0,0.02429731748998165,0.26122933626174927
Bite_Clamp,Node ASSEMBLY.1,0.21641267836093903,41068.21875,41068.21875,-0.014705664478242397,-1241587.25,0.024422699585556984,0.26141899824142456
Bite_Clamp,Node ASSEMBLY.1,0.21689248085021973,40804.25390625,40804.25390625,-0.014717205427587032,-1490257.375,0.02454819157719612,0.26164403557777405
Bite_Clamp,Node ASSEMBLY.1,0.21737228333950043,40552.16796875,40552.16796875,-0.014728466048836708,-1853903.875,0.02467378042638302,0.26184579730033875
Bite_Clamp,Node ASSEMBLY.1,0.21785208582878113,40293.94921875,40293.94921875,-0.014739449135959148,-2196209.5,0.02479945868253708,0.26203036308288574
Bite_Clamp,Node ASSEMBLY.1,0.21833188831806183,40028.296875,40028.296875,-0.014750155620276928,-2481548.25,0.02492522820830345,0.26222145557403564
Bite_Clamp,Node ASSEMBLY.1,0.21881169080734253,39764.85546875,39764.85546875,-0.01476058829575777,-2831372.0,0.02505107969045639,0.26238611340522766
Bite_Clamp,Node ASSEMBLY.1,0.21929149329662323,39483.18359375,39483.18359375,-0.0147707499563694,-3041450.5,0.02517702803015709,0.26258718967437744
Bite_Clamp,Node ASSEMBLY.1,0.21977129578590393,39208.26953125,39208.26953125,-0.014780641533434391,-3361141.0,0.0253030676394701,0.26276829838752747
Bite_Clamp,Node ASSEMBLY.1,0.22025109827518463,38921.8515625,38921.8515625,-0.014790266752243042,-3625419.75,0.025429192930459976,0.262950599193573
Bite_Clamp,Node ASSEMBLY.1,0.22073090076446533,38636.99609375,38636.99609375,-0.014799626544117928,-3954983.5,0.025555389001965523,0.2630991041660309
Bite_Clamp,Node ASSEMBLY.1,0.22121070325374603,38333.1796875,38333.1796875,-0.014808723703026772,-4167080.25,0.025681667029857635,0.26326653361320496
Bite_Clamp,Node ASSEMBLY.1,0.22169050574302673,38031.03515625,38031.03515625,-0.014817561022937298,-4457147.0,0.025808019563555717,0.26341313123703003
Bite_Clamp,Node ASSEMBLY.1,0.22217030823230743,37713.5234375,37713.5234375,-0.01482614129781723,-4655958.0,0.025934448465704918,0.26357823610305786
Bite_Clamp,Node ASSEMBLY.1,0.22265011072158813,37398.1015625,37398.1015625,-0.014834466390311718,-4939875.0,0.02606094628572464,0.2637178599834442
Bite_Clamp,Node ASSEMBLY.1,0.22312991321086884,37068.66015625,37068.66015625,-0.014842539094388485,-5129190.0,0.02618752233684063,0.26387277245521545
Bite_Clamp,Node ASSEMBLY.1,0.22360971570014954,36743.33984375,36743.33984375,-0.014850362204015255,-5419379.0,0.026314154267311096,0.2639918923377991
Bite_Clamp,Node ASSEMBLY.1,0.22408951818943024,36396.95703125,36396.95703125,-0.014857938513159752,-5540215.5,0.02644086256623268,0.2641517221927643
Bite_Clamp,Node ASSEMBLY.1,0.22456932067871094,36061.25,36061.25,-0.0148652708157897,-5818634.0,0.02656763419508934,0.264273464679718
Bite_Clamp,Node ASSEMBLY.1,0.22504912316799164,35711.3671875,35711.3671875,-0.014872361905872822,-6005844.5,0.026694463565945625,0.26439645886421204
Bite_Clamp,Node ASSEMBLY.1,0.22552892565727234,35358.00390625,35358.00390625,-0.014879214577376842,-6202598.5,0.026821348816156387,0.26451313495635986
Bite_Clamp,Node ASSEMBLY.1,0.22600872814655304,34998.2578125,34998.2578125,-0.014885831624269485,-6396054.5,0.026948288083076477,0.2646222412586212
Bite_Clamp,Node ASSEMBLY.1,0.22648853063583374,34627.16015625,34627.16015625,-0.01489221677184105,-6540460.0,0.02707528881728649,0.2647436857223511
Bite_Clamp,Node ASSEMBLY.1,0.22696833312511444,34254.94140625,34254.94140625,-0.014898371882736683,-6721524.5,0.027202339842915535,0.26485586166381836
Bite_Clamp,Node ASSEMBLY.1,0.22744813561439514,33872.2421875,33872.2421875,-0.014904300682246685,-6883899.5,0.027329446747899055,0.2649635374546051
Bite_Clamp,Node ASSEMBLY.1,0.22792793810367584,33483.3515625,33483.3515625,-0.014910006895661354,-7061890.5,0.027456600219011307,0.2650555670261383
Bite_Clamp,Node ASSEMBLY.1,0.22840774059295654,33081.01171875,33081.01171875,-0.014915493316948414,-7194709.0,0.02758380025625229,0.2651503086090088
Bite_Clamp,Node ASSEMBLY.1,0.22888754308223724,32672.099609375,32672.099609375,-0.014920763671398163,-7341466.5,0.027711041271686554,0.2652380168437958
Bite_Clamp,Node ASSEMBLY.1,0.22936734557151794,32246.66015625,32246.66015625,-0.014925820752978325,-7408503.5,0.027838341891765594,0.2653522789478302
Bite_Clamp,Node ASSEMBLY.1,0.22984714806079865,31827.0,31827.0,-0.014930668286979198,-7614589.0,0.027965670451521873,0.2654228210449219
Bite_Clamp,Node ASSEMBLY.1,0.23032695055007935,31384.26171875,31384.26171875,-0.014935309998691082,-7682357.5,0.028093047440052032,0.26551127433776855
Bite_Clamp,Node ASSEMBLY.1,0.23080675303936005,30937.619140625,30937.619140625,-0.0149397486820817,-7801342.5,0.028220459818840027,0.265590101480484
Bite_Clamp,Node ASSEMBLY.1,0.23128655552864075,30477.498046875,30477.498046875,-0.014943988993763924,-7866762.0,0.028347918763756752,0.2656804025173187
Bite_Clamp,Node ASSEMBLY.1,0.23176635801792145,30015.896484375,30015.896484375,-0.014948033727705479,-7999535.0,0.028475407510995865,0.2657463252544403
Bite_Clamp,Node ASSEMBLY.1,0.23224616050720215,29540.546875,29540.546875,-0.014951887540519238,-8082887.5,0.028602929785847664,0.26580795645713806
Bite_Clamp,Node ASSEMBLY.1,0.23272596299648285,29058.0234375,29058.0234375,-0.014955553226172924,-8161100.0,0.028730476275086403,0.2658655047416687
Bite_Clamp,Node ASSEMBLY.1,0.23320576548576355,28563.40234375,28563.40234375,-0.014959035441279411,-8208621.5,0.028858056291937828,0.2659308910369873
Bite_Clamp,Node ASSEMBLY.1,0.23368556797504425,28063.5859375,28063.5859375,-0.014962337911128998,-8264654.5,0.02898567169904709,0.26599639654159546
Bite_Clamp,Node ASSEMBLY.1,0.23416537046432495,27560.095703125,27560.095703125,-0.014965464361011982,-8363602.0,0.02911330759525299,0.2660384774208069
Bite_Clamp,Node ASSEMBLY.1,0.23464517295360565,27037.224609375,27037.224609375,-0.014968418516218662,-8347681.5,0.02924097329378128,0.2661081850528717
Bite_Clamp,Node ASSEMBLY.1,0.23512497544288635,26515.830078125,26515.830078125,-0.014971205033361912,-8427931.0,0.02936866693198681,0.2661561965942383
Bite_Clamp,Node ASSEMBLY.1,0.23560477793216705,25983.490234375,25983.490234375,-0.014973828569054604,-8480254.0,0.02949637919664383,0.26619210839271545
Bite_Clamp,Node ASSEMBLY.1,0.23608458042144775,25432.02734375,25432.02734375,-0.014976292848587036,-8441039.0,0.029624121263623238,0.26625609397888184
Bite_Clamp,Node ASSEMBLY.1,0.23656438291072845,24885.9921875,24885.9921875,-0.014978602528572083,-8540997.0,0.029751872643828392,0.2662789523601532
Bite_Clamp,Node ASSEMBLY.1,0.23704418540000916,24318.63671875,24318.63671875,-0.014980761334300041,-8540209.0,0.02987964078783989,0.2663058638572693
Bite_Clamp,Node ASSEMBLY.1,0.23752398788928986,23743.9375,23743.9375,-0.01498277485370636,-8551295.0,0.03000742197036743,0.2663298547267914
Bite_Clamp,Node ASSEMBLY.1,0.23800379037857056,23149.841796875,23149.841796875,-0.014984646812081337,-8477755.0,0.030135225504636765,0.2663879692554474
Bite_Clamp,Node ASSEMBLY.1,0.23848359286785126,22553.85546875,22553.85546875,-0.014986380934715271,-8486349.0,0.030263056978583336,0.26643621921539307
Bite_Clamp,Node ASSEMBLY.1,0.23896339535713196,21953.8046875,21953.8046875,-0.014987983740866184,-8570724.0,0.030390886589884758,0.2664349377155304
Bite_Clamp,Node ASSEMBLY.1,0.23944319784641266,21329.396484375,21329.396484375,-0.014989458955824375,-8483469.0,0.030518732964992523,0.2664635181427002
Bite_Clamp,Node ASSEMBLY.1,0.23992300033569336,20694.498046875,20694.498046875,-0.014990811236202717,-8405707.0,0.030646605417132378,0.266514390707016
Bite_Clamp,Node ASSEMBLY.1,0.24040280282497406,20066.64453125,20066.64453125,-0.014992045238614082,-8462042.0,0.030774476006627083,0.2665202021598816
Bite_Clamp,Node ASSEMBLY.1,0.24088260531425476,19415.25,19415.25,-0.01499316655099392,-8379348.5,0.03090236335992813,0.26654407382011414
Bite_Clamp,Node ASSEMBLY.1,0.24136240780353546,18762.462890625,18762.462890625,-0.014994179829955101,-8340534.5,0.031030258163809776,0.266562819480896
Bite_Clamp,Node ASSEMBLY.1,0.24184221029281616,18096.9921875,18096.9921875,-0.014995090663433075,-8270422.5,0.031158167868852615,0.26658833026885986
Bite_Clamp,Node ASSEMBLY.1,0.24232201278209686,17431.783203125,17431.783203125,-0.01499590277671814,-8252256.0,0.031286079436540604,0.2665935754776001
Bite_Clamp,Node ASSEMBLY.1,0.24280181527137756,16750.349609375,16750.349609375,-0.014996622689068317,-8156840.5,0.03141399845480919,0.2666126787662506
Bite_Clamp,Node ASSEMBLY.1,0.24328161776065826,16066.7236328125,16066.7236328125,-0.014997255057096481,-8101794.5,0.03154192864894867,0.2666243612766266
Bite_Clamp,Node ASSEMBLY.1,0.24376142024993896,15378.57421875,15378.57421875,-0.014997805468738079,-8088387.0,0.031669847667217255,0.26660749316215515
Bite_Clamp,Node ASSEMBLY.1,0.24424122273921967,14667.9619140625,14667.9619140625,-0.014998279511928558,-7917495.0,0.031797777861356735,0.26663529872894287
Bite_Clamp,Node ASSEMBLY.1,0.24472102522850037,13963.2333984375,13963.2333984375,-0.014998682774603367,-7899238.0,0.031925711780786514,0.26663339138031006
Bite_Clamp,Node ASSEMBLY.1,0.24520082771778107,13242.796875,13242.796875,-0.014999019913375378,-7785303.5,0.03205364570021629,0.26664432883262634
Bite_Clamp,Node ASSEMBLY.1,0.24568063020706177,12521.3974609375,12521.3974609375,-0.014999297447502613,-7750328.5,0.032181575894355774,0.2666296660900116
Bite_Clamp,Node ASSEMBLY.1,0.24615173041820526,11787.5078125,11787.5078125,-0.014999516308307648,-7531440.0,0.032307203859090805,0.2666720747947693
Bite_Clamp,Node ASSEMBLY.1,0.24661412835121155,11082.5869140625,11082.5869140625,-0.014999685809016228,-7539336.5,0.032430510967969894,0.2666662633419037
Bite_Clamp,Node ASSEMBLY.1,0.24706782400608063,10371.623046875,10371.623046875,-0.01499981340020895,-7402174.0,0.03255149722099304,0.2666749060153961
Bite_Clamp,Node ASSEMBLY.1,0.2475128173828125,9670.7490234375,9670.7490234375,-0.014999905601143837,-7292735.5,0.032670170068740845,0.26668521761894226
Bite_Clamp,Node ASSEMBLY.1,0.24794910848140717,8985.091796875,8985.091796875,-0.01499996893107891,-7233406.5,0.03278651833534241,0.2666754424571991
Bite_Clamp,Node ASSEMBLY.1,0.24837669730186462,8305.626953125,8305.626953125,-0.015000009909272194,-7139269.0,0.03290054202079773,0.2666609287261963
Bite_Clamp,Node ASSEMBLY.1,0.24879558384418488,7630.60400390625,7630.60400390625,-0.015000034123659134,-6976133.5,0.03301224112510681,0.26667043566703796
Bite_Clamp,Node ASSEMBLY.1,0.24920576810836792,6975.125,6975.125,-0.015000046230852604,-6900470.0,0.03312162309885025,0.2666688859462738
Bite_Clamp,Node ASSEMBLY.1,0.24960723519325256,6328.69384765625,6328.69384765625,-0.015000049956142902,-6795382.0,0.03322868421673775,0.26666757464408875
Bite_Clamp,Node ASSEMBLY.1,0.25,5693.9677734375,5693.9677734375,-0.015000050887465477,-6676593.5,0.0333334244787693,0.2666720449924469
Bite_Clamp,Node ASSEMBLY.2,0.0,0.0,0.0,0.0,0.0,0.0,0.0
Bite_Clamp,Node ASSEMBLY.2,0.0005000000237487257,0.014820393174886703,0.014820393174886703,0.0,-145.61114501953125,-2.660274561402942e-12,-3.730698239223784e-08
Bite_Clamp,Node ASSEMBLY.2,0.0009798076935112476,0.05513941869139671,0.05513941869139671,0.0,-546.98486328125,-3.913884494277653e-11,-1.9302549958410964e-07
Bite_Clamp,Node ASSEMBLY.2,0.0014596153050661087,0.12417198717594147,0.12417198717594147,0.0,-1248.71875,-1.923071146769928e-10,-5.778701392955554e-07
Bite_Clamp,Node ASSEMBLY.2,0.0019394229166209698,0.22667117416858673,0.22667117416858673,0.0,-2316.44482421875,-5.980369532920804e-10,-1.3004803349758731e-06
Bite_Clamp,Node ASSEMBLY.2,0.002419230528175831,0.36943167448043823,0.36943167448043823,0.0,-3837.331787109375,-1.44458145445725e-09,-2.4693849809409585e-06
Bite_Clamp,Node ASSEMBLY.2,0.002899038139730692,0.5608425736427307,0.5608425736427307,0.0,-5910.21923828125,-2.9719593452881554e-09,-4.191832886135671e-06
Bite_Clamp,Node ASSEMBLY.2,0.003378845751285553,0.8112247586250305,0.8112247586250305,0.0,-8643.8125,-5.471339381557527e-09,-6.5737908698793035e-06
Bite_Clamp,Node ASSEMBLY.2,0.003858653362840414,1.132675051689148,1.132675051689148,0.0,-12152.5791015625,-9.284431001788107e-09,-9.719959962239955e-06
Bite_Clamp,Node ASSEMBLY.2,0.004338460974395275,1.5385675430297852,1.5385675430297852,0.0,-16553.0078125,-1.4802871817209962e-08,-1.3733768355450593e-05
Bite_Clamp,Node ASSEMBLY.2,0.004818268585950136,2.042823076248169,2.042823076248169,0.0,-21960.638671875,-2.24676242055466e-08,-1.8717382772592828e-05
Bite_Clamp,Node ASSEMBLY.2,0.005298076197504997,2.6591854095458984,2.6591854095458984,0.0,-28487.91015625,-3.276836935128813e-08,-2.4771716198301874e-05
Bite_Clamp,Node ASSEMBLY.2,0.005777883809059858,3.400692939758301,3.400692939758301,0.0,-36243.1015625,-4.6242902840276656e-08,-3.199643106199801e-05
Bite_Clamp,Node ASSEMBLY.2,0.006257691420614719,4.2792558670043945,4.2792558670043945,0.0,-45330.20703125,-6.347653425109456e-08,-4.048992195748724e-05
Bite_Clamp,Node ASSEMBLY.2,0.0067374990321695805,5.305087566375732,5.305087566375732,0.0,-55849.66015625,-8.510150451002119e-08,-5.0349368393654004e-05
Bite_Clamp,Node ASSEMBLY.2,0.0072173066437244415,6.485837459564209,6.485837459564209,0.0,-67899.1875,-1.1179638192970742e-07,-6.167073297547176e-05
Bite_Clamp,Node ASSEMBLY.2,0.007697114255279303,7.825770854949951,7.825770854949951,0.0,-81574.5078125,-1.4428545114242297e-07,-7.454866863554344e-05
Bite_Clamp,Node ASSEMBLY.2,0.008176921866834164,9.325519561767578,9.325519561767578,0.0,-96970.5625,-1.833381162441583e-07,-8.907660958357155e-05
Bite_Clamp,Node ASSEMBLY.2,0.008656729944050312,10.982797622680664,10.982797622680664,0.0,-114182.4765625,-2.2976846025812847e-07,-0.00010534704779274762
Bite_Clamp,Node ASSEMBLY.2,0.00913653802126646,12.793448448181152,12.793448448181152,0.0,-133303.515625,-2.844343782726355e-07,-0.00012345073628239334
Bite_Clamp,Node ASSEMBLY.2,0.009616346098482609,14.753507614135742,14.753507614135742,0.0,-154428.53125,-3.4823722216970054e-07,-0.0001434775476809591
Bite_Clamp,Node ASSEMBLY.2,0.010096154175698757,16.860000610351562,16.860000610351562,0.0,-177651.28125,-4.2212121798002045e-07,-0.0001655162632232532
Bite_Clamp,Node ASSEMBLY.2,0.010575962252914906,19.111331939697266,19.111331939697266,0.0,-203063.546875,-5.070726274425397e-07,-0.00018965393246617168
Bite_Clamp,Node ASSEMBLY.2,0.011055770330131054,21.508270263671875,21.508270263671875,0.0,-230758.734375,-6.041196343176125e-07,-0.00021597738668788224
Bite_Clamp,Node ASSEMBLY.2,0.011535578407347202,24.053165435791016,24.053165435791016,0.0,-260823.328125,-7.143311222534976e-07,-0.0002445707214064896
Bite_Clamp,Node ASSEMBLY.2,0.01201538648456335,26.751750946044922,26.751750946044922,0.0,-293349.375,-8.388168453166145e-07,-0.0002755186287686229
Bite_Clamp,Node ASSEMBLY.2,0.012495194561779499,29.61149787902832,29.61149787902832,0.0,-328420.9375,-9.78726461653423e-07,-0.0003089036326855421
Bite_Clamp,Node ASSEMBLY.2,0.012975002638995647,32.64246368408203,32.64246368408203,0.0,-366122.125,-1.1352487945259782e-06,-0.00034480690374039114
Bite_Clamp,Node ASSEMBLY.2,0.013454810716211796,35.85575485229492,35.85575485229492,0.0,-406535.96875,-1.3096115480948356e-06,-0.0003833086520899087
Bite_Clamp,Node ASSEMBLY.2,0.013934618793427944,39.26362228393555,39.26362228393555,0.0,-449744.65625,-1.5030806252980256e-06,-0.0004244880110491067
Bite_Clamp,Node ASSEMBLY.2,0.014414426870644093,42.878143310546875,42.878143310546875,0.0,-495830.375,-1.7169601278510527e-06,-0.00046842408482916653
Bite_Clamp,Node ASSEMBLY.2,0.014894234947860241,46.71043395996094,46.71043395996094,0.0,-544865.25,-1.9525900825101417e-06,-0.000515191291924566
Bite_Clamp,Node ASSEMBLY.2,0.01537404302507639,50.772850036621094,50.772850036621094,0.0,-596939.125,-2.2113488284958294e-06,-0.000564868445508182
Bite_Clamp,Node ASSEMBLY.2,0.015853850170969963,55.07476806640625,55.07476806640625,0.0,-652114.6875,-2.494648924766807e-06,-0.0006175266462378204
Bite_Clamp,Node ASSEMBLY.2,0.01633365824818611,59.62724685668945,59.62724685668945,0.0,-710480.4375,-2.8039396511303494e-06,-0.0006732415058650076
Bite_Clamp,Node ASSEMBLY.2,0.01681346632540226,64.43890380859375,64.43890380859375,0.0,-772106.8125,-3.1407053029397503e-06,-0.0007320861332118511
Bite_Clamp,Node ASSEMBLY.2,0.017293274402618408,69.51738739013672,69.51738739013672,0.0,-837061.4375,-3.506464054225944e-06,-0.0007941302610561252
Bite_Clamp,Node ASSEMBLY.2,0.017773082479834557,74.86921691894531,74.86921691894531,0.0,-905413.4375,-3.90276727557648e-06,-0.0008594422251917422
Bite_Clamp,Node ASSEMBLY.2,0.018252890557050705,80.49977111816406,80.49977111816406,0.0,-977238.6875,-4.331200671003899e-06,-0.0009280928643420339
Bite_Clamp,Node ASSEMBLY.2,0.018732698634266853,86.4107437133789,86.4107437133789,0.0,-1052597.0,-4.793382231582655e-06,-0.001000149524770677
Bite_Clamp,Node ASSEMBLY.2,0.019212506711483,92.60498046875,92.60498046875,0.0,-1131553.875,-5.290962690196466e-06,-0.0010756799019873142
Bite_Clamp,Node ASSEMBLY.2,0.01969231478869915,99.08320617675781,99.08320617675781,0.0,-1214167.625,-5.82562370254891e-06,-0.00115474802441895
Bite_Clamp,Node ASSEMBLY.2,0.0201721228659153,105.84732055664062,105.84732055664062,0.0,-1300497.125,-6.399078301910777e-06,-0.001237417571246624
Bite_Clamp,Node ASSEMBLY.2,0.020651930943131447,112.89932250976562,112.89932250976562,0.0,-1390612.375,-7.013071808614768e-06,-0.0013237559469416738
Bite_Clamp,Node ASSEMBLY.2,0.021131739020347595,120.23873901367188,120.23873901367188,0.0,-1484551.0,-7.66937682783464e-06,-0.0014138201950117946
Bite_Clamp,Node ASSEMBLY.2,0.021611547097563744,127.86632537841797,127.86632537841797,0.0,-1582382.5,-8.369796887564007e-06,-0.0015076725976541638
Bite_Clamp,Node ASSEMBLY.2,0.022091355174779892,135.78115844726562,135.78115844726562,0.0,-1684165.5,-9.116164619626943e-06,-0.001605375437065959
Bite_Clamp,Node ASSEMBLY.2,0.02257116325199604,143.9825439453125,143.9825439453125,0.0,-1789955.875,-9.91034357866738e-06,-0.00170699052978307
Bite_Clamp,Node ASSEMBLY.2,0.02305097132921219,152.46591186523438,152.46591186523438,0.0,-1899779.625,-1.0754220056696795e-05,-0.0018125652568414807
Bite_Clamp,Node ASSEMBLY.2,0.023530779406428337,161.23443603515625,161.23443603515625,0.0,-2013731.75,-1.1649711268546525e-05,-0.0019221659749746323
Bite_Clamp,Node ASSEMBLY.2,0.024010587483644485,170.2850799560547,170.2850799560547,0.0,-2131838.5,-1.2598761713888962e-05,-0.002035845536738634
Bite_Clamp,Node ASSEMBLY.2,0.024490395560860634,179.61825561523438,179.61825561523438,0.0,-2254162.0,-1.3603343177237548e-05,-0.002153661334887147
Bite_Clamp,Node ASSEMBLY.2,0.024970203638076782,189.2339630126953,189.2339630126953,0.0,-2380736.25,-1.4665451089967974e-05,-0.002275662962347269
Bite_Clamp,Node ASSEMBLY.2,0.02545001171529293,199.1332244873047,199.1332244873047,0.0,-2511606.0,-1.5787103620823473e-05,-0.002401897683739662
Bite_Clamp,Node ASSEMBLY.2,0.02592981979250908,209.3198699951172,209.3198699951172,0.0,-2646859.75,-1.6970352589851245e-05,-0.002532433019950986
Bite_Clamp,Node ASSEMBLY.2,0.026409627869725227,219.79141235351562,219.79141235351562,0.0,-2786493.5,-1.821726982598193e-05,-0.0026673120446503162
Bite_Clamp,Node ASSEMBLY.2,0.026889435946941376,230.54396057128906,230.54396057128906,0.0,-2930531.25,-1.9529943529050797e-05,-0.002806568518280983
Bite_Clamp,Node ASSEMBLY.2,0.027369244024157524,241.5849151611328,241.5849151611328,0.0,-3079097.5,-2.091049827868119e-05,-0.0029502760153263807
Bite_Clamp,Node ASSEMBLY.2,0.027849052101373672,252.9005889892578,252.9005889892578,0.0,-3232157.0,-2.2361076844390482e-05,-0.0030984708573669195
Bite_Clamp,Node ASSEMBLY.2,0.02832886017858982,264.48663330078125,264.48663330078125,0.0,-3389767.75,-2.3883842004579492e-05,-0.0032511979807168245
Bite_Clamp,Node ASSEMBLY.2,0.02880866825580597,276.33563232421875,276.33563232421875,0.0,-3551969.5,-2.5480978365521878e-05,-0.0034085013903677464
Bite_Clamp,Node ASSEMBLY.2,0.029288476333022118,288.4408874511719,288.4408874511719,0.0,-3718810.5,-2.7154694180353545e-05,-0.003570430912077427
Bite_Clamp,Node ASSEMBLY.2,0.029768284410238266,300.789306640625,300.789306640625,0.0,-3890313.25,-2.890721953008324e-05,-0.0037370282225310802
Bite_Clamp,Node ASSEMBLY.2,0.030248092487454414,313.3772277832031,313.3772277832031,0.0,-4066503.75,-3.074080086662434e-05,-0.003908330108970404
Bite_Clamp,Node ASSEMBLY.2,0.030727900564670563,326.20233154296875,326.20233154296875,0.0,-4247469.5,-3.265771738369949e-05,-0.004084396176040173
Bite_Clamp,Node ASSEMBLY.2,0.03120770864188671,339.25250244140625,339.25250244140625,0.0,-4433153.0,-3.466025009402074e-05,-0.004265244584530592
Bite_Clamp,Node ASSEMBLY.2,0.03168751671910286,352.5296936035156,352.5296936035156,0.0,-4623625.5,-3.675070547615178e-05,-0.004450910724699497
Bite_Clamp,Node ASSEMBLY.2,0.03216732293367386,366.03948974609375,366.03948974609375,0.0,-4818956.5,-3.8931408198550344e-05,-0.0046414476819336414
Bite_Clamp,Node ASSEMBLY.2,0.03264712914824486,379.78277587890625,379.78277587890625,0.0,-5019164.5,-4.120471203350462e-05,-0.004836904350668192
Bite_Clamp,Node ASSEMBLY.2,0.03312693536281586,393.75811767578125,393.75811767578125,0.0,-5224226.5,-4.357297802926041e-05,-0.005037302616983652
Bite_Clamp,Node ASSEMBLY.2,0.033606741577386856,407.9661865234375,407.9661865234375,0.0,-5434185.0,-4.603858178597875e-05,-0.005242673680186272
Bite_Clamp,Node ASSEMBLY.2,0.034086547791957855,422.4195251464844,422.4195251464844,0.0,-5649142.5,-4.8603935283608735e-05,-0.005453080870211124
Bite_Clamp,Node ASSEMBLY.2,0.034566354006528854,437.0943908691406,437.0943908691406,0.0,-5868936.5,-5.127143595018424e-05,-0.005668502300977707
Bite_Clamp,Node ASSEMBLY.2,0.035046160221099854,452.01202392578125,452.01202392578125,0.0,-6093809.0,-5.404351759352721e-05,-0.0058890171349048615
Bite_Clamp,Node ASSEMBLY.2,0.03552596643567085,467.15875244140625,467.15875244140625,0.0,-6323650.5,-5.6922624935396016e-05,-0.006114643067121506
Bite_Clamp,Node ASSEMBLY.2,0.03600577265024185,482.5313720703125,482.5313720703125,0.0,-6558575.5,-5.991123180137947e-05,-0.0063454387709498405
Bite_Clamp,Node ASSEMBLY.2,0.03648557886481285,498.10394287109375,498.10394287109375,0.0,-6798377.0,-6.301178655121475e-05,-0.006581352557986975
Bite_Clamp,Node ASSEMBLY.2,0.03696538507938385,513.9089965820312,513.9089965820312,0.0,-7043471.0,-6.622680666623637e-05,-0.006822524126619101
Bite_Clamp,Node ASSEMBLY.2,0.03744519129395485,529.8890991210938,529.8890991210938,0.0,-7293422.5,-6.955877324799076e-05,-0.0070688738487660885
Bite_Clamp,Node ASSEMBLY.2,0.03792499750852585,546.089599609375,546.089599609375,0.0,-7548705.5,-7.301022560568526e-05,-0.00732053630053997
Bite_Clamp,Node ASSEMBLY.2,0.03840480372309685,562.4548950195312,562.4548950195312,0.0,-7808866.0,-7.658365939278156e-05,-0.0075774239376187325
Bite_Clamp,Node ASSEMBLY.2,0.03888460993766785,579.0252685546875,579.0252685546875,0.0,-8074383.0,-8.028164302231744e-05,-0.00783966388553381
Bite_Clamp,Node ASSEMBLY.2,0.039364416152238846,595.7711791992188,595.7711791992188,0.0,-8344932.0,-8.410672307945788e-05,-0.00810722354799509
Bite_Clamp,Node ASSEMBLY.2,0.039844222366809845,612.697509765625,612.697509765625,0.0,-8620599.0,-8.806144614936784e-05,-0.008380101062357426
Bite_Clamp,Node ASSEMBLY.2,0.040324028581380844,629.8328857421875,629.8328857421875,0.0,-8901634.0,-9.214840974891558e-05,-0.008658409118652344
Bite_Clamp,Node ASSEMBLY.2,0.04080383479595184,647.1436157226562,647.1436157226562,0.0,-9187725.0,-9.637018956709653e-05,-0.008942101150751114
Bite_Clamp,Node ASSEMBLY.2,0.04128364101052284,664.6561889648438,664.6561889648438,0.0,-9479038.0,-0.00010072938312077895,-0.00923120602965355
Bite_Clamp,Node ASSEMBLY.2,0.04176344722509384,682.376953125,682.376953125,0.0,-9775610.0,-0.00010522859520278871,-0.009525761939585209
Bite_Clamp,Node ASSEMBLY.2,0.04224325343966484,700.3073120117188,700.3073120117188,0.0,-10077382.0,-0.00010987044515786693,-0.009825775399804115
Bite_Clamp,Node ASSEMBLY.2,0.04272305965423584,718.448974609375,718.448974609375,0.0,-10384419.0,-0.00011465755960671231,-0.010131272487342358
Bite_Clamp,Node ASSEMBLY.2,0.04320286586880684,736.8203735351562,736.8203735351562,0.0,-10696668.0,-0.00011959256517002359,-0.010442258790135384
Bite_Clamp,Node ASSEMBLY.2,0.04368267208337784,755.4263916015625,755.4263916015625,0.0,-11014199.0,-0.0001246781030204147,-0.010758760385215282
Bite_Clamp,Node ASSEMBLY.2,0.04416247829794884,774.2727661132812,774.2727661132812,0.0,-11336976.0,-0.00012991682160645723,-0.011080785654485226
Bite_Clamp,Node ASSEMBLY.2,0.044642284512519836,793.3731079101562,793.3731079101562,0.0,-11664987.0,-0.00013531137665268034,-0.011408330872654915
Bite_Clamp,Node ASSEMBLY.2,0.045122090727090836,812.7615966796875,812.7615966796875,0.0,-11998549.0,-0.0001408644748153165,-0.01174154318869114
Bite_Clamp,Node ASSEMBLY.2,0.045601896941661835,832.3517456054688,832.3517456054688,0.0,-12336778.0,-0.00014657869178336114,-0.01208014227449894
Bite_Clamp,Node ASSEMBLY.2,0.046081703156232834,852.2881469726562,852.2881469726562,0.0,-12680977.0,-0.00015245677786879241,-0.012424467131495476
Bite_Clamp,Node ASSEMBLY.2,0.04656150937080383,872.4837646484375,872.4837646484375,0.0,-13030138.0,-0.00015850141062401235,-0.012774374336004257
Bite_Clamp,Node ASSEMBLY.2,0.04704131558537483,892.9453125,892.9453125,0.0,-13384496.0,-0.00016471525304950774,-0.01312982477247715
Bite_Clamp,Node ASSEMBLY.2,0.04752112179994583,913.7197875976562,913.7197875976562,0.0,-13744401.0,-0.00017110101180151105,-0.013490952551364899
Bite_Clamp,Node ASSEMBLY.2,0.04800092801451683,934.7595825195312,934.7595825195312,0.0,-14109349.0,-0.0001776613644324243,-0.013857644982635975
Bite_Clamp,Node ASSEMBLY.2,0.04848073422908783,956.1067504882812,956.1067504882812,0.0,-14479858.0,-0.00018439903215039521,-0.014230035245418549
Bite_Clamp,Node ASSEMBLY.2,0.04896054044365883,977.7031860351562,977.7031860351562,0.0,-14855312.0,-0.0001913166925078258,-0.014607966877520084
Bite_Clamp,Node ASSEMBLY.2,0.04944034665822983,999.622802734375,999.622802734375,0.0,-15236490.0,-0.00019841708126477897,-0.014991646632552147
Bite_Clamp,Node ASSEMBLY.2,0.04992015287280083,1021.8118286132812,1021.8118286132812,0.0,-15622704.0,-0.00020570291962940246,-0.015380964614450932
Bite_Clamp,Node ASSEMBLY.2,0.050399959087371826,1044.248779296875,1044.248779296875,0.0,-16013920.0,-0.00021317682694643736,-0.015775786712765694
Bite_Clamp,Node ASSEMBLY.2,0.050879765301942825,1067.0631103515625,1067.0631103515625,0.0,-16411242.0,-0.00022084165539126843,-0.016176506876945496
Bite_Clamp,Node ASSEMBLY.2,0.051359571516513824,1090.10595703125,1090.10595703125,0.0,-16813020.0,-0.000228700038860552,-0.01658274233341217
Bite_Clamp,Node ASSEMBLY.2,0.051839377731084824,1113.4822998046875,1113.4822998046875,0.0,-17220360.0,-0.00023675468401052058,-0.016994627192616463
Bite_Clamp,Node ASSEMBLY.2,0.05231918394565582,1137.212158203125,1137.212158203125,0.0,-17633204.0,-0.0002450083557050675,-0.017412280663847923
Bite_Clamp,Node ASSEMBLY.2,0.05279899016022682,1161.2708740234375,1161.2708740234375,0.0,-18051122.0,-0.000253463804256171,-0.01783561147749424
Bite_Clamp,Node ASSEMBLY.2,0.05327879637479782,1185.66455078125,1185.66455078125,0.0,-18474058.0,-0.00026212367811240256,-0.018264509737491608
Bite_Clamp,Node ASSEMBLY.2,0.05375860258936882,1210.456787109375,1210.456787109375,0.0,-18902418.0,-0.0002709906839299947,-0.018699059262871742
Bite_Clamp,Node ASSEMBLY.2,0.05423840880393982,1235.678955078125,1235.678955078125,0.0,-19336390.0,-0.00028006761567667127,-0.019139448180794716
Bite_Clamp,Node ASSEMBLY.2,0.05471821501851082,1261.26611328125,1261.26611328125,0.0,-19775108.0,-0.00028935718000866473,-0.019585436210036278
Bite_Clamp,Node ASSEMBLY.2,0.05519802123308182,1287.2708740234375,1287.2708740234375,0.0,-20218950.0,-0.0002988620544783771,-0.020036989822983742
Bite_Clamp,Node ASSEMBLY.2,0.05567782744765282,1313.7718505859375,1313.7718505859375,0.0,-20668470.0,-0.0003085850039497018,-0.020494326949119568
Bite_Clamp,Node ASSEMBLY.2,0.056157633662223816,1340.6817626953125,1340.6817626953125,0.0,-21122668.0,-0.0003185287059750408,-0.020957212895154953
Bite_Clamp,Node ASSEMBLY.2,0.056637439876794815,1368.100341796875,1368.100341796875,0.0,-21582304.0,-0.0003286958672106266,-0.0214257650077343
Bite_Clamp,Node ASSEMBLY.2,0.057117246091365814,1396.038818359375,1396.038818359375,0.0,-22047452.0,-0.00033908928162418306,-0.021900152787566185
Bite_Clamp,Node ASSEMBLY.2,0.05759705230593681,1424.368896484375,1424.368896484375,0.0,-22516678.0,-0.00034971151035279036,-0.02237986959517002
Bite_Clamp,Node ASSEMBLY.2,0.05807685852050781,1453.37451171875,1453.37451171875,0.0,-22992376.0,-0.0003605654346756637,-0.022865548729896545
Bite_Clamp,Node ASSEMBLY.2,0.05855666473507881,1482.767333984375,1482.767333984375,0.0,-23471802.0,-0.00037165358662605286,-0.02335652895271778
Bite_Clamp,Node ASSEMBLY.2,0.05903647094964981,1512.8385009765625,1512.8385009765625,0.0,-23957584.0,-0.0003829787892755121,-0.023853417485952377
Bite_Clamp,Node ASSEMBLY.2,0.05951627716422081,1543.3472900390625,1543.3472900390625,0.0,-24447186.0,-0.00039454360376112163,-0.02435561828315258
Bite_Clamp,Node ASSEMBLY.2,0.05999608337879181,1574.562255859375,1574.562255859375,0.0,-24943248.0,-0.00040635091136209667,-0.024863792583346367
Bite_Clamp,Node ASSEMBLY.2,0.06047588959336281,1606.205322265625,1606.205322265625,0.0,-25442940.0,-0.00041840324411168694,-0.025377271696925163
Bite_Clamp,Node ASSEMBLY.2,0.06095569580793381,1638.5048828125,1638.5048828125,0.0,-25948294.0,-0.00043070330866612494,-0.025896361097693443
Bite_Clamp,Node ASSEMBLY.2,0.061435502022504807,1671.394287109375,1671.394287109375,0.0,-26458720.0,-0.00044325381168164313,-0.026421107351779938
Bite_Clamp,Node ASSEMBLY.2,0.061915308237075806,1704.8480224609375,1704.8480224609375,0.0,-26973780.0,-0.0004560574016068131,-0.02695135585963726
Bite_Clamp,Node ASSEMBLY.2,0.062395114451646805,1738.919921875,1738.919921875,0.0,-27493972.0,-0.0004691167559940368,-0.027487196028232574
Bite_Clamp,Node ASSEMBLY.2,0.0628749206662178,1773.5740966796875,1773.5740966796875,0.0,-28018914.0,-0.00048243452329188585,-0.02802855148911476
Bite_Clamp,Node ASSEMBLY.2,0.0633547306060791,1808.8292236328125,1808.8292236328125,0.0,-28548938.0,-0.0004960134392604232,-0.028575506061315536
Bite_Clamp,Node ASSEMBLY.2,0.0638345405459404,1844.6561279296875,1844.6561279296875,0.0,-29083522.0,-0.0005098560941405594,-0.029127923771739006
Bite_Clamp,Node ASSEMBLY.2,0.0643143504858017,1881.0550537109375,1881.0550537109375,0.0,-29622592.0,-0.0005239649908617139,-0.02968563884496689
Bite_Clamp,Node ASSEMBLY.2,0.064794160425663,1918.1719970703125,1918.1719970703125,0.0,-30167612.0,-0.0005383429815992713,-0.030249202623963356
Bite_Clamp,Node ASSEMBLY.2,0.06527397036552429,1955.7352294921875,1955.7352294921875,0.0,-30715692.0,-0.00055299251107499,-0.03081781417131424
Bite_Clamp,Node ASSEMBLY.2,0.06575378030538559,1994.0401611328125,1994.0401611328125,0.0,-31269666.0,-0.0005679162568412721,-0.03139203041791916
Bite_Clamp,Node ASSEMBLY.2,0.06623359024524689,2032.8846435546875,2032.8846435546875,0.0,-31827302.0,-0.0005831166636198759,-0.031971391290426254
Bite_Clamp,Node ASSEMBLY.2,0.06671340018510818,2072.528076171875,2072.528076171875,0.0,-32391300.0,-0.0005985966417938471,-0.03255670517683029
Bite_Clamp,Node ASSEMBLY.2,0.06719321012496948,2112.57568359375,2112.57568359375,0.0,-32957550.0,-0.0006143584614619613,-0.03314686566591263
Bite_Clamp,Node ASSEMBLY.2,0.06767302006483078,2153.464599609375,2153.464599609375,0.0,-33530172.0,-0.0006304049165919423,-0.03374272957444191
Bite_Clamp,Node ASSEMBLY.2,0.06815283000469208,2194.909912109375,2194.909912109375,0.0,-34106488.0,-0.0006467385683208704,-0.0343439020216465
Bite_Clamp,Node ASSEMBLY.2,0.06863263994455338,2236.904541015625,2236.904541015625,0.0,-34686588.0,-0.0006633617449551821,-0.03495005518198013
Bite_Clamp,Node ASSEMBLY.2,0.06911244988441467,2279.7109375,2279.7109375,0.0,-35272916.0,-0.0006802772986702621,-0.03556203097105026
Bite_Clamp,Node ASSEMBLY.2,0.06959225982427597,2322.906005859375,2322.906005859375,0.0,-35861356.0,-0.0006974874995648861,-0.03617875650525093
Bite_Clamp,Node ASSEMBLY.2,0.07007206976413727,2366.86083984375,2366.86083984375,0.0,-36455808.0,-0.0007149949669837952,-0.03680102154612541
Bite_Clamp,Node ASSEMBLY.2,0.07055187970399857,2411.255859375,2411.255859375,0.0,-37053128.0,-0.0007328021456487477,-0.03742816299200058
Bite_Clamp,Node ASSEMBLY.2,0.07103168964385986,2456.434814453125,2456.434814453125,0.0,-37656896.0,-0.0007509118295274675,-0.038061223924160004
Bite_Clamp,Node ASSEMBLY.2,0.07151149958372116,2501.843505859375,2501.843505859375,0.0,-38261776.0,-0.0007693261723034084,-0.03869873285293579
Bite_Clamp,Node ASSEMBLY.2,0.07199130952358246,2548.006103515625,2548.006103515625,0.0,-38872984.0,-0.0007880477933213115,-0.039341721683740616
Bite_Clamp,Node ASSEMBLY.2,0.07247111946344376,2594.66259765625,2594.66259765625,0.0,-39487492.0,-0.0008070791373029351,-0.039989836513996124
Bite_Clamp,Node ASSEMBLY.2,0.07295092940330505,2641.78955078125,2641.78955078125,0.0,-40105328.0,-0.0008264225325547159,-0.04064275324344635
Bite_Clamp,Node ASSEMBLY.2,0.07343073934316635,2689.707275390625,2689.707275390625,0.0,-40729036.0,-0.0008460807148367167,-0.041301362216472626
Bite_Clamp,Node ASSEMBLY.2,0.07391054928302765,2738.015869140625,2738.015869140625,0.0,-41354324.0,-0.0008660558960400522,-0.04196455329656601
Bite_Clamp,Node ASSEMBLY.2,0.07439035922288895,2787.131591796875,2787.131591796875,0.0,-41984484.0,-0.0008863505208864808,-0.0426328182220459
Bite_Clamp,Node ASSEMBLY.2,0.07487016916275024,2836.897705078125,2836.897705078125,0.0,-42617616.0,-0.0009069668594747782,-0.043305784463882446
Bite_Clamp,Node ASSEMBLY.2,0.07534997910261154,2887.74267578125,2887.74267578125,0.0,-43256348.0,-0.0009279075893573463,-0.04398438706994057
Bite_Clamp,Node ASSEMBLY.2,0.07582978904247284,2939.2255859375,2939.2255859375,0.0,-43896048.0,-0.000949174864217639,-0.044667378067970276
Bite_Clamp,Node ASSEMBLY.2,0.07630959898233414,2991.94384765625,2991.94384765625,0.0,-44540740.0,-0.0009707711287774146,-0.04535546898841858
Bite_Clamp,Node ASSEMBLY.2,0.07678940892219543,3045.77587890625,3045.77587890625,0.0,-45188304.0,-0.0009926985949277878,-0.04604841768741608
Bite_Clamp,Node ASSEMBLY.2,0.07726921886205673,3100.900390625,3100.900390625,0.0,-45838776.0,-0.001014959765598178,-0.046746041625738144
Bite_Clamp,Node ASSEMBLY.2,0.07774902880191803,3157.647705078125,3157.647705078125,0.0,-46494096.0,-0.0010375571437180042,-0.047449156641960144
Bite_Clamp,Node ASSEMBLY.2,0.07822883874177933,3215.63134765625,3215.63134765625,0.0,-47149020.0,-0.001060492591932416,-0.048156097531318665
Bite_Clamp,Node ASSEMBLY.2,0.07870864868164062,3275.615234375,3275.615234375,0.0,-47809588.0,-0.0010837685549631715,-0.04886817932128906
Bite_Clamp,Node ASSEMBLY.2,0.07918845862150192,3337.2978515625,3337.2978515625,0.0,-48471648.0,-0.0011073872447013855,-0.049584824591875076
Bite_Clamp,Node ASSEMBLY.2,0.07966826856136322,3401.113525390625,3401.113525390625,0.0,-49137972.0,-0.0011313512222841382,-0.05030681937932968
Bite_Clamp,Node ASSEMBLY.2,0.08014807850122452,3466.64453125,3466.64453125,0.0,-49803244.0,-0.001155662233941257,-0.051032498478889465
Bite_Clamp,Node ASSEMBLY.2,0.08062788844108582,3534.640380859375,3534.640380859375,0.0,-50474044.0,-0.001180322840809822,-0.0517633892595768
Bite_Clamp,Node ASSEMBLY.2,0.08110769838094711,3604.7099609375,3604.7099609375,0.0,-51145480.0,-0.0012053352547809482,-0.05249883607029915
Bite_Clamp,Node ASSEMBLY.2,0.08158750832080841,3676.95947265625,3676.95947265625,0.0,-51817624.0,-0.0012307013384997845,-0.05323825776576996
Bite_Clamp,Node ASSEMBLY.2,0.08206731826066971,3751.73486328125,3751.73486328125,0.0,-52493308.0,-0.0012564235366880894,-0.05398256704211235
Bite_Clamp,Node ASSEMBLY.2,0.082547128200531,3828.905517578125,3828.905517578125,0.0,-53170792.0,-0.0012825040612369776,-0.05473192781209946
Bite_Clamp,Node ASSEMBLY.2,0.0830269381403923,3908.10302734375,3908.10302734375,0.0,-53845816.0,-0.0013089447747915983,-0.05548453703522682
Bite_Clamp,Node ASSEMBLY.2,0.0835067480802536,3990.174072265625,3990.174072265625,0.0,-54526524.0,-0.00133574812207371,-0.056242626160383224
Bite_Clamp,Node ASSEMBLY.2,0.0839865580201149,4074.31396484375,4074.31396484375,0.0,-55204164.0,-0.0013629159657284617,-0.05700435861945152
Bite_Clamp,Node ASSEMBLY.2,0.0844663679599762,4161.17822265625,4161.17822265625,0.0,-55884932.0,-0.0013904505176469684,-0.057770948857069016
Bite_Clamp,Node ASSEMBLY.2,0.0849461778998375,4250.22998046875,4250.22998046875,0.0,-56563492.0,-0.001418353640474379,-0.058541227132081985
Bite_Clamp,Node ASSEMBLY.2,0.08542598783969879,4341.900390625,4341.900390625,0.0,-57243160.0,-0.0014466274296864867,-0.059315744787454605
Bite_Clamp,Node ASSEMBLY.2,0.08590579777956009,4436.29443359375,4436.29443359375,0.0,-57924340.0,-0.0014752742135897279,-0.06009530648589134
Bite_Clamp,Node ASSEMBLY.2,0.08638560771942139,4532.828125,4532.828125,0.0,-58600920.0,-0.0015042956219986081,-0.06087801977992058
Bite_Clamp,Node ASSEMBLY.2,0.08686541765928268,4632.22705078125,4632.22705078125,0.0,-59279664.0,-0.0015336936339735985,-0.061665285378694534
Bite_Clamp,Node ASSEMBLY.2,0.08734522759914398,4734.2216796875,4734.2216796875,0.0,-59956676.0,-0.0015634705778211355,-0.06245678290724754
Bite_Clamp,Node ASSEMBLY.2,0.08782503753900528,4838.83984375,4838.83984375,0.0,-60631728.0,-0.0015936281997710466,-0.06325225532054901
Bite_Clamp,Node ASSEMBLY.2,0.08830484747886658,4946.10986328125,4946.10986328125,0.0,-61304540.0,-0.0016241682460531592,-0.06405137479305267
Bite_Clamp,Node ASSEMBLY.2,0.08878465741872787,5056.2001953125,5056.2001953125,0.0,-61976440.0,-0.0016550928121432662,-0.06485462188720703
Bite_Clamp,Node ASSEMBLY.2,0.08926446735858917,5169.19873046875,5169.19873046875,0.0,-62646604.0,-0.0016864038771018386,-0.06566222757101059
Bite_Clamp,Node ASSEMBLY.2,0.08974427729845047,5284.76513671875,5284.76513671875,0.0,-63312224.0,-0.001718103070743382,-0.06647316366434097
Bite_Clamp,Node ASSEMBLY.2,0.09022408723831177,5403.25830078125,5403.25830078125,0.0,-63975968.0,-0.0017501923721283674,-0.06728783249855042
Bite_Clamp,Node ASSEMBLY.2,0.09070389717817307,5524.49169921875,5524.49169921875,0.0,-64636428.0,-0.0017826732946559787,-0.06810607761144638
Bite_Clamp,Node ASSEMBLY.2,0.09118370711803436,5649.0029296875,5649.0029296875,0.0,-65298208.0,-0.0018155487487092614,-0.06893003731966019
Bite_Clamp,Node ASSEMBLY.2,0.09166351705789566,5775.14794921875,5775.14794921875,0.0,-65946296.0,-0.0018488188507035375,-0.06975480914115906
Bite_Clamp,Node ASSEMBLY.2,0.09214332699775696,5904.97412109375,5904.97412109375,0.0,-66600604.0,-0.0018824866274371743,-0.07058509439229965
Bite_Clamp,Node ASSEMBLY.2,0.09262313693761826,6036.751953125,6036.751953125,0.0,-67245480.0,-0.0019165532430633903,-0.07141818106174469
Bite_Clamp,Node ASSEMBLY.2,0.09310294687747955,6171.390625,6171.390625,0.0,-67890040.0,-0.0019510209094733,-0.07225585728883743
Bite_Clamp,Node ASSEMBLY.2,0.09358275681734085,6307.90625,6307.90625,0.0,-68526192.0,-0.0019858907908201218,-0.07309607416391373
Bite_Clamp,Node ASSEMBLY.2,0.09406256675720215,6446.81396484375,6446.81396484375,0.0,-69159208.0,-0.002021164633333683,-0.07393941283226013
Bite_Clamp,Node ASSEMBLY.2,0.09454237669706345,6588.09033203125,6588.09033203125,0.0,-69790576.0,-0.0020568445324897766,-0.07478727400302887
Bite_Clamp,Node ASSEMBLY.2,0.09502218663692474,6730.92529296875,6730.92529296875,0.0,-70413176.0,-0.002092931652441621,-0.07563775032758713
Bite_Clamp,Node ASSEMBLY.2,0.09550199657678604,6875.91162109375,6875.91162109375,0.0,-71033184.0,-0.0021294276230037212,-0.0764918401837349
Bite_Clamp,Node ASSEMBLY.2,0.09598180651664734,7022.697265625,7022.697265625,0.0,-71648000.0,-0.0021663340739905834,-0.07734944671392441
Bite_Clamp,Node ASSEMBLY.2,0.09646161645650864,7171.25,7171.25,0.0,-72257664.0,-0.002203653333708644,-0.0782105028629303
Bite_Clamp,Node ASSEMBLY.2,0.09694142639636993,7320.99560546875,7320.99560546875,0.0,-72857176.0,-0.0022413854021579027,-0.0790727362036705
Bite_Clamp,Node ASSEMBLY.2,0.09742123633623123,7473.2685546875,7473.2685546875,0.0,-73459760.0,-0.0022795330733060837,-0.07994018495082855
Bite_Clamp,Node ASSEMBLY.2,0.09790104627609253,7626.8701171875,7626.8701171875,0.0,-74053152.0,-0.0023180977441370487,-0.08081113547086716
Bite_Clamp,Node ASSEMBLY.2,0.09838085621595383,7781.7294921875,7781.7294921875,0.0,-74637736.0,-0.0023570803459733725,-0.08168400079011917
Bite_Clamp,Node ASSEMBLY.2,0.09886066615581512,7938.37158203125,7938.37158203125,0.0,-75217512.0,-0.0023964825086295605,-0.08255928009748459
Bite_Clamp,Node ASSEMBLY.2,0.09934047609567642,8097.18212890625,8097.18212890625,0.0,-75796696.0,-0.002436306094750762,-0.08343949913978577
Bite_Clamp,Node ASSEMBLY.2,0.09982028603553772,8256.7294921875,8256.7294921875,0.0,-76361856.0,-0.0024765520356595516,-0.08432092517614365
Bite_Clamp,Node ASSEMBLY.2,0.10030009597539902,8418.1796875,8418.1796875,0.0,-76923504.0,-0.002517221262678504,-0.08520492911338806
Bite_Clamp,Node ASSEMBLY.2,0.10077990591526031,8581.5048828125,8581.5048828125,0.0,-77482248.0,-0.0025583161041140556,-0.08609316498041153
Bite_Clamp,Node ASSEMBLY.2,0.10125971585512161,8745.6884765625,8745.6884765625,0.0,-78028704.0,-0.0025998372584581375,-0.08698295056819916
Bite_Clamp,Node ASSEMBLY.2,0.10173952579498291,8911.767578125,8911.767578125,0.0,-78573320.0,-0.002641786355525255,-0.0878765732049942
Bite_Clamp,Node ASSEMBLY.2,0.10221933573484421,9078.7578125,9078.7578125,0.0,-79106832.0,-0.0026841647922992706,-0.08877207338809967
Bite_Clamp,Node ASSEMBLY.2,0.1026991456747055,9247.0576171875,9247.0576171875,0.0,-79633880.0,-0.0027269732672721148,-0.08966966718435287
Bite_Clamp,Node ASSEMBLY.2,0.1031789556145668,9416.8076171875,9416.8076171875,0.0,-80157032.0,-0.0027702131774276495,-0.09057090431451797
Bite_Clamp,Node ASSEMBLY.2,0.1036587655544281,9587.17578125,9587.17578125,0.0,-80668640.0,-0.0028138861525803804,-0.09147381037473679
Bite_Clamp,Node ASSEMBLY.2,0.1041385754942894,9758.73046875,9758.73046875,0.0,-81174416.0,-0.0028579928912222385,-0.09237910807132721
Bite_Clamp,Node ASSEMBLY.2,0.1046183854341507,9931.4716796875,9931.4716796875,0.0,-81674936.0,-0.0029025350231677294,-0.09328790754079819
Bite_Clamp,Node ASSEMBLY.2,0.105098195374012,10104.865234375,10104.865234375,0.0,-82165936.0,-0.002947513945400715,-0.09419917315244675
Bite_Clamp,Node ASSEMBLY.2,0.10557800531387329,10278.4296875,10278.4296875,0.0,-82643040.0,-0.0029929291922599077,-0.09510999172925949
Bite_Clamp,Node ASSEMBLY.2,0.10605781525373459,10453.9638671875,10453.9638671875,0.0,-83123400.0,-0.0030387835577130318,-0.09602564573287964
Bite_Clamp,Node ASSEMBLY.2,0.10653762519359589,10629.8681640625,10629.8681640625,0.0,-83591384.0,-0.003085077740252018,-0.09694400429725647
Bite_Clamp,Node ASSEMBLY.2,0.10701743513345718,10806.076171875,10806.076171875,0.0,-84046912.0,-0.0031318122055381536,-0.09786290675401688
Bite_Clamp,Node ASSEMBLY.2,0.10749724507331848,10983.3271484375,10983.3271484375,0.0,-84497512.0,-0.0031789883505553007,-0.09878373891115189
Bite_Clamp,Node ASSEMBLY.2,0.10797705501317978,11161.564453125,11161.564453125,0.0,-84941960.0,-0.0032266071066260338,-0.09970755130052567
Bite_Clamp,Node ASSEMBLY.2,0.10845686495304108,11340.1513671875,11340.1513671875,0.0,-85374184.0,-0.0032746694050729275,-0.10063248127698898
Bite_Clamp,Node ASSEMBLY.2,0.10893667489290237,11519.62890625,11519.62890625,0.0,-85800448.0,-0.003323175711557269,-0.10155969113111496
Bite_Clamp,Node ASSEMBLY.2,0.10941648483276367,11699.9130859375,11699.9130859375,0.0,-86218760.0,-0.0033721276558935642,-0.1024894192814827
Bite_Clamp,Node ASSEMBLY.2,0.10989629477262497,11880.4013671875,11880.4013671875,0.0,-86624832.0,-0.003421525936573744,-0.10341993719339371
Bite_Clamp,Node ASSEMBLY.2,0.11037610471248627,12061.9482421875,12061.9482421875,0.0,-87026800.0,-0.0034713714849203825,-0.10435328632593155
Bite_Clamp,Node ASSEMBLY.2,0.11085591465234756,12243.4345703125,12243.4345703125,0.0,-87414024.0,-0.0035216647665947676,-0.10528668761253357
Bite_Clamp,Node ASSEMBLY.2,0.11133572459220886,12425.84375,12425.84375,0.0,-87796960.0,-0.0035724062472581863,-0.10622227191925049
Bite_Clamp,Node ASSEMBLY.2,0.11181553453207016,12608.830078125,12608.830078125,0.0,-88171864.0,-0.003623597789555788,-0.10716061294078827
Bite_Clamp,Node ASSEMBLY.2,0.11229534447193146,12791.7119140625,12791.7119140625,0.0,-88533160.0,-0.003675239160656929,-0.10809942334890366
Bite_Clamp,Node ASSEMBLY.2,0.11277515441179276,12975.2392578125,12975.2392578125,0.0,-88888064.0,-0.003727331990376115,-0.10903999954462051
Bite_Clamp,Node ASSEMBLY.2,0.11325496435165405,13158.9228515625,13158.9228515625,0.0,-89232704.0,-0.0037798758130520582,-0.10998184233903885
Bite_Clamp,Node ASSEMBLY.2,0.11373477429151535,13343.1572265625,13343.1572265625,0.0,-89570736.0,-0.0038328724913299084,-0.11092614382505417
Bite_Clamp,Node ASSEMBLY.2,0.11421458423137665,13526.7626953125,13526.7626953125,0.0,-89891320.0,-0.0038863213267177343,-0.11186910420656204
Bite_Clamp,Node ASSEMBLY.2,0.11469439417123795,13711.8076171875,13711.8076171875,0.0,-90213736.0,-0.003940224181860685,-0.11281610280275345
Bite_Clamp,Node ASSEMBLY.2,0.11517420411109924,13896.3974609375,13896.3974609375,0.0,-90521000.0,-0.003994581755250692,-0.11376433819532394
Bite_Clamp,Node ASSEMBLY.2,0.11565401405096054,14080.81640625,14080.81640625,0.0,-90815368.0,-0.004049394279718399,-0.1147121712565422
Bite_Clamp,Node ASSEMBLY.2,0.11613382399082184,14265.5712890625,14265.5712890625,0.0,-91102184.0,-0.004104661289602518,-0.11566061526536942
Bite_Clamp,Node ASSEMBLY.2,0.11661363393068314,14450.63671875,14450.63671875,0.0,-91381584.0,-0.004160383716225624,-0.11661083996295929
Bite_Clamp,Node ASSEMBLY.2,0.11709344387054443,14635.8095703125,14635.8095703125,0.0,-91652016.0,-0.004216562956571579,-0.11756320297718048
Bite_Clamp,Node ASSEMBLY.2,0.11757325381040573,14820.6923828125,14820.6923828125,0.0,-91909664.0,-0.00427319947630167,-0.1185162216424942
Bite_Clamp,Node ASSEMBLY.2,0.11805306375026703,15005.3798828125,15005.3798828125,0.0,-92155928.0,-0.004330293275415897,-0.11946913599967957
Bite_Clamp,Node ASSEMBLY.2,0.11853287369012833,15190.146484375,15190.146484375,0.0,-92394608.0,-0.0043878438882529736,-0.1204230785369873
Bite_Clamp,Node ASSEMBLY.2,0.11901268362998962,15374.619140625,15374.619140625,0.0,-92622376.0,-0.0044458527117967606,-0.12137759476900101
Bite_Clamp,Node ASSEMBLY.2,0.11949249356985092,15559.06640625,15559.06640625,0.0,-92842616.0,-0.004504320211708546,-0.12233392149209976
Bite_Clamp,Node ASSEMBLY.2,0.11997230350971222,15742.8486328125,15742.8486328125,0.0,-93050024.0,-0.004563246853649616,-0.12329071760177612
Bite_Clamp,Node ASSEMBLY.2,0.12045211344957352,15925.81640625,15925.81640625,0.0,-93243128.0,-0.00462263124063611,-0.12424600124359131
Bite_Clamp,Node ASSEMBLY.2,0.12093192338943481,16109.396484375,16109.396484375,0.0,-93436768.0,-0.004682475700974464,-0.1252048760652542
Bite_Clamp,Node ASSEMBLY.2,0.12141173332929611,16291.013671875,16291.013671875,0.0,-93606536.0,-0.004742778837680817,-0.12616093456745148
Bite_Clamp,Node ASSEMBLY.2,0.12189154326915741,16473.291015625,16473.291015625,0.0,-93778592.0,-0.004803542047739029,-0.1271202564239502
Bite_Clamp,Node ASSEMBLY.2,0.12237135320901871,16653.740234375,16653.740234375,0.0,-93929608.0,-0.004864764399826527,-0.12807771563529968
Bite_Clamp,Node ASSEMBLY.2,0.12285116314888,16834.177734375,16834.177734375,0.0,-94077768.0,-0.004926447290927172,-0.12903697788715363
Bite_Clamp,Node ASSEMBLY.2,0.1233309730887413,17013.341796875,17013.341796875,0.0,-94210664.0,-0.004988590255379677,-0.12999573349952698
Bite_Clamp,Node ASSEMBLY.2,0.1238107830286026,17192.26171875,17192.26171875,0.0,-94339760.0,-0.005051194224506617,-0.13095711171627045
Bite_Clamp,Node ASSEMBLY.2,0.1242905929684639,17368.787109375,17368.787109375,0.0,-94444592.0,-0.005114257335662842,-0.13191460072994232
Bite_Clamp,Node ASSEMBLY.2,0.1247704029083252,17545.962890625,17545.962890625,0.0,-94555392.0,-0.005177781917154789,-0.13287606835365295
Bite_Clamp,Node ASSEMBLY.2,0.1252502053976059,17720.177734375,17720.177734375,0.0,-94637328.0,-0.005241765640676022,-0.13383284211158752
Bite_Clamp,Node ASSEMBLY.2,0.1257300078868866,17894.43359375,17894.43359375,0.0,-94720224.0,-0.005306208971887827,-0.13479061424732208
Bite_Clamp,Node ASSEMBLY.2,0.1262098103761673,18067.9140625,18067.9140625,0.0,-94796136.0,-0.005371113773435354,-0.13575124740600586
Bite_Clamp,Node ASSEMBLY.2,0.126689612865448,18239.12890625,18239.12890625,0.0,-94851848.0,-0.005436478182673454,-0.13671034574508667
Bite_Clamp,Node ASSEMBLY.2,0.1271694153547287,18409.322265625,18409.322265625,0.0,-94900416.0,-0.005502302665263414,-0.1376693993806839
Bite_Clamp,Node ASSEMBLY.2,0.1276492178440094,18577.97265625,18577.97265625,0.0,-94937440.0,-0.005568587686866522,-0.1386280357837677
Bite_Clamp,Node ASSEMBLY.2,0.1281290203332901,18745.349609375,18745.349609375,0.0,-94964112.0,-0.005635333247482777,-0.13958659768104553
Bite_Clamp,Node ASSEMBLY.2,0.1286088228225708,18911.537109375,18911.537109375,0.0,-94983896.0,-0.00570253748446703,-0.1405467540025711
Bite_Clamp,Node ASSEMBLY.2,0.1290886253118515,19075.484375,19075.484375,0.0,-94985456.0,-0.005770203657448292,-0.14150495827198029
Bite_Clamp,Node ASSEMBLY.2,0.1295684278011322,19237.72265625,19237.72265625,0.0,-94974832.0,-0.005838328041136265,-0.14246046543121338
Bite_Clamp,Node ASSEMBLY.2,0.1300482302904129,19399.384765625,19399.384765625,0.0,-94963696.0,-0.0059069120325148106,-0.14341825246810913
Bite_Clamp,Node ASSEMBLY.2,0.1305280327796936,19557.9453125,19557.9453125,0.0,-94927840.0,-0.00597595376893878,-0.1443718820810318
Bite_Clamp,Node ASSEMBLY.2,0.1310078352689743,19716.388671875,19716.388671875,0.0,-94896328.0,-0.006045454181730747,-0.1453288048505783
Bite_Clamp,Node ASSEMBLY.2,0.131487637758255,19871.990234375,19871.990234375,0.0,-94843296.0,-0.006115413736552,-0.14628390967845917
Bite_Clamp,Node ASSEMBLY.2,0.1319674402475357,20025.91796875,20025.91796875,0.0,-94780408.0,-0.006185831036418676,-0.14723773300647736
Bite_Clamp,Node ASSEMBLY.2,0.1324472427368164,20178.244140625,20178.244140625,0.0,-94708592.0,-0.006256705615669489,-0.14819122850894928
Bite_Clamp,Node ASSEMBLY.2,0.1329270452260971,20328.123046875,20328.123046875,0.0,-94620424.0,-0.00632803700864315,-0.14914195239543915
Bite_Clamp,Node ASSEMBLY.2,0.1334068477153778,20476.4375,20476.4375,0.0,-94525424.0,-0.006399824284017086,-0.1500919908285141
Bite_Clamp,Node ASSEMBLY.2,0.1338866502046585,20623.875,20623.875,0.0,-94430240.0,-0.0064720697700977325,-0.1510464996099472
Bite_Clamp,Node ASSEMBLY.2,0.1343664526939392,20767.23046875,20767.23046875,0.0,-94305008.0,-0.006544771138578653,-0.1519961655139923
Bite_Clamp,Node ASSEMBLY.2,0.1348462551832199,20909.103515625,20909.103515625,0.0,-94175024.0,-0.006617927458137274,-0.15294384956359863
Bite_Clamp,Node ASSEMBLY.2,0.1353260576725006,21048.68359375,21048.68359375,0.0,-94033072.0,-0.006691537331789732,-0.15388920903205872
Bite_Clamp,Node ASSEMBLY.2,0.1358058601617813,21187.162109375,21187.162109375,0.0,-93891080.0,-0.0067656030878424644,-0.1548374742269516
Bite_Clamp,Node ASSEMBLY.2,0.136285662651062,21321.064453125,21321.064453125,0.0,-93714720.0,-0.006840119604021311,-0.155777707695961
Bite_Clamp,Node ASSEMBLY.2,0.1367654651403427,21455.685546875,21455.685546875,0.0,-93556456.0,-0.006915090139955282,-0.1567237675189972
Bite_Clamp,Node ASSEMBLY.2,0.1372452676296234,21585.759765625,21585.759765625,0.0,-93365920.0,-0.006990513298660517,-0.15766564011573792
Bite_Clamp,Node ASSEMBLY.2,0.1377250701189041,21714.240234375,21714.240234375,0.0,-93172072.0,-0.007066389545798302,-0.15860676765441895
Bite_Clamp,Node ASSEMBLY.2,0.13820487260818481,21839.921875,21839.921875,0.0,-92964160.0,-0.007142715156078339,-0.15954570472240448
Bite_Clamp,Node ASSEMBLY.2,0.13868467509746552,21963.654296875,21963.654296875,0.0,-92751216.0,-0.007219491992145777,-0.160485178232193
Bite_Clamp,Node ASSEMBLY.2,0.13916447758674622,22083.66015625,22083.66015625,0.0,-92516280.0,-0.0072967177256941795,-0.16141986846923828
Bite_Clamp,Node ASSEMBLY.2,0.13964428007602692,22201.763671875,22201.763671875,0.0,-92277144.0,-0.00737439189106226,-0.16235309839248657
Bite_Clamp,Node ASSEMBLY.2,0.14012408256530762,22317.298828125,22317.298828125,0.0,-92027904.0,-0.007452514488250017,-0.16328540444374084
Bite_Clamp,Node ASSEMBLY.2,0.14060388505458832,22429.71484375,22429.71484375,0.0,-91764216.0,-0.007531082723289728,-0.1642150580883026
Bite_Clamp,Node ASSEMBLY.2,0.14108368754386902,22539.37109375,22539.37109375,0.0,-91490272.0,-0.007610096130520105,-0.16514255106449127
Bite_Clamp,Node ASSEMBLY.2,0.14156349003314972,22647.349609375,22647.349609375,0.0,-91217408.0,-0.00768955796957016,-0.16607338190078735
Bite_Clamp,Node ASSEMBLY.2,0.14204329252243042,22750.37109375,22750.37109375,0.0,-90913200.0,-0.007769462652504444,-0.1669977754354477
Bite_Clamp,Node ASSEMBLY.2,0.14252309501171112,22851.69140625,22851.69140625,0.0,-90609184.0,-0.00784981157630682,-0.16792075335979462
Bite_Clamp,Node ASSEMBLY.2,0.14300289750099182,22949.94921875,22949.94921875,0.0,-90292992.0,-0.007930602878332138,-0.16884168982505798
Bite_Clamp,Node ASSEMBLY.2,0.14348269999027252,23046.130859375,23046.130859375,0.0,-89973832.0,-0.008011837489902973,-0.1697641760110855
Bite_Clamp,Node ASSEMBLY.2,0.14396250247955322,23136.6640625,23136.6640625,0.0,-89619008.0,-0.008093508891761303,-0.17067623138427734
Bite_Clamp,Node ASSEMBLY.2,0.14444230496883392,23227.640625,23227.640625,0.0,-89287376.0,-0.00817562174052,-0.17159394919872284
Bite_Clamp,Node ASSEMBLY.2,0.14492210745811462,23313.111328125,23313.111328125,0.0,-88920584.0,-0.008258173242211342,-0.1725057065486908
Bite_Clamp,Node ASSEMBLY.2,0.14540190994739532,23396.7421875,23396.7421875,0.0,-88554760.0,-0.008341162465512753,-0.1734168827533722
Bite_Clamp,Node ASSEMBLY.2,0.14588171243667603,23476.38671875,23476.38671875,0.0,-88168728.0,-0.00842458475381136,-0.1743229180574417
Bite_Clamp,Node ASSEMBLY.2,0.14636151492595673,23554.36328125,23554.36328125,0.0,-87785064.0,-0.00850844569504261,-0.17522986233234406
Bite_Clamp,Node ASSEMBLY.2,0.14684131741523743,23628.61328125,23628.61328125,0.0,-87384480.0,-0.008592740632593632,-0.17613449692726135
Bite_Clamp,Node ASSEMBLY.2,0.14732111990451813,23698.22265625,23698.22265625,0.0,-86957984.0,-0.008677464909851551,-0.1770295351743698
Bite_Clamp,Node ASSEMBLY.2,0.14780092239379883,23769.171875,23769.171875,0.0,-86564112.0,-0.008762624114751816,-0.17793521285057068
Bite_Clamp,Node ASSEMBLY.2,0.14828072488307953,23831.037109375,23831.037109375,0.0,-86102488.0,-0.008848210796713829,-0.17882420122623444
Bite_Clamp,Node ASSEMBLY.2,0.14876052737236023,23894.36328125,23894.36328125,0.0,-85676440.0,-0.00893422681838274,-0.17971815168857574
Bite_Clamp,Node ASSEMBLY.2,0.14924032986164093,23953.0625,23953.0625,0.0,-85226240.0,-0.009020672179758549,-0.18061041831970215
Bite_Clamp,Node ASSEMBLY.2,0.14972013235092163,24008.279296875,24008.279296875,0.0,-84764064.0,-0.009107544086873531,-0.18149974942207336
Bite_Clamp,Node ASSEMBLY.2,0.15019993484020233,24059.66015625,24059.66015625,0.0,-84286528.0,-0.009194841608405113,-0.18238340318202972
Bite_Clamp,Node ASSEMBLY.2,0.15067973732948303,24108.490234375,24108.490234375,0.0,-83806472.0,-0.00928256195038557,-0.18326473236083984
Bite_Clamp,Node ASSEMBLY.2,0.15115953981876373,24153.18359375,24153.18359375,0.0,-83309160.0,-0.009370703250169754,-0.18414032459259033
Bite_Clamp,Node ASSEMBLY.2,0.15163934230804443,24196.427734375,24196.427734375,0.0,-82821104.0,-0.009459266439080238,-0.18501922488212585
Bite_Clamp,Node ASSEMBLY.2,0.15211914479732513,24234.09765625,24234.09765625,0.0,-82303056.0,-0.009548249654471874,-0.18589156866073608
Bite_Clamp,Node ASSEMBLY.2,0.15259894728660583,24268.9609375,24268.9609375,0.0,-81782760.0,-0.009637651033699512,-0.18676070868968964
Bite_Clamp,Node ASSEMBLY.2,0.15307874977588654,24300.681640625,24300.681640625,0.0,-81257136.0,-0.009727468714118004,-0.18762850761413574
Bite_Clamp,Node ASSEMBLY.2,0.15355855226516724,24327.875,24327.875,0.0,-80714360.0,-0.009817701764404774,-0.18849122524261475
Bite_Clamp,Node ASSEMBLY.2,0.15403835475444794,24352.884765625,24352.884765625,0.0,-80177808.0,-0.009908351115882397,-0.18935588002204895
Bite_Clamp,Node ASSEMBLY.2,0.15451815724372864,24370.046875,24370.046875,0.0,-79594160.0,-0.009999407455325127,-0.190204456448555
Bite_Clamp,Node ASSEMBLY.2,0.15499795973300934,24389.2890625,24389.2890625,0.0,-79059632.0,-0.010090877301990986,-0.19106459617614746
Bite_Clamp,Node ASSEMBLY.2,0.15547776222229004,24399.337890625,24399.337890625,0.0,-78466496.0,-0.010182754136621952,-0.19191251695156097
Bite_Clamp,Node ASSEMBLY.2,0.15595756471157074,24407.921875,24407.921875,0.0,-77890320.0,-0.010275039821863174,-0.1927601546049118
Bite_Clamp,Node ASSEMBLY.2,0.15643736720085144,24412.150390625,24412.150390625,0.0,-77303496.0,-0.010367730632424355,-0.1936063915491104
Bite_Clamp,Node ASSEMBLY.2,0.15691716969013214,24410.025390625,24410.025390625,0.0,-76687824.0,-0.010460824705660343,-0.19444146752357483
Bite_Clamp,Node ASSEMBLY.2,0.15739697217941284,24407.3984375,24407.3984375,0.0,-76101056.0,-0.01055432204157114,-0.1952829509973526
Bite_Clamp,Node ASSEMBLY.2,0.15787677466869354,24397.177734375,24397.177734375,0.0,-75475048.0,-0.010648219846189022,-0.19611592590808868
Bite_Clamp,Node ASSEMBLY.2,0.15835657715797424,24383.17578125,24383.17578125,0.0,-74849336.0,-0.010742517188191414,-0.19694402813911438
Bite_Clamp,Node ASSEMBLY.2,0.15883637964725494,24366.275390625,24366.275390625,0.0,-74233400.0,-0.010837213136255741,-0.1977754533290863
Bite_Clamp,Node ASSEMBLY.2,0.15931618213653564,24340.32421875,24340.32421875,0.0,-73570232.0,-0.010932301171123981,-0.19859114289283752
Bite_Clamp,Node ASSEMBLY.2,0.15979598462581635,24314.556640625,24314.556640625,0.0,-72950936.0,-0.011027786880731583,-0.1994154453277588
Bite_Clamp,Node ASSEMBLY.2,0.16027578711509705,24279.146484375,24279.146484375,0.0,-72282400.0,-0.011123662814497948,-0.2002282589673996
Bite_Clamp,Node ASSEMBLY.2,0.16075558960437775,24239.693359375,24239.693359375,0.0,-71620296.0,-0.011219928041100502,-0.20103587210178375
Bite_Clamp,Node ASSEMBLY.2,0.16123539209365845,24195.3046875,24195.3046875,0.0,-70957616.0,-0.011316579766571522,-0.20184162259101868
Bite_Clamp,Node ASSEMBLY.2,0.16171519458293915,24146.474609375,24146.474609375,0.0,-70302712.0,-0.011413621716201305,-0.20265188813209534
Bite_Clamp,Node ASSEMBLY.2,0.16219499707221985,24087.361328125,24087.361328125,0.0,-69601608.0,-0.011511045508086681,-0.20344741642475128
Bite_Clamp,Node ASSEMBLY.2,0.16267479956150055,24024.12109375,24024.12109375,0.0,-68916336.0,-0.01160885114222765,-0.20423871278762817
Bite_Clamp,Node ASSEMBLY.2,0.16315460205078125,23956.20703125,23956.20703125,0.0,-68244000.0,-0.011707039549946785,-0.20503462851047516
Bite_Clamp,Node ASSEMBLY.2,0.16363440454006195,23877.744140625,23877.744140625,0.0,-67529392.0,-0.011805604211986065,-0.20581765472888947
Bite_Clamp,Node ASSEMBLY.2,0.16411420702934265,23795.35546875,23795.35546875,0.0,-66839032.0,-0.011904546059668064,-0.2066015750169754
Bite_Clamp,Node ASSEMBLY.2,0.16459400951862335,23705.66796875,23705.66796875,0.0,-66141392.0,-0.012003865092992783,-0.2073851078748703
Bite_Clamp,Node ASSEMBLY.2,0.16507381200790405,23606.529296875,23606.529296875,0.0,-65418368.0,-0.012103555724024773,-0.20815804600715637
Bite_Clamp,Node ASSEMBLY.2,0.16555361449718475,23502.15625,23502.15625,0.0,-64711968.0,-0.01220361702144146,-0.208930104970932
Bite_Clamp,Node ASSEMBLY.2,0.16603341698646545,23388.8828125,23388.8828125,0.0,-63987072.0,-0.012304047122597694,-0.20969454944133759
Bite_Clamp,Node ASSEMBLY.2,0.16651321947574615,23267.5,23267.5,0.0,-63252740.0,-0.012404839508235455,-0.21044877171516418
Bite_Clamp,Node ASSEMBLY.2,0.16699302196502686,23143.1796875,23143.1796875,0.0,-62558248.0,-0.012505999766290188,-0.2112135887145996
Bite_Clamp,Node ASSEMBLY.2,0.16747282445430756,23005.83203125,23005.83203125,0.0,-61807008.0,-0.012607522308826447,-0.2119635045528412
Bite_Clamp,Node ASSEMBLY.2,0.16795262694358826,22863.525390625,22863.525390625,0.0,-61076884.0,-0.012709401547908783,-0.21270981431007385
Bite_Clamp,Node ASSEMBLY.2,0.16843242943286896,22714.814453125,22714.814453125,0.0,-60354076.0,-0.012811643071472645,-0.21345733106136322
Bite_Clamp,Node ASSEMBLY.2,0.16891223192214966,22558.08203125,22558.08203125,0.0,-59622568.0,-0.012914242222905159,-0.21420271694660187
Bite_Clamp,Node ASSEMBLY.2,0.16939203441143036,22390.33203125,22390.33203125,0.0,-58852744.0,-0.013017190620303154,-0.21492846310138702
Bite_Clamp,Node ASSEMBLY.2,0.16987183690071106,22221.994140625,22221.994140625,0.0,-58144236.0,-0.013120493851602077,-0.21566453576087952
Bite_Clamp,Node ASSEMBLY.2,0.17035163938999176,22041.677734375,22041.677734375,0.0,-57384468.0,-0.013224146328866482,-0.21638764441013336
Bite_Clamp,Node ASSEMBLY.2,0.17083144187927246,21857.36328125,21857.36328125,0.0,-56650104.0,-0.013328143395483494,-0.21711032092571259
Bite_Clamp,Node ASSEMBLY.2,0.17131124436855316,21664.6953125,21664.6953125,0.0,-55898368.0,-0.013432487845420837,-0.2178248167037964
Bite_Clamp,Node ASSEMBLY.2,0.17179104685783386,21466.7734375,21466.7734375,0.0,-55156472.0,-0.013537170365452766,-0.2185363471508026
Bite_Clamp,Node ASSEMBLY.2,0.17227084934711456,21262.462890625,21262.462890625,0.0,-54413188.0,-0.013642198406159878,-0.2192445993423462
Bite_Clamp,Node ASSEMBLY.2,0.17275065183639526,21051.6484375,21051.6484375,0.0,-53666264.0,-0.01374756172299385,-0.2199479043483734
Bite_Clamp,Node ASSEMBLY.2,0.17323045432567596,20834.37109375,20834.37109375,0.0,-52914276.0,-0.01385326124727726,-0.22064408659934998
Bite_Clamp,Node ASSEMBLY.2,0.17371025681495667,20611.91796875,20611.91796875,0.0,-52169552.0,-0.013959295116364956,-0.2213365137577057
Bite_Clamp,Node ASSEMBLY.2,0.17419005930423737,20383.298828125,20383.298828125,0.0,-51421728.0,-0.014065658673644066,-0.22202381491661072
Bite_Clamp,Node ASSEMBLY.2,0.17466986179351807,20149.927734375,20149.927734375,0.0,-50684580.0,-0.014172353781759739,-0.22271081805229187
Bite_Clamp,Node ASSEMBLY.2,0.17514966428279877,19907.693359375,19907.693359375,0.0,-49917504.0,-0.014279372990131378,-0.22338314354419708
Bite_Clamp,Node ASSEMBLY.2,0.17562946677207947,19663.474609375,19663.474609375,0.0,-49185772.0,-0.014386716298758984,-0.22405751049518585
Bite_Clamp,Node ASSEMBLY.2,0.17610926926136017,19412.57421875,19412.57421875,0.0,-48443448.0,-0.014494381844997406,-0.22472834587097168
Bite_Clamp,Node ASSEMBLY.2,0.17658907175064087,19155.046875,19155.046875,0.0,-47689728.0,-0.014602366834878922,-0.22538989782333374
Bite_Clamp,Node ASSEMBLY.2,0.17706887423992157,18894.357421875,18894.357421875,0.0,-46957616.0,-0.01471067126840353,-0.2260516881942749
Bite_Clamp,Node ASSEMBLY.2,0.17754867672920227,18623.94921875,18623.94921875,0.0,-46183020.0,-0.01481928676366806,-0.22669348120689392
Bite_Clamp,Node ASSEMBLY.2,0.17802847921848297,18356.109375,18356.109375,0.0,-45483608.0,-0.014928216114640236,-0.22735030949115753
Bite_Clamp,Node ASSEMBLY.2,0.17850828170776367,18076.078125,18076.078125,0.0,-44716052.0,-0.01503745373338461,-0.22798937559127808
Bite_Clamp,Node ASSEMBLY.2,0.17898808419704437,17795.0390625,17795.0390625,0.0,-43987624.0,-0.015146997757256031,-0.22862832248210907
Bite_Clamp,Node ASSEMBLY.2,0.17946788668632507,17509.70703125,17509.70703125,0.0,-43265788.0,-0.0152568519115448,-0.22926929593086243
Bite_Clamp,Node ASSEMBLY.2,0.17994768917560577,17215.48046875,17215.48046875,0.0,-42504984.0,-0.015367005951702595,-0.22989265620708466
Bite_Clamp,Node ASSEMBLY.2,0.18042749166488647,16920.79296875,16920.79296875,0.0,-41784808.0,-0.015477463603019714,-0.230516716837883
Bite_Clamp,Node ASSEMBLY.2,0.18090729415416718,16620.2265625,16620.2265625,0.0,-41051640.0,-0.015588215552270412,-0.2311345338821411
Bite_Clamp,Node ASSEMBLY.2,0.18138709664344788,16314.2587890625,16314.2587890625,0.0,-40308168.0,-0.01569925807416439,-0.23174044489860535
Bite_Clamp,Node ASSEMBLY.2,0.18186689913272858,16005.4951171875,16005.4951171875,0.0,-39578724.0,-0.015810592100024223,-0.23234079778194427
Bite_Clamp,Node ASSEMBLY.2,0.18234670162200928,15695.8037109375,15695.8037109375,0.0,-38880316.0,-0.015922218561172485,-0.23294933140277863
Bite_Clamp,Node ASSEMBLY.2,0.18282650411128998,15376.6591796875,15376.6591796875,0.0,-38129244.0,-0.01603413000702858,-0.23353996872901917
Bite_Clamp,Node ASSEMBLY.2,0.18330630660057068,15057.96875,15057.96875,0.0,-37420724.0,-0.016146328300237656,-0.23413175344467163
Bite_Clamp,Node ASSEMBLY.2,0.18378610908985138,14735.4990234375,14735.4990234375,0.0,-36713672.0,-0.016258811578154564,-0.234723761677742
Bite_Clamp,Node ASSEMBLY.2,0.18426591157913208,14406.8515625,14406.8515625,0.0,-35983812.0,-0.016371574252843857,-0.23530353605747223
Bite_Clamp,Node ASSEMBLY.2,0.18474571406841278,14073.32421875,14073.32421875,0.0,-35243416.0,-0.016484607011079788,-0.23586486279964447
Bite_Clamp,Node ASSEMBLY.2,0.18522551655769348,13742.794921875,13742.794921875,0.0,-34566992.0,-0.016597917303442955,-0.23643720149993896
Bite_Clamp,Node ASSEMBLY.2,0.18570531904697418,13403.974609375,13403.974609375,0.0,-33844144.0,-0.01671149581670761,-0.23699742555618286
Bite_Clamp,Node ASSEMBLY.2,0.18618512153625488,13065.4072265625,13065.4072265625,0.0,-33155156.0,-0.016825346276164055,-0.23755978047847748
Bite_Clamp,Node ASSEMBLY.2,0.18666492402553558,12722.3408203125,12722.3408203125,0.0,-32451352.0,-0.01693946309387684,-0.2381153553724289
Bite_Clamp,Node ASSEMBLY.2,0.18714472651481628,12374.8369140625,12374.8369140625,0.0,-31729914.0,-0.017053840681910515,-0.2386540323495865
Bite_Clamp,Node ASSEMBLY.2,0.18762452900409698,12030.703125,12030.703125,0.0,-31063206.0,-0.017168479040265083,-0.23920026421546936
Bite_Clamp,Node ASSEMBLY.2,0.18810433149337769,11679.2607421875,11679.2607421875,0.0,-30344914.0,-0.017283376306295395,-0.23972830176353455
Bite_Clamp,Node ASSEMBLY.2,0.1885841339826584,11332.404296875,11332.404296875,0.0,-29687602.0,-0.0173985306173563,-0.24026505649089813
Bite_Clamp,Node ASSEMBLY.2,0.1890639364719391,10981.8466796875,10981.8466796875,0.0,-29008856.0,-0.0175139419734478,-0.24079826474189758
Bite_Clamp,Node ASSEMBLY.2,0.1895437389612198,10626.05859375,10626.05859375,0.0,-28292004.0,-0.017629599198698997,-0.24130766093730927
Bite_Clamp,Node ASSEMBLY.2,0.1900235414505005,10274.5869140625,10274.5869140625,0.0,-27626328.0,-0.017745502293109894,-0.24181599915027618
Bite_Clamp,Node ASSEMBLY.2,0.1905033439397812,9926.44921875,9926.44921875,0.0,-26999314.0,-0.017861656844615936,-0.2423398345708847
Bite_Clamp,Node ASSEMBLY.2,0.1909831464290619,9569.3115234375,9569.3115234375,0.0,-26289144.0,-0.01797805353999138,-0.24283723533153534
Bite_Clamp,Node ASSEMBLY.2,0.1914629489183426,9216.10546875,9216.10546875,0.0,-25617710.0,-0.018094684928655624,-0.24332481622695923
Bite_Clamp,Node ASSEMBLY.2,0.1919427514076233,8865.71484375,8865.71484375,0.0,-24971452.0,-0.018211551010608673,-0.2438134104013443
Bite_Clamp,Node ASSEMBLY.2,0.192422553896904,8516.6708984375,8516.6708984375,0.0,-24337990.0,-0.018328657373785973,-0.24430713057518005
Bite_Clamp,Node ASSEMBLY.2,0.1929023563861847,8161.67626953125,8161.67626953125,0.0,-23647364.0,-0.01844598725438118,-0.24477669596672058
Bite_Clamp,Node ASSEMBLY.2,0.1933821588754654,7813.76806640625,7813.76806640625,0.0,-23026572.0,-0.01856354996562004,-0.245253324508667
Bite_Clamp,Node ASSEMBLY.2,0.1938619613647461,7466.07373046875,7466.07373046875,0.0,-22409614.0,-0.018681343644857407,-0.24573610723018646
Bite_Clamp,Node ASSEMBLY.2,0.1943417638540268,7110.23974609375,7110.23974609375,0.0,-21716108.0,-0.018799355253577232,-0.24618618190288544
Bite_Clamp,Node ASSEMBLY.2,0.1948215663433075,6764.3876953125,6764.3876953125,0.0,-21121042.0,-0.018917590379714966,-0.24664795398712158
Bite_Clamp,Node ASSEMBLY.2,0.1953013688325882,6413.4111328125,6413.4111328125,0.0,-20479630.0,-0.01903603971004486,-0.24709740281105042
Bite_Clamp,Node ASSEMBLY.2,0.1957811713218689,6065.32666015625,6065.32666015625,0.0,-19870512.0,-0.019154708832502365,-0.24754735827445984
Bite_Clamp,Node ASSEMBLY.2,0.1962609738111496,5713.7080078125,5713.7080078125,0.0,-19230990.0,-0.019273584708571434,-0.24798107147216797
Bite_Clamp,Node ASSEMBLY.2,0.1967407763004303,5365.3779296875,5365.3779296875,0.0,-18625360.0,-0.019392672926187515,-0.248412624001503
Bite_Clamp,Node ASSEMBLY.2,0.197220578789711,5020.3388671875,5020.3388671875,0.0,-18051170.0,-0.01951197348535061,-0.24885424971580505
Bite_Clamp,Node ASSEMBLY.2,0.1977003812789917,4668.189453125,4668.189453125,0.0,-17406492.0,-0.01963147334754467,-0.24926979839801788
Bite_Clamp,Node ASSEMBLY.2,0.1981801837682724,4323.310546875,4323.310546875,0.0,-16828306.0,-0.019751176238059998,-0.24968819320201874
Bite_Clamp,Node ASSEMBLY.2,0.1986599862575531,3976.39892578125,3976.39892578125,0.0,-16226125.0,-0.019871078431606293,-0.2500959038734436
Bite_Clamp,Node ASSEMBLY.2,0.1991397887468338,3634.6591796875,3634.6591796875,0.0,-15669971.0,-0.019991179928183556,-0.2505120038986206
Bite_Clamp,Node ASSEMBLY.2,0.1996195912361145,3287.456298828125,3287.456298828125,0.0,-15057581.0,-0.02011146955192089,-0.25090691447257996
Bite_Clamp,Node ASSEMBLY.2,0.2000993937253952,2944.969970703125,2944.969970703125,0.0,-14486898.0,-0.020231951028108597,-0.25129783153533936
Bite_Clamp,Node ASSEMBLY.2,0.2005791962146759,2606.353271484375,2606.353271484375,0.0,-13948449.0,-0.020352622494101524,-0.251697301864624
Bite_Clamp,Node ASSEMBLY.2,0.2010589987039566,2261.528076171875,2261.528076171875,0.0,-13342866.0,-0.020473478361964226,-0.25207069516181946
Bite_Clamp,Node ASSEMBLY.2,0.2015388011932373,1924.48095703125,1924.48095703125,0.0,-12802167.0,-0.020594513043761253,-0.2524462938308716
Bite_Clamp,Node ASSEMBLY.2,0.202018603682518,1588.2186279296875,1588.2186279296875,0.0,-12256878.0,-0.020715728402137756,-0.2528192698955536
Bite_Clamp,Node ASSEMBLY.2,0.2024984061717987,1252.166259765625,1252.166259765625,0.0,-11701347.0,-0.020837120711803436,-0.25318220257759094
Bite_Clamp,Node ASSEMBLY.2,0.2029782086610794,922.6845703125,922.6845703125,0.0,-11200312.0,-0.02095869369804859,-0.2535575330257416
Bite_Clamp,Node ASSEMBLY.2,0.2034580111503601,585.305419921875,585.305419921875,0.0,-10616453.0,-0.021080434322357178,-0.2539026141166687
Bite_Clamp,Node ASSEMBLY.2,0.2039378136396408,257.0777282714844,257.0777282714844,0.0,-10115477.0,-0.021202344447374344,-0.25425371527671814
Bite_Clamp,Node ASSEMBLY.2,0.2044176161289215,-70.77657318115234,70.77657318115234,0.0,-9611942.0,-0.02132442407310009,-0.2546065151691437
Bite_Clamp,Node ASSEMBLY.2,0.2048974186182022,-402.34454345703125,402.34454345703125,0.0,-9066343.0,-0.02144666574895382,-0.2549378573894501
Bite_Clamp,Node ASSEMBLY.2,0.2053772211074829,-727.9266357421875,727.9266357421875,0.0,-8572372.0,-0.021569065749645233,-0.25526928901672363
Bite_Clamp,Node ASSEMBLY.2,0.2058570235967636,-1053.808837890625,1053.808837890625,0.0,-8072009.0,-0.02169162407517433,-0.25559505820274353
Bite_Clamp,Node ASSEMBLY.2,0.2063368260860443,-1378.43408203125,1378.43408203125,0.0,-7583904.5,-0.021814338862895966,-0.255918025970459
Bite_Clamp,Node ASSEMBLY.2,0.206816628575325,-1705.7568359375,1705.7568359375,0.0,-7072036.5,-0.02193720079958439,-0.25622421503067017
Bite_Clamp,Node ASSEMBLY.2,0.2072964310646057,-2025.0660400390625,2025.0660400390625,0.0,-6640174.0,-0.022060221061110497,-0.256548136472702
Bite_Clamp,Node ASSEMBLY.2,0.2077762335538864,-2353.590576171875,2353.590576171875,0.0,-6119843.0,-0.022183384746313095,-0.2568446695804596
Bite_Clamp,Node ASSEMBLY.2,0.20825603604316711,-2674.24365234375,2674.24365234375,0.0,-5673243.5,-0.022306693717837334,-0.2571452558040619
Bite_Clamp,Node ASSEMBLY.2,0.20873583853244781,-2993.97265625,2993.97265625,0.0,-5229561.5,-0.02243014983832836,-0.25744789838790894
Bite_Clamp,Node ASSEMBLY.2,0.20921564102172852,-3314.33056640625,3314.33056640625,0.0,-4771055.0,-0.02255374751985073,-0.25774163007736206
Bite_Clamp,Node ASSEMBLY.2,0.20969544351100922,-3636.828125,3636.828125,0.0,-4280166.0,-0.022677475586533546,-0.2580077052116394
Bite_Clamp,Node ASSEMBLY.2,0.21017524600028992,-3945.308837890625,3945.308837890625,0.0,-3908389.0,-0.022801343351602554,-0.2582996189594269
Bite_Clamp,Node ASSEMBLY.2,0.21065504848957062,-4262.939453125,4262.939453125,0.0,-3430191.0,-0.02292533963918686,-0.2585636377334595
Bite_Clamp,Node ASSEMBLY.2,0.21113485097885132,-4570.5869140625,4570.5869140625,0.0,-3028018.0,-0.02304946631193161,-0.25883233547210693
Bite_Clamp,Node ASSEMBLY.2,0.21161465346813202,-4877.189453125,4877.189453125,0.0,-2614218.5,-0.02317371964454651,-0.25909698009490967
Bite_Clamp,Node ASSEMBLY.2,0.21209445595741272,-5180.32275390625,5180.32275390625,0.0,-2213467.25,-0.023298101499676704,-0.259359747171402
Bite_Clamp,Node ASSEMBLY.2,0.21257425844669342,-5482.0791015625,5482.0791015625,0.0,-1806869.125,-0.0234226081520319,-0.25961416959762573
Bite_Clamp,Node ASSEMBLY.2,0.21305406093597412,-5783.58984375,5783.58984375,0.0,-1386479.125,-0.023547226563096046,-0.2598499655723572
Bite_Clamp,Node ASSEMBLY.2,0.21353386342525482,-6076.71044921875,6076.71044921875,0.0,-1034023.125,-0.023671962320804596,-0.26009640097618103
Bite_Clamp,Node ASSEMBLY.2,0.21401366591453552,-6371.9404296875,6371.9404296875,0.0,-652045.1875,-0.023796819150447845,-0.2603358030319214
Bite_Clamp,Node ASSEMBLY.2,0.21449346840381622,-6667.86572265625,6667.86572265625,0.0,-257139.9375,-0.023921778425574303,-0.26055848598480225
Bite_Clamp,Node ASSEMBLY.2,0.21497327089309692,-6957.32568359375,6957.32568359375,0.0,80461.234375,-0.02404685690999031,-0.260788232088089
Bite_Clamp,Node ASSEMBLY.2,0.21545307338237762,-7253.14501953125,7253.14501953125,0.0,484576.5,-0.02417202852666378,-0.2609905004501343
Bite_Clamp,Node ASSEMBLY.2,0.21593287587165833,-7533.3408203125,7533.3408203125,0.0,745763.5,-0.02429731748998165,-0.26122933626174927
Bite_Clamp,Node ASSEMBLY.2,0.21641267836093903,-7830.5126953125,7830.5126953125,0.0,1180124.0,-0.024422699585556984,-0.26141899824142456
Bite_Clamp,Node ASSEMBLY.2,0.21689248085021973,-8106.87255859375,8106.87255859375,0.0,1427547.75,-0.02454819157719612,-0.26164403557777405
Bite_Clamp,Node ASSEMBLY.2,0.21737228333950043,-8393.4912109375,8393.4912109375,0.0,1789992.625,-0.02467378042638302,-0.26184579730033875
Bite_Clamp,Node ASSEMBLY.2,0.21785208582878113,-8675.9130859375,8675.9130859375,0.0,2131071.5,-0.02479945868253708,-0.26203036308288574
Bite_Clamp,Node ASSEMBLY.2,0.21833188831806183,-8950.2939453125,8950.2939453125,0.0,2415288.5,-0.02492522820830345,-0.26222145557403564
Bite_Clamp,Node ASSEMBLY.2,0.21881169080734253,-9228.9970703125,9228.9970703125,0.0,2764164.5,-0.02505107969045639,-0.26238611340522766
Bite_Clamp,Node ASSEMBLY.2,0.21929149329662323,-9491.0244140625,9491.0244140625,0.0,2973536.25,-0.02517702803015709,-0.26258718967437744
Bite_Clamp,Node ASSEMBLY.2,0.21977129578590393,-9762.447265625,9762.447265625,0.0,3292753.5,-0.0253030676394701,-0.26276829838752747
Bite_Clamp,Node ASSEMBLY.2,0.22025109827518463,-10026.474609375,10026.474609375,0.0,3556960.75,-0.025429192930459976,-0.262950599193573
Bite_Clamp,Node ASSEMBLY.2,0.22073090076446533,-10295.8095703125,10295.8095703125,0.0,3886808.5,-0.025555389001965523,-0.2630991041660309
Bite_Clamp,Node ASSEMBLY.2,0.22121070325374603,-10551.537109375,10551.537109375,0.0,4099540.25,-0.025681667029857635,-0.26326653361320496
Bite_Clamp,Node ASSEMBLY.2,0.22169050574302673,-10813.984375,10813.984375,0.0,4390562.5,-0.025808019563555717,-0.26341313123703003
Bite_Clamp,Node ASSEMBLY.2,0.22217030823230743,-11065.7724609375,11065.7724609375,0.0,4590531.5,-0.025934448465704918,-0.26357823610305786
Bite_Clamp,Node ASSEMBLY.2,0.22265011072158813,-11325.2216796875,11325.2216796875,0.0,4875945.5,-0.02606094628572464,-0.2637178599834442
Bite_Clamp,Node ASSEMBLY.2,0.22312991321086884,-11573.91015625,11573.91015625,0.0,5066823.5,-0.02618752233684063,-0.26387277245521545
Bite_Clamp,Node ASSEMBLY.2,0.22360971570014954,-11832.1328125,11832.1328125,0.0,5358638.5,-0.026314154267311096,-0.2639918923377991
Bite_Clamp,Node ASSEMBLY.2,0.22408951818943024,-12071.6826171875,12071.6826171875,0.0,5481024.5,-0.02644086256623268,-0.2641517221927643
Bite_Clamp,Node ASSEMBLY.2,0.22456932067871094,-12326.146484375,12326.146484375,0.0,5760989.0,-0.02656763419508934,-0.264273464679718
Bite_Clamp,Node ASSEMBLY.2,0.22504912316799164,-12569.2177734375,12569.2177734375,0.0,5949642.0,-0.026694463565945625,-0.26439645886421204
Bite_Clamp,Node ASSEMBLY.2,0.22552892565727234,-12811.09375,12811.09375,0.0,6147649.0,-0.026821348816156387,-0.26451313495635986
Bite_Clamp,Node ASSEMBLY.2,0.22600872814655304,-13050.4873046875,13050.4873046875,0.0,6342310.0,-0.026948288083076477,-0.2646222412586212
Bite_Clamp,Node ASSEMBLY.2,0.22648853063583374,-13282.7783203125,13282.7783203125,0.0,6487833.5,-0.02707528881728649,-0.2647436857223511
Bite_Clamp,Node ASSEMBLY.2,0.22696833312511444,-13516.92578125,13516.92578125,0.0,6669907.0,-0.027202339842915535,-0.26485586166381836
Bite_Clamp,Node ASSEMBLY.2,0.22744813561439514,-13746.8544921875,13746.8544921875,0.0,6833365.0,-0.027329446747899055,-0.2649635374546051
Bite_Clamp,Node ASSEMBLY.2,0.22792793810367584,-13975.9091796875,13975.9091796875,0.0,7012435.5,-0.027456600219011307,-0.2650555670261383
Bite_Clamp,Node ASSEMBLY.2,0.22840774059295654,-14197.5830078125,14197.5830078125,0.0,7146498.0,-0.02758380025625229,-0.2651503086090088
Bite_Clamp,Node ASSEMBLY.2,0.22888754308223724,-14417.9658203125,14417.9658203125,0.0,7294562.0,-0.027711041271686554,-0.2652380168437958
Bite_Clamp,Node ASSEMBLY.2,0.22936734557151794,-14627.146484375,14627.146484375,0.0,7363043.0,-0.027838341891765594,-0.2653522789478302
Bite_Clamp,Node ASSEMBLY.2,0.22984714806079865,-14847.4228515625,14847.4228515625,0.0,7570693.5,-0.027965670451521873,-0.2654228210449219
Bite_Clamp,Node ASSEMBLY.2,0.23032695055007935,-15049.22265625,15049.22265625,0.0,7640258.5,-0.028093047440052032,-0.26551127433776855
Bite_Clamp,Node ASSEMBLY.2,0.23080675303936005,-15251.6484375,15251.6484375,0.0,7760905.0,-0.028220459818840027,-0.265590101480484
Bite_Clamp,Node ASSEMBLY.2,0.23128655552864075,-15443.5654296875,15443.5654296875,0.0,7828144.0,-0.028347918763756752,-0.2656804025173187
Bite_Clamp,Node ASSEMBLY.2,0.23176635801792145,-15637.4609375,15637.4609375,0.0,7962723.0,-0.028475407510995865,-0.2657463252544403
Bite_Clamp,Node ASSEMBLY.2,0.23224616050720215,-15821.23046875,15821.23046875,0.0,8047776.0,-0.028602929785847664,-0.26580795645713806
Bite_Clamp,Node ASSEMBLY.2,0.23272596299648285,-15999.626953125,15999.626953125,0.0,8127567.5,-0.028730476275086403,-0.2658655047416687
Bite_Clamp,Node ASSEMBLY.2,0.23320576548576355,-16170.359375,16170.359375,0.0,8176802.5,-0.028858056291937828,-0.2659308910369873
Bite_Clamp,Node ASSEMBLY.2,0.23368556797504425,-16338.0703125,16338.0703125,0.0,8234364.0,-0.02898567169904709,-0.26599639654159546
Bite_Clamp,Node ASSEMBLY.2,0.23416537046432495,-16506.8046875,16506.8046875,0.0,8334801.0,-0.02911330759525299,-0.2660384774208069
Bite_Clamp,Node ASSEMBLY.2,0.23464517295360565,-16660.533203125,16660.533203125,0.0,8320350.5,-0.02924097329378128,-0.2661081850528717
Bite_Clamp,Node ASSEMBLY.2,0.23512497544288635,-16821.3359375,16821.3359375,0.0,8402076.0,-0.02936866693198681,-0.2661561965942383
Bite_Clamp,Node ASSEMBLY.2,0.23560477793216705,-16976.49609375,16976.49609375,0.0,8455968.0,-0.02949637919664383,-0.26619210839271545
Bite_Clamp,Node ASSEMBLY.2,0.23608458042144775,-17119.447265625,17119.447265625,0.0,8418310.0,-0.029624121263623238,-0.26625609397888184
Bite_Clamp,Node ASSEMBLY.2,0.23656438291072845,-17274.333984375,17274.333984375,0.0,8519887.0,-0.029751872643828392,-0.2662789523601532
Bite_Clamp,Node ASSEMBLY.2,0.23704418540000916,-17416.017578125,17416.017578125,0.0,8520794.0,-0.02987964078783989,-0.2663058638572693
Bite_Clamp,Node ASSEMBLY.2,0.23752398788928986,-17555.486328125,17555.486328125,0.0,8533651.0,-0.03000742197036743,-0.2663298547267914
Bite_Clamp,Node ASSEMBLY.2,0.23800379037857056,-17681.951171875,17681.951171875,0.0,8461949.0,-0.030135225504636765,-0.2663879692554474
Bite_Clamp,Node ASSEMBLY.2,0.23848359286785126,-17812.126953125,17812.126953125,0.0,8472441.0,-0.030263056978583336,-0.26643621921539307
Bite_Clamp,Node ASSEMBLY.2,0.23896339535713196,-17944.69921875,17944.69921875,0.0,8558743.0,-0.030390886589884758,-0.2664349377155304
Bite_Clamp,Node ASSEMBLY.2,0.23944319784641266,-18053.625,18053.625,0.0,8473425.0,-0.030518732964992523,-0.2664635181427002
Bite_Clamp,Node ASSEMBLY.2,0.23992300033569336,-18157.74609375,18157.74609375,0.0,8397602.0,-0.030646605417132378,-0.266514390707016
Bite_Clamp,Node ASSEMBLY.2,0.24040280282497406,-18269.90625,18269.90625,0.0,8455801.0,-0.030774476006627083,-0.2665202021598816
Bite_Clamp,Node ASSEMBLY.2,0.24088260531425476,-18361.45703125,18361.45703125,0.0,8375026.5,-0.03090236335992813,-0.26654407382011414
Bite_Clamp,Node ASSEMBLY.2,0.24136240780353546,-18451.12890625,18451.12890625,0.0,8338134.5,-0.031030258163809776,-0.266562819480896
Bite_Clamp,Node ASSEMBLY.2,0.24184221029281616,-18530.787109375,18530.787109375,0.0,8269951.5,-0.031158167868852615,-0.26658833026885986
Bite_Clamp,Node ASSEMBLY.2,0.24232201278209686,-18608.703125,18608.703125,0.0,8253665.5,-0.031286079436540604,-0.2665935754776001
Bite_Clamp,Node ASSEMBLY.2,0.24280181527137756,-18670.931640625,18670.931640625,0.0,8160213.0,-0.03141399845480919,-0.2666126787662506
Bite_Clamp,Node ASSEMBLY.2,0.24328161776065826,-18728.892578125,18728.892578125,0.0,8107146.5,-0.03154192864894867,-0.2666243612766266
Bite_Clamp,Node ASSEMBLY.2,0.24376142024993896,-18782.099609375,18782.099609375,0.0,8095663.0,-0.031669847667217255,-0.26660749316215515
Bite_Clamp,Node ASSEMBLY.2,0.24424122273921967,-18809.22265625,18809.22265625,0.0,7926759.0,-0.031797777861356735,-0.26663529872894287
Bite_Clamp,Node ASSEMBLY.2,0.24472102522850037,-18842.365234375,18842.365234375,0.0,7910340.5,-0.031925711780786514,-0.26663339138031006
Bite_Clamp,Node ASSEMBLY.2,0.24520082771778107,-18855.458984375,18855.458984375,0.0,7798346.0,-0.03205364570021629,-0.26664432883262634
Bite_Clamp,Node ASSEMBLY.2,0.24568063020706177,-18866.2421875,18866.2421875,0.0,7765198.0,-0.032181575894355774,-0.2666296660900116
Bite_Clamp,Node ASSEMBLY.2,0.24615173041820526,-18846.984375,18846.984375,0.0,7548046.5,-0.032307203859090805,-0.2666720747947693
Bite_Clamp,Node ASSEMBLY.2,0.24661412835121155,-18840.96484375,18840.96484375,0.0,7557724.5,-0.032430510967969894,-0.2666662633419037
Bite_Clamp,Node ASSEMBLY.2,0.24706782400608063,-18809.982421875,18809.982421875,0.0,7422120.5,-0.03255149722099304,-0.2666749060153961
Bite_Clamp,Node ASSEMBLY.2,0.2475128173828125,-18772.712890625,18772.712890625,0.0,7314232.0,-0.032670170068740845,-0.26668521761894226
Bite_Clamp,Node ASSEMBLY.2,0.24794910848140717,-18732.265625,18732.265625,0.0,7256315.5,-0.03278651833534241,-0.2666754424571991
Bite_Clamp,Node ASSEMBLY.2,0.24837669730186462,-18680.39453125,18680.39453125,0.0,7163537.5,-0.03290054202079773,-0.2666609287261963
Bite_Clamp,Node ASSEMBLY.2,0.24879558384418488,-18614.20703125,18614.20703125,0.0,7001719.0,-0.03301224112510681,-0.26667043566703796
Bite_Clamp,Node ASSEMBLY.2,0.24920576810836792,-18550.685546875,18550.685546875,0.0,6927343.5,-0.03312162309885025,-0.2666688859462738
Bite_Clamp,Node ASSEMBLY.2,0.24960723519325256,-18478.40234375,18478.40234375,0.0,6823519.0,-0.03322868421673775,-0.26666757464408875
Bite_Clamp,Node ASSEMBLY.2,0.25,-18399.689453125,18399.689453125,0.0,6705971.5,-0.0333334244787693,-0.2666720449924469
Rolling,Node ASSEMBLY.1,0.0,5698.84326171875,5698.84326171875,-0.015000050887465477,-6686768.5,0.0333334244787693,0.26666808128356934
Rolling,Node ASSEMBLY.1,0.015308205038309097,-13222.619140625,13222.619140625,-0.015000050887465477,-1496689.125,0.03741562366485596,0.266666978597641
Rolling,Node ASSEMBLY.1,0.030324921011924744,-21414.02734375,21414.02734375,-0.015000050887465477,4093555.5,0.04142008349299431,0.2666670083999634
Rolling,Node ASSEMBLY.1,0.04533702880144119,-22780.779296875,22780.779296875,-0.015000050887465477,8037878.5,0.045423317700624466,0.2666670083999634
Rolling,Node ASSEMBLY.1,0.05000000074505806,-22812.640625,22812.640625,-0.015000050887465477,8653259.0,0.04666677862405777,0.266666978597641
Rolling,Node ASSEMBLY.2,0.0,-18398.078125,18398.078125,0.0,6716194.0,-0.0333334244787693,-0.26666808128356934
Rolling,Node ASSEMBLY.2,0.015308205038309097,-11740.2333984375,11740.2333984375,0.0,1556147.25,-0.03741562366485596,-0.266666978597641
Rolling,Node ASSEMBLY.2,0.030324921011924744,-2267.159912109375,2267.159912109375,0.0,-4020399.25,-0.04142008349299431,-0.2666670083999634
Rolling,Node ASSEMBLY.2,0.04533702880144119,7456.1591796875,7456.1591796875,0.0,-7980208.5,-0.045423317700624466,-0.2666670083999634
Rolling,Node ASSEMBLY.2,0.05000000074505806,10360.095703125,10360.095703125,0.0,-8604419.0,-0.04666677862405777,-0.266666978597641
