step,frame_index,step_time_s,total_time_s,top_u2_mm,top_rf2_N,max_cpress_MPa,max_compressive_PRESS_MPa,pevol_min,pevol_max,pevol_max_abs,avg_thickness_um,min_thickness_um,max_thickness_um,column_count,unloaded_zero_contact
Compress_Down,0,0.0,0.0,0.0,0.0,0.0,-0.0,0.0,0.0,0.0,150.00000596046448,150.00000596046448,150.00000596046448,121,False
Compress_Down,1,0.00044500071089714766,0.00044500071089714766,-1.8609620511256253e-08,0.0,0.0060467771254479885,0.002625130034478692,0.0,0.0,0.0,149.9999892759333,149.99997472030026,149.99999637792283,121,False
Compress_Down,2,0.000889004091732204,0.000889004091732204,-2.3454568065517378e-07,-0.046618297696113586,0.02305346354842186,0.008607977826613933,0.0,0.0,0.0,149.99979672816738,149.99979064698366,149.9998068510493,121,False
Compress_Down,3,0.0013340074801817536,0.0013340074801817536,-6.782115633541252e-07,-0.15387694537639618,0.032488297671079636,0.011135949617406974,0.0,0.0,0.0,149.99932745846323,149.99932150962536,149.9993350347779,121,False
Compress_Down,4,0.00177801086101681,0.00177801086101681,-1.47823618590337e-06,-0.38585153222084045,0.07269056886434555,0.024408453473976504,0.0,0.0,0.0,149.9984182413301,149.99841232292965,149.99842488481363,121,False
Compress_Down,5,0.002223014133051038,0.002223014133051038,-3.269888338763849e-06,-0.8363947868347168,0.13681669533252716,0.047418224664094545,0.0,0.0,0.0,149.99691420922494,149.9969078892036,149.9969210017298,121,False
Compress_Down,6,0.002667017513886094,0.002667017513886094,-5.283442078507505e-06,-1.3750768899917603,0.23204798996448517,0.07868659046168129,0.0,0.0,0.0,149.9947241696299,149.99471793930752,149.994729832315,121,False
Compress_Down,7,0.0031120209023356438,0.0031120209023356438,-7.973458195920102e-06,-2.072754383087158,0.36512491106987,0.12409905282159646,0.0,0.0,0.0,149.99168390172485,149.99167671021496,149.9916909069725,121,False
Compress_Down,8,0.0035560242831707,0.0035560242831707,-1.276260991289746e-05,-3.324122428894043,0.5369272232055664,0.1831179168075323,0.0,0.0,0.0,149.98769685590477,149.98769093699593,149.9877047249356,121,False
Compress_Down,9,0.004000005777925253,0.004000005777925253,-1.7371594367432408e-05,-4.516844749450684,0.7589272260665894,0.25724660512059927,0.0,0.0,0.0,149.9826311384206,149.98262491826608,149.98263814504753,121,False
Compress_Down,10,0.004444905556738377,0.004444905556738377,-2.2957099645282142e-05,-5.96515417098999,1.0302916765213013,0.34984611844023067,0.0,0.0,0.0,149.97637295859442,149.97636576754303,149.97637996293633,121,False
Compress_Down,11,0.0048898053355515,0.0048898053355515,-3.201265280949883e-05,-8.317744255065918,1.361797571182251,0.4615488589430849,0.0,0.0,0.0,149.96881862381906,149.96881139268226,149.96882507603004,121,False
Compress_Down,12,0.005333705339580774,0.005333705339580774,-4.0129256376530975e-05,-10.444350242614746,1.7533668279647827,0.5928985392674804,0.0,0.0,0.0,149.95987780347912,149.95987157271884,149.95988418741035,121,False
Compress_Down,13,0.005778605118393898,0.005778605118393898,-4.945830733049661e-05,-12.857694625854492,2.2081477642059326,0.7468150171140829,0.0,0.0,0.0,149.94942463890163,149.94941753138846,149.94943103738478,121,False
Compress_Down,14,0.006222505122423172,0.006222505122423172,-6.392132490873337e-05,-16.62285804748535,2.7368927001953125,0.9254755756507317,0.0,0.0,0.0,149.93739927782627,149.9373913720774,149.93740580030135,121,False
Compress_Down,15,0.006667404901236296,0.006667404901236296,-7.634467328898609e-05,-19.8507080078125,3.3325960636138916,1.128370960553487,0.0,0.0,0.0,149.92365923703915,149.92365319631062,149.9236669842503,121,False
Compress_Down,16,0.00711130490526557,0.00711130490526557,-9.01989551493898e-05,-23.446258544921875,4.012352466583252,1.35684214408199,0.0,0.0,0.0,149.90819213959514,149.90818613296142,149.9081983565702,121,False
Compress_Down,17,0.007556204684078693,0.007556204684078693,-0.00011098543473053724,-28.884145736694336,4.766563415527344,1.6138430933157604,0.0,0.0,0.0,149.89083234837938,149.89082622923888,149.89083850377938,121,False
Compress_Down,18,0.008000017143785954,0.008000017143785954,-0.00012840289855375886,-33.41064453125,5.607242107391357,1.8963022877772648,0.0,0.0,0.0,149.8716023389451,149.87159633164993,149.87160856253468,121,False
Compress_Down,19,0.008444709703326225,0.008444709703326225,-0.00014748694957233965,-38.3785285949707,6.5406494140625,2.211852792650461,0.0,0.0,0.0,149.8503244621126,149.8503173570498,149.8503308466752,121,False
Compress_Down,20,0.008889402262866497,0.008889402262866497,-0.00017545465379953384,-45.63988494873047,7.557210445404053,2.5570314998428025,0.0,0.0,0.0,149.826973234171,149.82696741935797,149.82698024687124,121,False
Compress_Down,21,0.009334094822406769,0.009334094822406769,-0.00019851428805850446,-51.66639709472656,8.671439170837402,2.9328899954756102,0.0,0.0,0.0,149.80149292585503,149.80148660833947,149.801499734167,121,False
Compress_Down,22,0.009777788072824478,0.009777788072824478,-0.00022329195053316653,-58.100337982177734,9.88100528717041,3.341454309721788,0.0,0.0,0.0,149.7738810125878,149.7738737234613,149.7738878824748,121,False
Compress_Down,23,0.01022248063236475,0.01022248063236475,-0.00025920491316355765,-67.4659423828125,11.186351776123047,3.7847517083088555,0.0,0.0,0.0,149.74395172479987,149.74394557066262,149.74395859462675,121,False
Compress_Down,24,0.010667173191905022,0.010667173191905022,-0.0002882789121940732,-75.0597915649414,12.596965789794922,4.2619028488794966,0.0,0.0,0.0,149.71172088258785,149.71171459183097,149.71172760124318,121,False
Compress_Down,25,0.011111865751445293,0.011111865751445293,-0.0003192534204572439,-83.09595489501953,14.1080961227417,4.7713237007459,0.0,0.0,0.0,149.6771504349183,149.67714296653867,149.67715699458495,121,False
Compress_Down,26,0.011556480079889297,0.011556480079889297,-0.00036362235550768673,-95.02588653564453,15.980268478393555,5.439068680008252,6.538669595101965e-06,9.519580999040045e-05,9.519580999040045e-05,149.64017363444108,149.64016716112383,149.64017996680923,121,False
Compress_Down,27,0.012000758200883865,0.012000758200883865,-0.000399245967855677,-105.42817687988281,18.384281158447266,6.382386277119319,8.834592517814599e-05,0.00028972285508643836,0.00028972285508643836,149.60075920103273,149.60075309500098,149.6007661044132,121,False
Compress_Down,28,0.012445036321878433,0.012445036321878433,-0.00043678004294633865,-116.4822998046875,20.938486099243164,7.386102974414825,0.00018702109809964895,0.0005015351052861661,0.0005015351052861661,149.55887979537263,149.55886200186796,149.55888607073575,121,False
Compress_Down,29,0.012889314442873001,0.012889314442873001,-0.0004901447682641447,-132.14349365234375,23.649856567382812,8.456628481547037,0.00028960624331375584,0.0007208473107311875,0.0007208473107311875,149.51448830725886,149.51448245847132,149.5144959189929,121,False
Compress_Down,30,0.013333592563867569,0.013333592563867569,-0.0005324365338310599,-144.59808349609375,26.711206436157227,9.661477049191793,0.0003941574541386217,0.00096580691752024,0.00096580691752024,149.4675644970218,149.46755845448934,149.46758496807888,121,False
Compress_Down,31,0.013777870684862137,0.013777870684862137,-0.0005769104463979602,-157.65684509277344,29.688556671142578,10.834276159604391,0.0004954483301844448,0.0012206966057419777,0.0012206966057419777,149.4180930113085,149.4180781301111,149.41810973687097,121,False
Compress_Down,32,0.014222776517271996,0.014222776517271996,-0.0006393893272615969,-175.92234802246094,32.47541046142578,11.9290163119634,0.0006073482509236783,0.0014792538713663816,0.0014792538713663816,149.36590865220728,149.36589714488946,149.36592924641445,121,False
Compress_Down,33,0.014667637646198273,0.014667637646198273,-0.000688767759129405,-190.46224975585938,36.057884216308594,13.34820000330607,0.000722246419172734,0.0017620076541788876,0.0017620076541788876,149.31110993979215,149.31109809549525,149.31113022612408,121,False
Compress_Down,34,0.015111501328647137,0.015111501328647137,-0.0007403999334201217,-205.60125732421875,39.76070785522461,14.80574083328247,0.000858212006278336,0.0020718020969070494,0.0020718020969070494,149.2538239033835,149.25380700151436,149.2538426828105,121,False
Compress_Down,35,0.015556362457573414,0.015556362457573414,-0.0008123012958094478,-226.9998016357422,42.76104736328125,15.990938901901245,0.0009575120348017663,0.0023544824216514826,0.0023544824216514826,149.19377825812683,149.1937630926259,149.19378579361364,121,False
Compress_Down,36,0.01600087247788906,0.01600087247788906,-0.0008689329260960221,-243.6055145263672,47.19693374633789,17.770878712336224,0.0011172193626407534,0.002724220685195178,0.002724220685195178,149.13107392552294,149.1310560668353,149.13109439658,121,False
Compress_Down,37,0.01644531823694706,0.01644531823694706,-0.0009275682969018817,-260.9488830566406,51.053672790527344,19.27350076039632,0.001264645077753812,0.003046210273168981,0.003046210273168981,149.06572666878367,149.06571904430166,149.0657436370384,121,False
Compress_Down,38,0.01688976399600506,0.01688976399600506,-0.0010091385338455439,-285.55096435546875,54.8308219909668,20.75252326329549,0.001381967682391405,0.003398109460249543,0.003398109460249543,148.99771744414224,148.9977040910162,148.9977347664535,121,False
Compress_Down,39,0.017334209755063057,0.017334209755063057,-0.0010729421628639102,-304.4154052734375,59.559234619140625,22.643407503763836,0.0015473806415684521,0.003768611350096762,0.003768611350096762,148.92706254156585,148.92705652164295,148.92707800026983,121,False
Compress_Down,40,0.017778655514121056,0.017778655514121056,-0.0011387316044420004,-323.8819580078125,63.886234283447266,24.338412761688232,0.0016992365126498044,0.00412082951515913,0.00412082951515913,148.85375677167306,148.85374053847045,148.8537688856013,121,False
Compress_Down,41,0.01822265423834324,0.01822265423834324,-0.0012300058733671904,-349.58355712890625,68.10344696044922,26.014216740926106,0.0018746991991065443,0.004540764493867755,0.004540764493867755,148.7778133730989,148.7777982838452,148.77782796975225,121,False
Compress_Down,42,0.01866726391017437,0.01866726391017437,-0.0013009505346417427,-370.56195068359375,73.43131256103516,28.103081385294598,0.0020506015280261636,0.004975602845661342,0.004975602845661342,148.6990609824896,148.69904896477237,148.6990782432258,121,False
Compress_Down,43,0.0191118735820055,0.0191118735820055,-0.0013740204740315676,-392.2042236328125,78.90049743652344,30.248885949452717,0.002233305189292878,0.005432293051853776,0.005432293051853776,148.61767847535455,148.61766173271462,148.61769351409748,121,False
Compress_Down,44,0.019556483253836632,0.019556483253836632,-0.001474731951020658,-422.99603271484375,82.73969268798828,31.87931489944458,0.0023448352585546672,0.005884204292669892,0.005884204292669892,148.53367995237932,148.5336606274359,148.53369601769373,121,False
Compress_Down,45,0.020000098273158073,0.020000098273158073,-0.0015527118230238557,-446.1109619140625,88.41825866699219,34.190885384877525,0.0026173830265179276,0.006344557739794254,0.006344557739794254,148.44729053193302,148.44727562740445,148.44730764161795,121,False
Compress_Down,46,0.02044462412595749,0.02044462412595749,-0.0016329755308106542,-469.6857604980469,93.54325866699219,36.211644331614174,0.0027305285329930484,0.0068731221836060286,0.0068731221836060286,148.3581448276912,148.35813833633438,148.35815620608628,121,False
Compress_Down,47,0.020889397710561752,0.020889397710561752,-0.0017431412125006318,-501.884033203125,99.34801483154297,38.64229234059652,0.0029363903449848294,0.007424496579915285,0.007424496579915285,148.266241731303,148.26622500550002,148.26625731075183,121,False
Compress_Down,48,0.021334167569875717,0.021334167569875717,-0.0018282018136233091,-527.017822265625,104.61231231689453,40.71525637308756,0.0031377499690279365,0.00788383511826396,0.00788383511826396,148.1718048217614,148.171788896434,148.1718171853572,121,False
Compress_Down,49,0.021777944639325142,0.021777944639325142,-0.0019152879249304533,-552.8860473632812,110.433349609375,42.98175239562988,0.0033128511859104037,0.008361086947843432,0.008361086947843432,148.0750968455614,148.07508781086653,148.0751124327071,121,False
Compress_Down,50,0.022222714498639107,0.022222714498639107,-0.002034437609836459,-588.1643676757812,116.79862976074219,45.556721687316895,0.0035192189970985055,0.008972035255283117,0.008972035255283117,147.9756911333327,147.97567145433277,147.97571243252605,121,False
Compress_Down,51,0.022667046636343002,0.022667046636343002,-0.0021261521615087986,-615.354736328125,123.13736724853516,48.12649361292521,0.003789109527133405,0.00950874388217926,0.00950874388217926,147.87385616670863,147.873836918734,147.8738704463467,121,False
Compress_Down,52,0.023111972957849503,0.023111972957849503,-0.0022200397215783596,-643.322509765625,129.8470458984375,50.67003790537516,0.003987977048382163,0.010026687989011407,0.010026687989011407,147.76938375901463,147.76936662383378,147.7694003842771,121,False
Compress_Down,53,0.023555908352136612,0.023555908352136612,-0.002348051406443119,-681.7764282226562,136.6232147216797,53.46343835194906,0.004183940123766661,0.010636983439326286,0.010636983439326286,147.6627962455954,147.66278490424156,147.6628161035478,121,False
Compress_Down,54,0.024000834673643112,0.024000834673643112,-0.0024463755544275045,-710.8959350585938,143.7973175048828,55.86107985178629,0.004462444572709501,0.011200845940038562,0.011200845940038562,147.55362935348853,147.55361038260162,147.55365019664168,121,False
Compress_Down,55,0.024444669485092163,0.024444669485092163,-0.0025463015772402287,-740.8405151367188,150.12062072753906,58.83929951985677,0.004657828249037266,0.011865194421261549,0.011865194421261549,147.4424308543055,147.44241419248283,147.44244841858745,121,False
Compress_Down,56,0.024889765307307243,0.024889765307307243,-0.0026827682740986347,-781.1671142578125,157.1287078857422,61.67006746927897,0.004895469872280955,0.012534852605313063,0.012534852605313063,147.32849528274136,147.3284801468253,147.3285120446235,121,False
Compress_Down,57,0.02533385530114174,0.02533385530114174,-0.0027873865328729153,-812.1504516601562,165.23373413085938,64.19612693786621,0.005152754834853113,0.01309155859053135,0.01309155859053135,147.21261646429247,147.21259730868042,147.21262967213988,121,False
Compress_Down,58,0.025777945294976234,0.025777945294976234,-0.0028934841975569725,-843.86767578125,171.73280334472656,66.83266735076904,0.005412211176007986,0.01362330699339509,0.01362330699339509,147.09459206335677,147.09458616562188,147.094605024904,121,False
Compress_Down,59,0.026222746819257736,0.026222746819257736,-0.0030379476957023144,-887.4510498046875,178.7173614501953,69.90646934509277,0.0056994002079591155,0.014372432604432106,0.014372432604432106,146.97421340210255,146.97419595904648,146.97422599419951,121,False
Compress_Down,60,0.02666698954999447,0.02666698954999447,-0.0031482302583754063,-920.3045654296875,186.4286346435547,72.73794174194336,0.005915323039516807,0.015071991831064224,0.015071991831064224,146.8517701295474,146.85175172053277,146.85179060325027,121,False
Compress_Down,61,0.027111230418086052,0.027111230418086052,-0.0032601282000541687,-954.0225830078125,194.77557373046875,75.90517044067383,0.006289609940722585,0.01578115625306964,0.01578115625306964,146.7273454951538,146.72732795588672,146.7273565940559,121,False
Compress_Down,62,0.027556458488106728,0.027556458488106728,-0.00341205345466733,-998.9491577148438,201.9292449951172,79.53668975830078,0.0064782456029206514,0.016496391966938972,0.016496391966938972,146.60069350661203,146.60067786462605,146.6006999835372,121,False
Compress_Down,63,0.028000226244330406,0.028000226244330406,-0.003527564462274313,-1033.4168701171875,210.43612670898438,82.85779984792073,0.006774665787816048,0.01705657271668315,0.01705657271668315,146.4724388427663,146.47242310456932,146.47245779633522,121,False
Compress_Down,64,0.02844461426138878,0.02844461426138878,-0.00364483380690217,-1068.60205078125,217.8302459716797,85.91278998057048,0.007040936499834061,0.017819762229919434,0.017819762229919434,146.342082807317,146.3420637883246,146.34209033101797,121,False
Compress_Down,65,0.02888900227844715,0.02888900227844715,-0.0038033195305615664,-1116.7119140625,226.81637573242188,89.55993779500325,0.007368856808170676,0.018715576734393835,0.018715576734393835,146.20996313939287,146.20994287543,146.2099808268249,121,False
Compress_Down,66,0.02933422476053238,0.02933422476053238,-0.003924169577658176,-1153.09423828125,236.22039794921875,92.4252332051595,0.007853608811274171,0.01926968153566122,0.01926968153566122,146.07583754311108,146.07582590542734,146.07585384510458,121,False
Compress_Down,67,0.029778756201267242,0.029778756201267242,-0.004046062007546425,-1189.6016845703125,243.90855407714844,95.15092023213704,0.007913206238299608,0.020037811249494553,0.020037811249494553,145.94005016140517,145.94003185629845,145.94007027335465,121,False
Compress_Down,68,0.030222304165363312,0.030222304165363312,-0.00421107467263937,-1238.60546875,252.31967163085938,99.23645782470703,0.008130509406328201,0.020787715911865234,0.020787715911865234,145.80299673132475,145.8029814530164,145.80301311798394,121,False
Compress_Down,69,0.030666835606098175,0.030666835606098175,-0.0043358816765248775,-1276.5150146484375,260.2196960449219,102.46693356831868,0.00857682409696281,0.021446943283081055,0.021446943283081055,145.6641248669783,145.66411008127034,145.66414174623787,121,False
Compress_Down,70,0.031111694872379303,0.031111694872379303,-0.004462479148060083,-1314.5599365234375,269.2306823730469,106.29684448242188,0.008836777415126562,0.02229125890880823,0.02229125890880823,145.52348789235592,145.5234771128744,145.5235027242452,121,False
Compress_Down,71,0.03155648335814476,0.03155648335814476,-0.004632711876183748,-1366.0189208984375,279.0154113769531,109.17345428466797,0.009119337191805243,0.02304848935455084,0.02304848935455084,145.38148087295434,145.38146369159222,145.3815004788339,121,False
Compress_Down,72,0.03200031444430351,0.03200031444430351,-0.004761871416121721,-1405.041259765625,289.86376953125,113.06750361124675,0.009413776453584433,0.023690074682235718,0.023690074682235718,145.23813231801998,145.23812499828637,145.23815317079425,121,False
Compress_Down,73,0.03244512155652046,0.03244512155652046,-0.004892047494649887,-1444.4022216796875,298.83056640625,116.77696100870769,0.009772385703399777,0.024615134112536907,0.024615134112536907,145.0932246213394,145.09320934303105,145.09323192760348,121,False
Compress_Down,74,0.032888948917388916,0.032888948917388916,-0.005067409481853247,-1497.77685546875,308.0782775878906,120.76264190673828,0.010086074005812407,0.02551467902958393,0.02551467902958393,144.947461216241,144.94744432158768,144.94747598655522,121,False
Compress_Down,75,0.033333756029605865,0.033333756029605865,-0.0051997206173837185,-1537.6695556640625,317.5139465332031,123.9612528483073,0.010329857701435685,0.02632380835711956,0.02632380835711956,144.80028361705524,144.8002674151212,144.80030280537903,121,False
Compress_Down,76,0.033778563141822815,0.033778563141822815,-0.005332871340215206,-1578.1802978515625,324.214111328125,127.49691200256348,0.01063164253719151,0.027122979052364826,0.027122979052364826,144.65206866306522,144.65205208398402,144.65208491310477,121,False
Compress_Down,77,0.034222327172756195,0.034222327172756195,-0.00551194790750742,-1632.63623046875,333.3612365722656,131.76275825500488,0.01106125395745039,0.028060346841812134,0.028060346841812134,144.50322010184922,144.50320205651224,144.50323465280235,121,False
Compress_Down,78,0.03466746211051941,0.03466746211051941,-0.005647500045597553,-1673.1048583984375,343.1416015625,134.70389366149902,0.011270669754594564,0.028641956858336926,0.028641956858336926,144.35251098903558,144.35249590314925,144.35251732356846,121,False
Compress_Down,79,0.035111553966999054,0.035111553966999054,-0.005783394910395145,-1714.971923828125,352.42315673828125,139.52357546488443,0.011572463205084205,0.029637671075761318,0.029637671075761318,144.2012855694591,144.20126611366868,144.20130057260394,121,False
Compress_Down,80,0.0355556458234787,0.0355556458234787,-0.00596604822203517,-1770.4378662109375,362.8516845703125,142.7110970815023,0.01191630307585001,0.03062750305980444,0.03062750305980444,144.04936201200812,144.04934248887002,144.04937508516014,121,False
Compress_Down,81,0.03600071370601654,0.03600071370601654,-0.006103587336838245,-1812.19677734375,373.3096618652344,146.36605580647787,0.012225655373185873,0.03144571464508772,0.03144571464508772,143.89641556988877,143.8963997643441,143.89643096365035,121,False
Compress_Down,82,0.036444805562496185,0.036444805562496185,-0.00624127546325326,-1854.408935546875,384.5282897949219,150.14009221394858,0.012552878353744745,0.03220313414931297,0.03220313414931297,143.74322350490993,143.74320558272302,143.7432407401502,121,False
Compress_Down,83,0.03688953071832657,0.03688953071832657,-0.006426055915653706,-1910.75048828125,396.45440673828125,154.7788988749186,0.012938575819134712,0.03307739645242691,0.03307739645242691,143.5891755467881,143.5891615692526,143.589194631204,121,False
Compress_Down,84,0.03733387961983681,0.03733387961983681,-0.006565638817846775,-1953.3218994140625,406.719970703125,158.8287150065104,0.013332837261259556,0.03388401214033365,0.03388401214033365,143.43436067146519,143.4343543369323,143.4343778528273,121,False
Compress_Down,85,0.03777822107076645,0.03777822107076645,-0.006705180741846561,-1996.094970703125,415.33441162109375,162.5079116821289,0.01358014764264226,0.03484078124165535,0.03484078124165535,143.2791880451235,143.27917178161442,143.27920228242874,121,False
Compress_Down,86,0.03822256252169609,0.03822256252169609,-0.00689193420112133,-2053.61865234375,422.49609375,165.31438000996908,0.014004947151988745,0.0355988759547472,0.0355988759547472,143.12372225998664,143.12370214611292,143.12373055145144,121,False
Compress_Down,87,0.03866690397262573,0.03866690397262573,-0.007031948771327734,-2096.645751953125,432.70477294921875,169.9344482421875,0.014585762284696102,0.036706190556287766,0.036706190556287766,142.96805081419524,142.9680350702256,142.96807092614472,121,False
Compress_Down,88,0.039111245423555374,0.039111245423555374,-0.007172401994466782,-2139.6552734375,442.99676513671875,173.28867530822754,0.014733980409801006,0.037446336820721626,0.037446336820721626,142.81225160018286,142.8122352808714,142.81226717866957,121,False
Compress_Down,89,0.03955603018403053,0.03955603018403053,-0.007359662093222141,-2196.9365234375,452.99017333984375,177.70006116231283,0.014953880570828915,0.0384113984182477,0.0384113984182477,142.6560275799264,142.6560077816248,142.6560387481004,121,False
Compress_Down,90,0.04000060632824898,0.04000060632824898,-0.007500487845391035,-2240.54638671875,462.2078552246094,180.81507619222006,0.015380019322037697,0.038941835053265095,0.038941835053265095,142.49951329490185,142.49949832446873,142.4995311535895,121,False
Compress_Down,91,0.04044518247246742,0.04044518247246742,-0.0076412237249314785,-2284.054931640625,471.4478759765625,185.9898796081543,0.01590991858392954,0.03987766429781914,0.03987766429781914,142.3431116306369,142.3430957365781,142.3431176226586,121,False
Compress_Down,92,0.04088975861668587,0.04088975861668587,-0.007828406989574432,-2341.13671875,482.1791687011719,189.34505081176758,0.016053455881774426,0.04084731079638004,0.04084731079638004,142.18689481466086,142.18687592074275,142.18690851703286,121,False
Compress_Down,93,0.04133336618542671,0.04133336618542671,-0.007968718186020851,-2384.381103515625,495.27655029296875,193.43248240152994,0.016381034161895514,0.04161959793418646,0.04161959793418646,142.03128168621092,142.03127520158887,142.03129382804036,121,False
Compress_Down,94,0.04177794232964516,0.04177794232964516,-0.008108790963888168,-2427.9521484375,505.5578918457031,197.3077392578125,0.016588248312473297,0.04246984049677849,0.04246984049677849,141.87564656969684,141.8756302446127,141.8756591156125,121,False
Compress_Down,95,0.042223010212183,0.042223010212183,-0.008295457810163498,-2485.529296875,515.6265869140625,201.4335962931315,0.017055694013834,0.04334999434649944,0.04334999434649944,141.72007844683307,141.7200597934425,141.72010030597448,121,False
Compress_Down,96,0.04266684129834175,0.04266684129834175,-0.008435017429292202,-2529.28173828125,525.2861938476562,205.2552490234375,0.01749167963862419,0.044233523309230804,0.044233523309230804,141.564995843209,141.5649764239788,141.5650132112205,121,False
Compress_Down,97,0.043111637234687805,0.043111637234687805,-0.008574441075325012,-2572.537841796875,535.63232421875,209.34273529052734,0.017758918460458517,0.04524119570851326,0.04524119570851326,141.4101418677317,141.4101356640458,141.41015661880374,121,False
Compress_Down,98,0.04355643317103386,0.04355643317103386,-0.008759425953030586,-2629.74267578125,549.1210327148438,214.40490214029947,0.018289867788553238,0.046089788898825645,0.046089788898825645,141.25593073573734,141.25592354685068,141.25594682991505,121,False
Compress_Down,99,0.04400026425719261,0.04400026425719261,-0.008897216990590096,-2672.242919921875,557.3760986328125,217.62919743855795,0.018437703140079975,0.04718609340488911,0.04718609340488911,141.10278331266701,141.10276522114873,141.10279502347112,121,False
Compress_Down,100,0.044445060193538666,0.044445060193538666,-0.009034710936248302,-2714.75927734375,565.8318481445312,221.1866086324056,0.018653723411262035,0.04777025058865547,0.04777025058865547,140.95009911866967,140.95008093863726,140.95011539757252,121,False
Compress_Down,101,0.044889580458402634,0.044889580458402634,-0.009217167273163795,-2771.80908203125,574.0897216796875,224.9644978841146,0.01932809455320239,0.04870366491377354,0.04870366491377354,140.7979421610059,140.79792704433203,140.79795498400927,121,False
Compress_Down,102,0.0453336201608181,0.0453336201608181,-0.009353302419185638,-2814.1044921875,583.2507934570312,229.21556854248047,0.01948418142274022,0.049450960010290146,0.049450960010290146,140.6467039953948,140.64668398350477,140.64672496169806,121,False
Compress_Down,103,0.04577862098813057,0.04577862098813057,-0.009488612413406372,-2856.20849609375,594.9009399414062,232.57290903727213,0.01971336593851447,0.05045055411756039,0.05045055411756039,140.49616501443396,140.49614500254393,140.49617107957602,121,False
Compress_Down,104,0.046222660690546036,0.046222660690546036,-0.00966777466237545,-2912.720703125,605.0653686523438,236.49409103393555,0.020061297807842493,0.05106817185878754,0.05106817185878754,140.34701855314418,140.34700393676758,140.34703839570284,121,False
Compress_Down,105,0.0466667003929615,0.0466667003929615,-0.00980099942535162,-2954.47119140625,613.8344116210938,240.27452596028647,0.020595322363078594,0.0519114937633276,0.0519114937633276,140.19900476483028,140.1989832520485,140.19902143627405,121,False
Compress_Down,106,0.04711170122027397,0.04711170122027397,-0.009933538734912872,-2995.60400390625,626.6526489257812,244.54061889648438,0.0207742927595973,0.05286906845867634,0.05286906845867634,140.05191583371112,140.0519097223878,140.05193021148443,121,False
Compress_Down,107,0.04755566641688347,0.04755566641688347,-0.010108652524650097,-3050.699462890625,634.755126953125,247.64898173014322,0.020894501358270645,0.0535587202757597,0.0535587202757597,139.90608605071287,139.90607112646103,139.90609254688025,121,False
Compress_Down,108,0.04800085723400116,0.04800085723400116,-0.010238703340291977,-3091.485595703125,645.9371337890625,252.06201299031576,0.021418908145278692,0.0544727947562933,0.0544727947562933,139.76098568571254,139.76097106933594,139.76099248975515,121,False
Compress_Down,109,0.048445090651512146,0.048445090651512146,-0.010367918759584427,-3131.59130859375,654.0388793945312,255.29982884724936,0.021560293156653643,0.055148616433143616,0.055148616433143616,139.61763663817783,139.61762469261885,139.61765076965094,121,False
Compress_Down,110,0.04888932406902313,0.04888932406902313,-0.010538222268223763,-3185.1689453125,665.69873046875,259.72485733032227,0.02191241132095456,0.056325871497392654,0.056325871497392654,139.47577056405711,139.47575353085995,139.4757917150855,121,False
Compress_Down,111,0.04933355748653412,0.04933355748653412,-0.010664546862244606,-3225.01513671875,674.734619140625,263.68819427490234,0.02252011513337493,0.05678282864391804,0.05678282864391804,139.33546135340595,139.33544419705868,139.3354767933488,121,False
Compress_Down,112,0.049777790904045105,0.049777790904045105,-0.010789567604660988,-3264.375,681.2905883789062,266.36465581258136,0.02252011513337493,0.05758133716881275,0.05758133716881275,139.1967613450136,139.19674698263407,139.19677585363388,121,False
Compress_Down,113,0.0502227246761322,0.0502227246761322,-0.010954061523079872,-3315.599365234375,692.108154296875,270.190678914388,0.022973386105149984,0.05832573398947716,0.05832573398947716,139.05944671358696,139.0594271942973,139.0594644472003,121,False
Compress_Down,114,0.05066720396280289,0.05066720396280289,-0.01107643824070692,-3354.678955078125,701.7721557617188,273.6142883300781,0.02312143426388502,0.0590783916413784,0.0590783916413784,138.92357121414142,138.92356120049953,138.92358634620905,121,False
Compress_Down,115,0.0511116161942482,0.0511116161942482,-0.011197075247764587,-3392.874267578125,712.7105102539062,278.23083241780597,0.023750214837491512,0.059935808181762695,0.059935808181762695,138.78948970366855,138.78947775810957,138.7895094230771,121,False
Compress_Down,116,0.05155602842569351,0.05155602842569351,-0.011355681344866753,-3442.63232421875,719.3706665039062,280.665278116862,0.023811579681932926,0.06061810255050659,0.06061810255050659,138.65727157724544,138.65725230425596,138.65728490054607,121,False
Compress_Down,117,0.052000440657138824,0.052000440657138824,-0.011473034508526325,-3480.153564453125,726.5957641601562,283.82480875651044,0.02396013494580984,0.06145819276571274,0.06145819276571274,138.5269766858171,138.52695934474468,138.5269919410348,121,False
Compress_Down,118,0.05244485288858414,0.05244485288858414,-0.01158851757645607,-3516.916748046875,735.2745971679688,287.8739242553711,0.024667110294103622,0.06210467219352722,0.06210467219352722,138.39863181452858,138.39861564338207,138.39864451438189,121,False
Compress_Down,119,0.05288926512002945,0.05288926512002945,-0.011740319430828094,-3564.473876953125,746.9324340820312,291.429926554362,0.02478751167654991,0.06272073462605476,0.06272073462605476,138.27230802098336,138.27228639274836,138.27232643961906,121,False
Compress_Down,120,0.05333365872502327,0.05333365872502327,-0.011852193623781204,-3600.058837890625,756.9662475585938,294.9996871948242,0.02494002878665924,0.06383186019957066,0.06383186019957066,138.1478173781402,138.14780861139297,138.14782351255417,121,False
Compress_Down,121,0.053778234869241714,0.053778234869241714,-0.01196261402219534,-3635.42431640625,761.1289672851562,297.4783579508464,0.025261200964450836,0.06416771374642849,0.06416771374642849,138.02517232415843,138.02515342831612,138.02518974989653,121,False
Compress_Down,122,0.05422281101346016,0.05422281101346016,-0.012107287533581257,-3681.31689453125,770.3038940429688,300.62376403808594,0.025472944602370262,0.06482898816466331,0.06482898816466331,137.90469631275607,137.904679402709,137.90471386164427,121,False
Compress_Down,123,0.054667387157678604,0.054667387157678604,-0.012213555164635181,-3714.76318359375,780.18359375,303.9722188313802,0.025639362633228302,0.06563937850296497,0.06563937850296497,137.7864474707768,137.7864321693778,137.78646383434534,121,False
Compress_Down,124,0.05511196330189705,0.05511196330189705,-0.012317991815507412,-3747.896728515625,785.427734375,306.1650619506836,0.025766958482563496,0.06626833602786064,0.06626833602786064,137.67047284155592,137.67045363783836,137.67048809677362,121,False
Compress_Down,125,0.055555589497089386,0.055555589497089386,-0.012454262003302574,-3791.474853515625,796.5643920898438,310.6755777994792,0.026311973109841347,0.06716282851994038,0.06716282851994038,137.55702950091154,137.55701016634703,137.55704183131456,121,False
Compress_Down,126,0.05600016564130783,0.05600016564130783,-0.012554308399558067,-3822.68994140625,804.94287109375,313.6225814819336,0.02651099395006895,0.06739757768809795,0.06739757768809795,137.44568777817094,137.44567334651947,137.44570687413216,121,False
Compress_Down,127,0.056444741785526276,0.056444741785526276,-0.012652428820729256,-3854.08984375,811.54345703125,316.118657430013,0.026689251884818077,0.06811847910284996,0.06811847910284996,137.3367464354585,137.33673188835382,137.33675982803106,121,False
Compress_Down,128,0.056889332830905914,0.056889332830905914,-0.012780571356415749,-3894.98876953125,815.0715942382812,317.912789662679,0.02676496095955372,0.06887181289494038,0.06887181289494038,137.2299940240654,137.2299874201417,137.23000418394804,121,False
Compress_Down,129,0.0573340579867363,0.0573340579867363,-0.012874526903033257,-3925.05029296875,821.1952514648438,319.9540252685547,0.026914410293102264,0.06918137893080711,0.06918137893080711,137.12548349853142,137.12547067552805,137.12550047785044,121,False
Compress_Down,130,0.05777783691883087,0.05777783691883087,-0.01296623982489109,-3954.65673828125,827.9281005859375,323.86438369750977,0.02763063833117485,0.07025151513516903,0.07025151513516903,137.02368061250644,137.02367339283228,137.0236910879612,121,False
Compress_Down,131,0.058222562074661255,0.058222562074661255,-0.013085629791021347,-3992.181884765625,843.1395874023438,328.40042368570965,0.027838679030537605,0.07059602253139019,0.07059602253139019,136.92418482031457,136.92417088896036,136.92419975996017,121,False
Compress_Down,132,0.05866728723049164,0.05866728723049164,-0.01317276619374752,-4020.224365234375,848.1926879882812,330.51961008707684,0.027948233298957348,0.07115472480654716,0.07115472480654716,136.82723768086225,136.82722207158804,136.8272565305233,121,False
Compress_Down,133,0.05911201238632202,0.05911201238632202,-0.013257613405585289,-4047.59619140625,850.7322998046875,331.53849538167316,0.027948233298957348,0.07136628776788712,0.07136628776788712,136.73286893489686,136.73285208642483,136.7328902706504,121,False
Compress_Down,134,0.059555791318416595,0.059555791318416595,-0.01336774230003357,-4083.232177734375,857.6395874023438,334.69983164469403,0.02817261777818203,0.07229568250477314,0.07229568250477314,136.64129317145455,136.6412779316306,136.6413040086627,121,False
Compress_Down,135,0.06000051647424698,0.06000051647424698,-0.013447859324514866,-4108.3232421875,862.0584106445312,335.87779744466144,0.02828380838036537,0.07256040349602699,0.07256040349602699,136.55214654358704,136.55212800949812,136.55215967446566,121,False
Compress_Down,136,0.06044524163007736,0.06044524163007736,-0.013525843620300293,-4133.38916015625,867.0430908203125,337.8203608194987,0.02838542964309454,0.07293202169239521,0.07293202169239521,136.46563157162143,136.46561279892921,136.46564166992903,121,False
Compress_Down,137,0.060889020562171936,0.060889020562171936,-0.013626312837004662,-4165.751953125,874.2955932617188,341.19136810302734,0.028984800912439823,0.07328279130160809,0.07328279130160809,136.38193131817027,136.3819194957614,136.38195022940636,121,False
Compress_Down,138,0.06133347749710083,0.06133347749710083,-0.013699449598789215,-4188.84033203125,882.2699584960938,343.66721598307294,0.029049511067569256,0.07392320781946182,0.07392320781946182,136.30054887261025,136.30053214728832,136.30056474357843,121,False
Compress_Down,139,0.06177833676338196,0.06177833676338196,-0.01377058308571577,-4211.96630859375,886.895751953125,345.1509068806966,0.029049511067569256,0.07467062957584858,0.07467062957584858,136.22169266647296,136.22167613357306,136.22170686721802,121,False
Compress_Down,140,0.062222253531217575,0.062222253531217575,-0.013861757703125477,-4240.80517578125,897.2935791015625,349.1939010620117,0.029384437948465347,0.07483869977295399,0.07483869977295399,136.1456878775777,136.14567276090384,136.14570070058107,121,False
Compress_Down,141,0.06266682595014572,0.06266682595014572,-0.013927643187344074,-4262.16064453125,898.5740966796875,349.98315175374347,0.029466758482158184,0.0751128327101469,0.0751128327101469,136.0723602485435,136.07235439121723,136.07237581163645,121,False
Compress_Down,142,0.0631115511059761,0.0631115511059761,-0.01399119384586811,-4282.7763671875,900.369873046875,351.0734151204427,0.029661030508577824,0.0758837778121233,0.0758837778121233,136.0018846525018,136.00186817348003,136.0018951818347,121,False
Compress_Down,143,0.06355627626180649,0.06355627626180649,-0.014072539284825325,-4308.83935546875,908.0414428710938,353.4954833984375,0.029719860292971134,0.07600737549364567,0.07600737549364567,135.93409181965038,135.9340725466609,135.93410979956388,121,False
Compress_Down,144,0.06400042772293091,0.06400042772293091,-0.014131288975477219,-4327.54736328125,909.63671875,354.87145741780597,0.03005513735115528,0.07633962854743004,0.07633962854743004,135.86871192813658,135.86869835853577,135.86872536689043,121,False
Compress_Down,145,0.06444446742534637,0.06444446742534637,-0.014188002794981003,-4345.9873046875,915.586669921875,356.61020914713544,0.03005513735115528,0.07670830748975277,0.07670830748975277,135.8058821055884,135.80587040632963,135.8059011399746,121,False
Compress_Down,146,0.06488944590091705,0.06488944590091705,-0.01426023617386818,-4368.98486328125,919.5728759765625,357.82390848795575,0.03005513735115528,0.07711395993828773,0.07711395993828773,135.74560056632953,135.74559334665537,135.74561662971973,121,False
Compress_Down,147,0.06533348560333252,0.06533348560333252,-0.014311887323856354,-4385.828125,925.3177490234375,359.97737884521484,0.030250939540565014,0.07740403898060322,0.07740403898060322,135.68811982962464,135.68811304867268,135.68813633173704,121,False
Compress_Down,148,0.0657784640789032,0.0657784640789032,-0.014361388981342316,-4401.5263671875,927.3440551757812,360.77055104573566,0.030257034115493298,0.07764323987066746,0.07764323987066746,135.63317844782733,135.63316594809294,135.63319947570562,121,False
Compress_Down,149,0.06622250378131866,0.06622250378131866,-0.014424074441194534,-4422.2939453125,929.6268920898438,361.8962173461914,0.03040210995823145,0.07832791283726692,0.07832791283726692,135.580979310715,135.58096159249544,135.58099698275328,121,False
Compress_Down,150,0.06666748225688934,0.06666748225688934,-0.014468614012002945,-4435.869140625,932.658203125,363.1412811279297,0.030522044748067856,0.07842199131846428,0.07842199131846428,135.53129188131447,135.53127646446228,135.53130626678467,121,False
Compress_Down,151,0.06711152195930481,0.06711152195930481,-0.01451115682721138,-4449.64306640625,937.2655639648438,364.5625915527344,0.030539177358150482,0.0785691849887371,0.0785691849887371,135.48429343418394,135.4842772707343,135.48431266099215,121,False
Compress_Down,152,0.06755556166172028,0.06755556166172028,-0.014564521610736847,-4467.08056640625,938.9580688476562,365.74792226155597,0.03074911143630743,0.07900727540254593,0.07900727540254593,135.43985755575343,135.43984200805426,135.4398773983121,121,False
Compress_Down,153,0.06800054013729095,0.06800054013729095,-0.014602158218622208,-4479.04248046875,944.5313720703125,367.7736994425456,0.030932599678635597,0.07916039228439331,0.07916039228439331,135.39784367019234,135.39783749729395,135.39785612374544,121,False
Compress_Down,154,0.06844457983970642,0.06844457983970642,-0.01463778130710125,-4490.53515625,948.4765014648438,369.0402119954427,0.03096512146294117,0.07937630638480186,0.07937630638480186,135.35841612129911,135.35839971154928,135.35843137651682,121,False
Compress_Down,155,0.0688895583152771,0.0688895583152771,-0.01468218769878149,-4504.6796875,949.75537109375,369.7041727701823,0.031052730046212673,0.0794159434735775,0.0794159434735775,135.3213552093087,135.32134890556335,135.32137125730515,121,False
Compress_Down,156,0.06933359801769257,0.06933359801769257,-0.014713222160935402,-4514.697265625,951.306640625,370.1942443847656,0.031052730046212673,0.07960625179111958,0.07960625179111958,135.28679338214565,135.28678752481937,135.28680428862572,121,False
Compress_Down,157,0.06977857649326324,0.06977857649326324,-0.01474234089255333,-4523.93505859375,953.5693969726562,370.94078572591144,0.031052730046212673,0.07992109470069408,0.07992109470069408,135.2545039204896,135.25448739528656,135.25451999157667,121,False
Compress_Down,158,0.07022261619567871,0.07022261619567871,-0.0147782601416111,-4535.6025390625,954.3340454101562,371.41510518391925,0.031052730046212673,0.08000056073069572,0.08000056073069572,135.22459599689756,135.2245770394802,135.22461149841547,121,False
Compress_Down,159,0.07066759467124939,0.07066759467124939,-0.014803068712353706,-4543.734375,956.59130859375,372.2349116007487,0.031124819070100784,0.08013379946351051,0.08013379946351051,135.19687885187628,135.19686087965965,135.19689440727234,121,False
Compress_Down,160,0.07111163437366486,0.07111163437366486,-0.014826093800365925,-4551.19140625,959.008544921875,373.04652913411456,0.031230466440320015,0.08027852699160576,0.08027852699160576,135.1714276685572,135.17140969634056,135.17144601792097,121,False
Compress_Down,161,0.07155567407608032,0.07155567407608032,-0.014854149892926216,-4560.10986328125,961.3892822265625,374.24820200602215,0.0314633809030056,0.08036601170897484,0.08036601170897484,135.14810845963964,135.1480921730399,135.14812383800745,121,False
Compress_Down,162,0.072000652551651,0.072000652551651,-0.014873197302222252,-4566.1708984375,963.818359375,374.9836196899414,0.0314633809030056,0.080434774979949,0.080434774979949,135.12680774231342,135.12680120766163,135.12682262808084,121,False
Compress_Down,163,0.07244469225406647,0.07244469225406647,-0.014890624210238457,-4571.84521484375,962.851318359375,374.91501871744794,0.0314633809030056,0.080581184476614,0.080581184476614,135.10756209215594,135.10754145681858,135.10757684707642,121,False
Compress_Down,164,0.07288967072963715,0.07288967072963715,-0.014911430887877941,-4578.51513671875,965.5697021484375,375.64684041341144,0.0314633809030056,0.08071644231677055,0.08071644231677055,135.09019491193462,135.09017881006002,135.09021420031786,121,False
Compress_Down,165,0.07333371043205261,0.07333371043205261,-0.014925283379852772,-4582.82080078125,968.0391845703125,376.4820098876953,0.031491223722696304,0.08080718480050564,0.08080718480050564,135.0747285533912,135.07471233606339,135.07474306970835,121,False
Compress_Down,166,0.07377868890762329,0.07377868890762329,-0.014937704429030418,-4586.92431640625,967.0096435546875,376.2834116617839,0.031491223722696304,0.08087988570332527,0.08087988570332527,135.06098075438877,135.0609613582492,135.06099302321672,121,False
Compress_Down,167,0.07422272861003876,0.07422272861003876,-0.01495214831084013,-4591.57568359375,968.2212524414062,376.65325927734375,0.031491223722696304,0.08094463311135769,0.08094463311135769,135.04897048004156,135.04895381629467,135.04898641258478,121,False
Compress_Down,168,0.07466676831245422,0.07466676831245422,-0.014961476437747478,-4594.52587890625,968.5283813476562,376.8023503621419,0.031491223722696304,0.08098523691296577,0.08098523691296577,135.03853147772472,135.03851369023323,135.0385481491685,121,False
Compress_Down,169,0.0751117467880249,0.0751117467880249,-0.014969591051340103,-4597.14306640625,968.743408203125,376.9080327351888,0.031535565853118896,0.08108723163604736,0.08108723163604736,135.02956873714186,135.02955250442028,135.02957578748465,121,False
Compress_Down,170,0.07555578649044037,0.07555578649044037,-0.014978650957345963,-4599.9521484375,968.8519287109375,376.94397735595703,0.031535565853118896,0.08109641447663307,0.08109641447663307,135.0220373085092,135.0220311433077,135.02204325050116,121,False
Compress_Down,171,0.07600076496601105,0.07600076496601105,-0.014984222128987312,-4601.69384765625,969.890869140625,377.22559611002606,0.031535565853118896,0.08111481182277203,0.08111481182277203,135.01576225712034,135.01574378460646,135.01576986163855,121,False
Compress_Down,172,0.07644480466842651,0.07644480466842651,-0.014988837763667107,-4603.1376953125,970.3726196289062,377.3688735961914,0.031535565853118896,0.08112353645265102,0.08112353645265102,135.01071168710132,135.01069974154234,135.01072954386473,121,False
Compress_Down,173,0.07688978314399719,0.07688978314399719,-0.014993629418313503,-4604.70458984375,970.5662841796875,377.4340235392253,0.031535565853118896,0.08114335685968399,0.08114335685968399,135.00671891480192,135.00670343637466,135.00673603266478,121,False
Compress_Down,174,0.07733382284641266,0.07733382284641266,-0.01499631442129612,-4605.59716796875,970.4270629882812,377.41594950358075,0.031535565853118896,0.08124470710754395,0.08124470710754395,135.003685235423,135.00366639345884,135.00369898974895,121,False
Compress_Down,175,0.07777786254882812,0.07777786254882812,-0.014998329803347588,-4606.17626953125,970.4666137695312,377.4645131429036,0.031535565853118896,0.0812502782791853,0.0812502782791853,135.0014971661543,135.00147871673107,135.00151317566633,121,False
Compress_Down,176,0.0782228410243988,0.0782228410243988,-0.01500011421740055,-4606.67626953125,970.8282470703125,377.5652389526367,0.03155453409999609,0.0812502782791853,0.0812502782791853,135.00000538750868,134.9999886006117,135.00002305954695,121,False
Compress_Down,177,0.07866688072681427,0.07866688072681427,-0.015000911429524422,-4607.01025390625,970.31298828125,377.4945246378581,0.03157596476376057,0.0812502782791853,0.0812502782791853,134.99909672455107,134.99907962977886,134.99910291284323,121,False
Compress_Down,178,0.07911185920238495,0.07911185920238495,-0.015001371502876282,-4607.16357421875,970.4490966796875,377.5290273030599,0.03157596476376057,0.0812502782791853,0.0812502782791853,134.99861194421192,134.99860279262066,134.99863166362047,121,False
Compress_Down,179,0.07955589890480042,0.07955589890480042,-0.01500157080590725,-4607.19970703125,970.8974609375,377.6486333211263,0.03157596476376057,0.0812502782791853,0.0812502782791853,134.99844014983285,134.9984249100089,134.99845657497644,121,False
Compress_Down,180,0.07999999821186066,0.07999999821186066,-0.01500157080590725,-4607.18408203125,971.2340087890625,377.7287851969401,0.03157596476376057,0.0812502782791853,0.0812502782791853,134.99844131975874,134.99842304736376,134.99845657497644,121,False
Hold_135um,0,0.0,0.07999999821186066,-0.01500157080590725,-4607.18408203125,971.2454223632812,377.7287851969401,0.03157596476376057,0.0812502782791853,0.0812502782791853,134.99844131975874,134.99842304736376,134.99845657497644,121,False
Hold_135um,1,0.00022246890875976533,0.08022246712062042,-0.01500157080590725,-4607.21875,971.3881225585938,377.7589619954427,0.03157596476376057,0.0812502782791853,0.0812502782791853,134.99844082715836,134.99842397868633,134.998450987041,121,False
Hold_135um,2,0.00044493787572719157,0.08044493608758785,-0.01500157080590725,-4607.2138671875,971.3035278320312,377.74146779378253,0.03157596476376057,0.0812502782791853,0.0812502782791853,134.99844131975874,134.99842397868633,134.99845378100872,121,False
Hold_135um,3,0.0006674042670056224,0.08066740247886628,-0.01500157080590725,-4607.20068359375,971.0519409179688,377.67296346028644,0.03157596476376057,0.0812502782791853,0.0812502782791853,134.998433684453,134.99841652810574,134.99845284968615,121,False
Hold_135um,4,0.0008889302844181657,0.08088892849627882,-0.01500157080590725,-4607.2216796875,971.1011962890625,377.6884307861328,0.03157596476376057,0.0812502782791853,0.0812502782791853,134.9984399651077,134.99842397868633,134.99845564365387,121,False
Hold_135um,5,0.0011113932123407722,0.08111139142420143,-0.01500157080590725,-4607.22900390625,970.7468872070312,377.6079686482747,0.03157596476376057,0.0812502782791853,0.0812502782791853,134.9984399651077,134.9984249100089,134.9984584376216,121,False
Hold_135um,6,0.0013338548596948385,0.0813338530715555,-0.01500157080590725,-4607.24658203125,970.8119506835938,377.620600382487,0.03157596476376057,0.0812502782791853,0.0812502782791853,134.9984408887334,134.99842397868633,134.99845657497644,121,False
Hold_135um,7,0.001556316507048905,0.08155631471890956,-0.01500157080590725,-4607.25732421875,971.69091796875,377.83741251627606,0.03157596476376057,0.0812502782791853,0.0812502782791853,134.99843245295207,134.998413734138,134.998450987041,121,False
Hold_135um,8,0.0017778394976630807,0.08177783770952374,-0.01500157080590725,-4607.2392578125,971.1651611328125,377.7034556070964,0.03157596476376057,0.0812502782791853,0.0812502782791853,134.9984328839774,134.9984211847186,134.998450987041,121,False
Hold_135um,9,0.0020003069657832384,0.0820003051776439,-0.01500157080590725,-4607.236328125,970.9077758789062,377.64132436116535,0.03157596476376057,0.0812502782791853,0.0812502782791853,134.9984410118835,134.99842770397663,134.99845284968615,121,False
Hold_135um,10,0.0022227962035685778,0.08222279441542923,-0.01500157080590725,-4607.2548828125,970.7557983398438,377.6109441121419,0.03157596476376057,0.0812502782791853,0.0812502782791853,134.99844051928312,134.9984249100089,134.9984472617507,121,False
Hold_135um,11,0.002445285441353917,0.08244528365321457,-0.01500157080590725,-4607.25146484375,970.7347412109375,377.6028747558594,0.03157596476376057,0.0812502782791853,0.0812502782791853,134.99843349972787,134.99841652810574,134.998450987041,121,False
Hold_135um,12,0.002666834509000182,0.08266683272086084,-0.01500157080590725,-4607.25244140625,970.915283203125,377.646967569987,0.03157596476376057,0.0812502782791853,0.0812502782791853,134.9984330071275,134.99842677265406,134.998450987041,121,False
Hold_135um,13,0.0028893237467855215,0.08288932195864618,-0.01500157080590725,-4607.2216796875,970.7473754882812,377.6053288777669,0.03157596476376057,0.0812502782791853,0.0812502782791853,134.9984414429088,134.9984249100089,134.99845657497644,121,False
Hold_135um,14,0.003111812984570861,0.08311181119643152,-0.01500157080590725,-4607.28076171875,971.999755859375,377.92638142903644,0.03157596476376057,0.0812502782791853,0.0812502782791853,134.99844131975874,134.99843422323465,134.9984472617507,121,False
Hold_135um,15,0.003333363449200988,0.08333336166106164,-0.01500157080590725,-4607.27783203125,970.1445922851562,377.46374766031903,0.03157596476376057,0.0812502782791853,0.0812502782791853,134.99844119660864,134.99842397868633,134.99845284968615,121,False
Hold_135um,16,0.003555852686986327,0.08355585089884698,-0.01500157080590725,-4607.24072265625,970.9923095703125,377.6805725097656,0.03157596476376057,0.0812502782791853,0.0812502782791853,134.998433684453,134.99842677265406,134.998450987041,121,False
Hold_135um,17,0.0037783419247716665,0.08377834013663232,-0.01500157080590725,-4607.27001953125,971.2021484375,377.7297617594401,0.03157596476376057,0.0812502782791853,0.0812502782791853,134.9984421818094,134.99842584133148,134.99845657497644,121,False
Hold_135um,18,0.004000825807452202,0.08400082401931286,-0.01500157080590725,-4607.27294921875,970.725830078125,377.60921986897785,0.03157596476376057,0.0812502782791853,0.0812502782791853,134.99844119660864,134.99842397868633,134.99845284968615,121,False
Hold_135um,19,0.004222376272082329,0.08422237448394299,-0.01500157080590725,-4607.2431640625,971.0419921875,377.6910120646159,0.03157596476376057,0.0812502782791853,0.0812502782791853,134.9984414429088,134.99842584133148,134.99845564365387,121,False
Hold_135um,20,0.004444865509867668,0.08444486372172832,-0.01500157080590725,-4607.23828125,971.0161743164062,377.68393961588544,0.03157596476376057,0.0812502782791853,0.0812502782791853,134.9984331302776,134.99842397868633,134.998450987041,121,False
Hold_135um,21,0.0046673547476530075,0.08466735295951366,-0.01500157080590725,-4607.25439453125,970.9608154296875,377.66858164469403,0.03157596476376057,0.0812502782791853,0.0812502782791853,134.99843411547832,134.99842770397663,134.99844539910555,121,False
Hold_135um,22,0.0048889052122831345,0.08488890342414379,-0.01500157080590725,-4607.25537109375,971.025390625,377.6854197184245,0.03157596476376057,0.0812502782791853,0.0812502782791853,134.9984331302776,134.9984211847186,134.998450987041,121,False
Hold_135um,23,0.005111394450068474,0.08511139266192913,-0.01500157080590725,-4607.25732421875,971.218994140625,377.73333740234375,0.03157596476376057,0.0812502782791853,0.0812502782791853,134.99843454650366,134.99841839075089,134.998450987041,121,False
Hold_135um,24,0.005333883687853813,0.08533388189971447,-0.01500157080590725,-4607.25341796875,970.9214477539062,377.6558202107747,0.03157596476376057,0.0812502782791853,0.0812502782791853,134.99843319185263,134.99841652810574,134.99844539910555,121,False
Hold_135um,25,0.0055563729256391525,0.08555637113749981,-0.01500157080590725,-4607.25927734375,971.2061157226562,377.72979736328125,0.03157596476376057,0.0812502782791853,0.0812502782791853,134.99844027298295,134.99843329191208,134.99845284968615,121,False
Hold_135um,26,0.0057779233902692795,0.08577792160212994,-0.01500157080590725,-4607.24658203125,970.824462890625,377.6340154012044,0.03157596476376057,0.0812502782791853,0.0812502782791853,134.99843374602804,134.9984174594283,134.9984398111701,121,False
Hold_135um,27,0.006000412628054619,0.08600041083991528,-0.01500157080590725,-4607.25244140625,970.811279296875,377.63297271728516,0.03157596476376057,0.0812502782791853,0.0812502782791853,134.9984411350336,134.99843515455723,134.99845564365387,121,False
Hold_135um,28,0.006222901865839958,0.08622290007770061,-0.01500157080590725,-4607.2578125,971.1856079101562,377.7251663208008,0.03157596476376057,0.0812502782791853,0.0812502782791853,134.99843380760308,134.99841839075089,134.99845284968615,121,False
Hold_135um,29,0.006444452330470085,0.08644445054233074,-0.01500157080590725,-4607.24658203125,970.7432861328125,377.6143035888672,0.03157596476376057,0.0812502782791853,0.0812502782791853,134.99843319185263,134.99841652810574,134.9984398111701,121,False
Hold_135um,30,0.0066669415682554245,0.08666693978011608,-0.01500157080590725,-4607.24365234375,971.142578125,377.7165298461914,0.03157596476376057,0.0812502782791853,0.0812502782791853,134.9984330071275,134.99842677265406,134.998450987041,121,False
Hold_135um,31,0.006889430806040764,0.08688942901790142,-0.01500157080590725,-4607.23486328125,970.87890625,377.64747619628906,0.03157596476376057,0.0812502782791853,0.0812502782791853,134.99843971880753,134.9984211847186,134.99844633042812,121,False
Hold_135um,32,0.007111920043826103,0.08711191825568676,-0.01500157080590725,-4607.25146484375,971.31982421875,377.758794148763,0.03157596476376057,0.0812502782791853,0.0812502782791853,134.99843362287794,134.998413734138,134.998450987041,121,False
Hold_135um,33,0.00733347050845623,0.08733346872031689,-0.01500157080590725,-4607.25341796875,970.8853759765625,377.64905548095703,0.03157596476376057,0.0812502782791853,0.0812502782791853,134.99843282240235,134.99842677265406,134.99844819307327,121,False
Hold_135um,34,0.0075559597462415695,0.08755595795810223,-0.01500157080590725,-4607.24267578125,970.5521240234375,377.56956481933594,0.03157596476376057,0.0812502782791853,0.0812502782791853,134.99843269925225,134.99842677265406,134.9984398111701,121,False
Hold_135um,35,0.007778448984026909,0.08777844719588757,-0.01500157080590725,-4607.2529296875,970.9431762695312,377.6675669352214,0.03157596476376057,0.0812502782791853,0.0812502782791853,134.99843399232822,134.99842770397663,134.9984435364604,121,False
Hold_135um,36,0.007999999448657036,0.08799999766051769,-0.01500157080590725,-4607.240234375,971.0499267578125,377.6909764607747,0.03157596476376057,0.0812502782791853,0.0812502782791853,134.99843411547832,134.99842025339603,134.99844912439585,121,False
Hold_135um,37,0.008222488686442375,0.08822248689830303,-0.01500157080590725,-4607.23779296875,970.8967895507812,377.6524709065755,0.03157596476376057,0.0812502782791853,0.0812502782791853,134.99843257610218,134.998413734138,134.998450987041,121,False
Hold_135um,38,0.008444977924227715,0.08844497613608837,-0.01500157080590725,-4607.26611328125,970.989013671875,377.67728932698566,0.03157596476376057,0.0812502782791853,0.0812502782791853,134.99843257610218,134.998413734138,134.998450987041,121,False
Hold_135um,39,0.008667467162013054,0.08866746537387371,-0.01500157080590725,-4607.2412109375,971.0891723632812,377.7015151977539,0.03157596476376057,0.0812502782791853,0.0812502782791853,134.9984330071275,134.99842677265406,134.99844539910555,121,False
Hold_135um,40,0.00888901762664318,0.08888901583850384,-0.01500157080590725,-4607.23046875,970.5643920898438,377.5697428385417,0.03157596476376057,0.0812502782791853,0.0812502782791853,134.99843386917814,134.99842770397663,134.9984398111701,121,False
Hold_135um,41,0.00911150686442852,0.08911150507628918,-0.01500157080590725,-4607.25,970.8765258789062,377.6523081461589,0.03157596476376057,0.0812502782791853,0.0812502782791853,134.9984330071275,134.99841839075089,134.998450987041,121,False
Hold_135um,42,0.00933399610221386,0.08933399431407452,-0.01500157080590725,-4607.24560546875,971.109375,377.70679473876953,0.03157596476376057,0.0812502782791853,0.0812502782791853,134.9984410118835,134.99843515455723,134.998450987041,121,False
Hold_135um,43,0.009556485339999199,0.08955648355185986,-0.01500157080590725,-4607.2412109375,970.9321899414062,377.66101837158203,0.03157596476376057,0.0812502782791853,0.0812502782791853,134.99844076558333,134.9984211847186,134.99845284968615,121,False
Hold_135um,44,0.009778035804629326,0.08977803401648998,-0.01500157080590725,-4607.2734375,971.5692749023438,377.8184076944987,0.03157596476376057,0.0812502782791853,0.0812502782791853,134.99843417705335,134.99841839075089,134.998450987041,121,False
Hold_135um,45,0.010000525042414665,0.09000052325427532,-0.01500157080590725,-4607.2548828125,971.0142822265625,377.6778106689453,0.03157596476376057,0.0812502782791853,0.0812502782791853,134.99843374602804,134.9984211847186,134.998450987041,121,False
Hold_135um,46,0.010223014280200005,0.09022301249206066,-0.01500157080590725,-4607.248046875,971.029052734375,377.68487040201825,0.03157596476376057,0.0812502782791853,0.0812502782791853,134.99844082715836,134.99843329191208,134.99845284968615,121,False
Hold_135um,47,0.010444564744830132,0.09044456295669079,-0.01500157080590725,-4607.25146484375,971.0359497070312,377.68756612141925,0.03157596476376057,0.0812502782791853,0.0812502782791853,134.99843442335356,134.99842770397663,134.998450987041,121,False
Hold_135um,48,0.010667053982615471,0.09066705219447613,-0.01500157080590725,-4607.25634765625,970.9375610351562,377.66040802001953,0.03157596476376057,0.0812502782791853,0.0812502782791853,134.9984335613029,134.99841839075089,134.998450987041,121,False
Hold_135um,49,0.01088954322040081,0.09088954143226147,-0.01500157080590725,-4607.24658203125,971.0944213867188,377.7007319132487,0.03157596476376057,0.0812502782791853,0.0812502782791853,134.9984327608273,134.9984211847186,134.998450987041,121,False
Hold_135um,50,0.01111203245818615,0.0911120306700468,-0.01500157080590725,-4607.26220703125,971.344482421875,377.76131439208984,0.03157596476376057,0.0812502782791853,0.0812502782791853,134.9984326376772,134.99841652810574,134.99844912439585,121,False
Hold_135um,51,0.011333582922816277,0.09133358113467693,-0.01500157080590725,-4607.2529296875,971.096923828125,377.6996027628581,0.03157596476376057,0.0812502782791853,0.0812502782791853,134.9984330071275,134.998413734138,134.998450987041,121,False
Hold_135um,52,0.011556072160601616,0.09155607037246227,-0.01500157080590725,-4607.24609375,970.7604370117188,377.6190999348958,0.03157596476376057,0.0812502782791853,0.0812502782791853,134.9984414429088,134.99842770397663,134.99845564365387,121,False
Hold_135um,53,0.011778561398386955,0.09177855961024761,-0.01500157080590725,-4607.24755859375,970.89453125,377.65359751383465,0.03157596476376057,0.0812502782791853,0.0812502782791853,134.99844168920902,134.99843422323465,134.99845564365387,121,False
Hold_135um,54,0.012000111863017082,0.09200011007487774,-0.01500157080590725,-4607.25537109375,970.9302978515625,377.66239166259766,0.03157596476376057,0.0812502782791853,0.0812502782791853,134.9984328839774,134.9984174594283,134.998450987041,121,False
Hold_135um,55,0.012222601100802422,0.09222259931266308,-0.01500157080590725,-4607.24609375,971.0114135742188,377.6824417114258,0.03157596476376057,0.0812502782791853,0.0812502782791853,134.99843436177852,134.99842770397663,134.99844912439585,121,False
Hold_135um,56,0.012445090338587761,0.09244508855044842,-0.01500157080590725,-4607.24755859375,971.121337890625,377.7070948282878,0.03157596476376057,0.0812502782791853,0.0812502782791853,134.99843257610218,134.998413734138,134.998450987041,121,False
Hold_135um,57,0.0126675795763731,0.09266757778823376,-0.01500157080590725,-4607.24267578125,971.1929931640625,377.72471110026044,0.03157596476376057,0.0812502782791853,0.0812502782791853,134.99843269925225,134.998413734138,134.998450987041,121,False
Hold_135um,58,0.012889130041003227,0.09288912825286388,-0.01500157080590725,-4607.25537109375,970.95458984375,377.66597747802734,0.03157596476376057,0.0812502782791853,0.0812502782791853,134.99843282240235,134.99842677265406,134.998450987041,121,False
Hold_135um,59,0.013111619278788567,0.09311161749064922,-0.01500157080590725,-4607.24560546875,970.6243286132812,377.5871810913086,0.03157596476376057,0.0812502782791853,0.0812502782791853,134.99843257610218,134.998413734138,134.9984398111701,121,False
Hold_135um,60,0.013334108516573906,0.09333410672843456,-0.01500157080590725,-4607.24853515625,971.0933227539062,377.7028172810872,0.03157596476376057,0.0812502782791853,0.0812502782791853,134.9984399651077,134.99842584133148,134.998450987041,121,False
Hold_135um,61,0.013555658981204033,0.09355565719306469,-0.01500157080590725,-4607.25048828125,970.9634399414062,377.6669743855794,0.03157596476376057,0.0812502782791853,0.0812502782791853,134.99843393075318,134.99842770397663,134.998450987041,121,False
Hold_135um,62,0.013778148218989372,0.09377814643085003,-0.01500157080590725,-4607.24267578125,970.8164672851562,377.6333236694336,0.03157596476376057,0.0812502782791853,0.0812502782791853,134.99843245295207,134.998413734138,134.9984398111701,121,False
Hold_135um,63,0.014000637456774712,0.09400063566863537,-0.01500157080590725,-4607.24609375,971.1829833984375,377.72330983479816,0.03157596476376057,0.0812502782791853,0.0812502782791853,134.9984400882578,134.99843422323465,134.998450987041,121,False
Hold_135um,64,0.014223126694560051,0.09422312490642071,-0.01500157080590725,-4607.2568359375,970.9797973632812,377.67064412434894,0.03157596476376057,0.0812502782791853,0.0812502782791853,134.99843257610218,134.998413734138,134.998450987041,121,False
Hold_135um,65,0.014444677159190178,0.09444467537105083,-0.01500157080590725,-4607.26025390625,971.058837890625,377.6932373046875,0.03157596476376057,0.0812502782791853,0.0812502782791853,134.9984330071275,134.99842677265406,134.998450987041,121,False
Hold_135um,66,0.014667166396975517,0.09466716460883617,-0.01500157080590725,-4607.2431640625,971.0801391601562,377.69603220621747,0.03157596476376057,0.0812502782791853,0.0812502782791853,134.9984328839774,134.9984211847186,134.998450987041,121,False
Hold_135um,67,0.014889655634760857,0.09488965384662151,-0.01500157080590725,-4607.26025390625,971.1055297851562,377.702387491862,0.03157596476376057,0.0812502782791853,0.0812502782791853,134.99843386917814,134.9984211847186,134.998450987041,121,False
Hold_135um,68,0.015111206099390984,0.09511120431125164,-0.01500157080590725,-4607.25439453125,970.9612426757812,377.66684977213544,0.03157596476376057,0.0812502782791853,0.0812502782791853,134.99843325342766,134.99842677265406,134.998450987041,121,False
Hold_135um,69,0.015333695337176323,0.09533369354903698,-0.01500157080590725,-4607.255859375,970.985107421875,377.6744562784831,0.03157596476376057,0.0812502782791853,0.0812502782791853,134.9984405808582,134.99842584133148,134.998450987041,121,False
Hold_135um,70,0.015556184574961662,0.09555618278682232,-0.01500157080590725,-4607.248046875,970.9481811523438,377.6635996500651,0.03157596476376057,0.0812502782791853,0.0812502782791853,134.99843399232822,134.99842770397663,134.9984435364604,121,False
Hold_135um,71,0.015778673812747,0.09577867202460766,-0.01500157080590725,-4607.26953125,970.999267578125,377.6778615315755,0.03157596476376057,0.0812502782791853,0.0812502782791853,134.9984330071275,134.99842677265406,134.998450987041,121,False
Hold_135um,72,0.01600022427737713,0.09600022248923779,-0.01500157080590725,-4607.2470703125,971.03173828125,377.68626658121747,0.03157596476376057,0.0812502782791853,0.0812502782791853,134.9984330071275,134.99842677265406,134.998450987041,121,False
Hold_135um,73,0.016222713515162468,0.09622271172702312,-0.01500157080590725,-4607.25048828125,970.9089965820312,377.65452829996747,0.03157596476376057,0.0812502782791853,0.0812502782791853,134.9984326376772,134.99841839075089,134.998450987041,121,False
Hold_135um,74,0.016445202752947807,0.09644520096480846,-0.01500157080590725,-4607.25634765625,971.1300659179688,377.7098973592122,0.03157596476376057,0.0812502782791853,0.0812502782791853,134.9984331302776,134.9984211847186,134.99845284968615,121,False
Hold_135um,75,0.016666753217577934,0.09666675142943859,-0.01500157080590725,-4607.25390625,971.0178833007812,377.68091837565106,0.03157596476376057,0.0812502782791853,0.0812502782791853,134.99844156605891,134.9984286352992,134.99845564365387,121,False
Hold_135um,76,0.016889242455363274,0.09688924066722393,-0.01500157080590725,-4607.25048828125,970.8872680664062,377.6501235961914,0.03157596476376057,0.0812502782791853,0.0812502782791853,134.99844168920902,134.99843422323465,134.99845564365387,121,False
Hold_135um,77,0.017111731693148613,0.09711172990500927,-0.01500157080590725,-4607.25146484375,970.7722778320312,377.6232045491536,0.03157596476376057,0.0812502782791853,0.0812502782791853,134.998433684453,134.99842677265406,134.998450987041,121,False
Hold_135um,78,0.017334220930933952,0.09733421914279461,-0.01500157080590725,-4607.25830078125,970.8816528320312,377.6497522989909,0.03157596476376057,0.0812502782791853,0.0812502782791853,134.99844002668277,134.9984211847186,134.998450987041,121,False
Hold_135um,79,0.01755577139556408,0.09755576960742474,-0.01500157080590725,-4607.25732421875,971.0865478515625,377.6993128458659,0.03157596476376057,0.0812502782791853,0.0812502782791853,134.9984330071275,134.99842677265406,134.998450987041,121,False
Hold_135um,80,0.01777826063334942,0.09777825884521008,-0.01500157080590725,-4607.2431640625,970.9014282226562,377.6532567342122,0.03157596476376057,0.0812502782791853,0.0812502782791853,134.9984331302776,134.998413734138,134.998450987041,121,False
Hold_135um,81,0.018000749871134758,0.09800074808299541,-0.01500157080590725,-4607.26123046875,970.964111328125,377.66869354248047,0.03157596476376057,0.0812502782791853,0.0812502782791853,134.99843325342766,134.99842677265406,134.998450987041,121,False
Hold_135um,82,0.018222300335764885,0.09822229854762554,-0.01500157080590725,-4607.2607421875,970.9777221679688,377.6711247762044,0.03157596476376057,0.0812502782791853,0.0812502782791853,134.99843282240235,134.99842677265406,134.998450987041,121,False
Hold_135um,83,0.018444789573550224,0.09844478778541088,-0.01500157080590725,-4607.255859375,970.8696899414062,377.64618428548175,0.03157596476376057,0.0812502782791853,0.0812502782791853,134.99843380760308,134.99842677265406,134.998450987041,121,False
Hold_135um,84,0.018667278811335564,0.09866727702319622,-0.01500157080590725,-4607.2568359375,970.9097900390625,377.6572265625,0.03157596476376057,0.0812502782791853,0.0812502782791853,134.99843380760308,134.99842677265406,134.998450987041,121,False
Hold_135um,85,0.018889768049120903,0.09888976626098156,-0.01500157080590725,-4607.265625,971.1859130859375,377.72265879313153,0.03157596476376057,0.0812502782791853,0.0812502782791853,134.9984334381528,134.99841652810574,134.998450987041,121,False
Hold_135um,86,0.01911131851375103,0.09911131672561169,-0.01500157080590725,-4607.25634765625,971.144287109375,377.7120844523112,0.03157596476376057,0.0812502782791853,0.0812502782791853,134.9984334381528,134.99841652810574,134.998450987041,121,False
Hold_135um,87,0.01933380775153637,0.09933380596339703,-0.01500157080590725,-4607.25048828125,971.1861572265625,377.72071584065753,0.03157596476376057,0.0812502782791853,0.0812502782791853,134.99843165247648,134.998413734138,134.998450987041,121,False
Hold_135um,88,0.01955629698932171,0.09955629520118237,-0.01500157080590725,-4607.2578125,971.1278076171875,377.7077865600586,0.03157596476376057,0.0812502782791853,0.0812502782791853,134.9984330071275,134.99842677265406,134.998450987041,121,False
Hold_135um,89,0.019777847453951836,0.09977784566581249,-0.01500157080590725,-4607.24609375,970.8651123046875,377.6424382527669,0.03157596476376057,0.0812502782791853,0.0812502782791853,134.998433684453,134.99842677265406,134.998450987041,121,False
Hold_135um,90,0.020000336691737175,0.10000033490359783,-0.01500157080590725,-4607.259765625,971.0059814453125,377.67945861816406,0.03157596476376057,0.0812502782791853,0.0812502782791853,134.99844014983285,134.99843329191208,134.998450987041,121,False
Hold_135um,91,0.020222825929522514,0.10022282414138317,-0.01500157080590725,-4607.25732421875,971.051513671875,377.69020589192706,0.03157596476376057,0.0812502782791853,0.0812502782791853,134.99844014983285,134.99843329191208,134.998450987041,121,False
Hold_135um,92,0.020445315167307854,0.10044531337916851,-0.01500157080590725,-4607.25244140625,971.087158203125,377.69583892822266,0.03157596476376057,0.0812502782791853,0.0812502782791853,134.99844076558333,134.9984211847186,134.998450987041,121,False
Hold_135um,93,0.02066686563193798,0.10066686384379864,-0.01500157080590725,-4607.2490234375,971.1605224609375,377.71703338623047,0.03157596476376057,0.0812502782791853,0.0812502782791853,134.9984410118835,134.99843515455723,134.998450987041,121,False
Hold_135um,94,0.02088935486972332,0.10088935308158398,-0.01500157080590725,-4607.25390625,970.9949340820312,377.6750183105469,0.03157596476376057,0.0812502782791853,0.0812502782791853,134.9984408887334,134.99842584133148,134.998450987041,121,False
Hold_135um,95,0.02111184410750866,0.10111184231936932,-0.01500157080590725,-4607.2509765625,970.850341796875,377.6390965779622,0.03157596476376057,0.0812502782791853,0.0812502782791853,134.9984410118835,134.99843515455723,134.998450987041,121,False
Hold_135um,96,0.021333394572138786,0.10133339278399944,-0.01500157080590725,-4607.25341796875,970.9003295898438,377.65463002522785,0.03157596476376057,0.0812502782791853,0.0812502782791853,134.9984411350336,134.99843515455723,134.99845284968615,121,False
Hold_135um,97,0.021555883809924126,0.10155588202178478,-0.01500157080590725,-4607.25537109375,971.0457153320312,377.68895467122394,0.03157596476376057,0.0812502782791853,0.0812502782791853,134.99843325342766,134.99842677265406,134.998450987041,121,False
Hold_135um,98,0.021778373047709465,0.10177837125957012,-0.01500157080590725,-4607.251953125,971.0714111328125,377.6930643717448,0.03157596476376057,0.0812502782791853,0.0812502782791853,134.99843984195763,134.9984211847186,134.998450987041,121,False
Hold_135um,99,0.022000862285494804,0.10200086049735546,-0.01500157080590725,-4607.25439453125,971.095458984375,377.69994099934894,0.03157596476376057,0.0812502782791853,0.0812502782791853,134.99844076558333,134.9984211847186,134.998450987041,121,False
Hold_135um,100,0.02222241275012493,0.10222241096198559,-0.01500157080590725,-4607.25390625,971.0369873046875,377.68638610839844,0.03157596476376057,0.0812502782791853,0.0812502782791853,134.9984410118835,134.99843515455723,134.998450987041,121,False
Hold_135um,101,0.02244490198791027,0.10244490019977093,-0.01500157080590725,-4607.2568359375,970.948486328125,377.6630554199219,0.03157596476376057,0.0812502782791853,0.0812502782791853,134.99843282240235,134.99842677265406,134.998450987041,121,False
Hold_135um,102,0.02266739122569561,0.10266738943755627,-0.01500157080590725,-4607.25341796875,970.8948364257812,377.65203857421875,0.03157596476376057,0.0812502782791853,0.0812502782791853,134.9984410118835,134.99843515455723,134.998450987041,121,False
Hold_135um,103,0.022888941690325737,0.1028889399021864,-0.01500157080590725,-4607.25341796875,970.9711303710938,377.6707509358724,0.03157596476376057,0.0812502782791853,0.0812502782791853,134.9984408887334,134.9984211847186,134.998450987041,121,False
Hold_135um,104,0.023111430928111076,0.10311142913997173,-0.01500157080590725,-4607.25244140625,970.9862060546875,377.67382558186847,0.03157596476376057,0.0812502782791853,0.0812502782791853,134.9984330071275,134.99842677265406,134.998450987041,121,False
Hold_135um,105,0.023333920165896416,0.10333391837775707,-0.01500157080590725,-4607.2607421875,970.9202270507812,377.6570002237956,0.03157596476376057,0.0812502782791853,0.0812502782791853,134.9984330071275,134.99842677265406,134.998450987041,121,False
Hold_135um,106,0.023556409403681755,0.10355640761554241,-0.01500157080590725,-4607.25732421875,971.0204467773438,377.6824722290039,0.03157596476376057,0.0812502782791853,0.0812502782791853,134.99844014983285,134.99843329191208,134.998450987041,121,False
Hold_135um,107,0.023777959868311882,0.10377795808017254,-0.01500157080590725,-4607.26318359375,971.1441040039062,377.71063232421875,0.03157596476376057,0.0812502782791853,0.0812502782791853,134.99844014983285,134.99843329191208,134.998450987041,121,False
Hold_135um,108,0.02400044910609722,0.10400044731795788,-0.01500157080590725,-4607.25537109375,970.9775390625,377.67027537027997,0.03157596476376057,0.0812502782791853,0.0812502782791853,134.9984330071275,134.998413734138,134.998450987041,121,False
Hold_135um,109,0.02422293834388256,0.10422293655574322,-0.01500157080590725,-4607.2587890625,971.0730590820312,377.69141387939453,0.03157596476376057,0.0812502782791853,0.0812502782791853,134.99843399232822,134.9984286352992,134.998450987041,121,False
Hold_135um,110,0.024444488808512688,0.10444448702037334,-0.01500157080590725,-4607.25830078125,971.0594482421875,377.68597920735675,0.03157596476376057,0.0812502782791853,0.0812502782791853,134.99843399232822,134.9984286352992,134.998450987041,121,False
Hold_135um,111,0.024666978046298027,0.10466697625815868,-0.01500157080590725,-4607.26318359375,970.9551391601562,377.66472880045575,0.03157596476376057,0.0812502782791853,0.0812502782791853,134.99843282240235,134.99842677265406,134.998450987041,121,False
Hold_135um,112,0.024889467284083366,0.10488946549594402,-0.01500157080590725,-4607.24853515625,971.0156860351562,377.6807581583659,0.03157596476376057,0.0812502782791853,0.0812502782791853,134.99844070400826,134.99843329191208,134.998450987041,121,False
Hold_135um,113,0.025111956521868706,0.10511195473372936,-0.01500157080590725,-4607.25537109375,970.9874267578125,377.67367299397785,0.03157596476376057,0.0812502782791853,0.0812502782791853,134.99843325342766,134.99842677265406,134.998450987041,121,False
Hold_135um,114,0.025333506986498833,0.10533350519835949,-0.01500157080590725,-4607.2578125,971.0164184570312,377.6808446248372,0.03157596476376057,0.0812502782791853,0.0812502782791853,134.99843325342766,134.99842677265406,134.998450987041,121,False
Hold_135um,115,0.025555996224284172,0.10555599443614483,-0.01500157080590725,-4607.25830078125,971.0069580078125,377.6788024902344,0.03157596476376057,0.0812502782791853,0.0812502782791853,134.9984400882578,134.99843422323465,134.998450987041,121,False
Hold_135um,116,0.02577848546206951,0.10577848367393017,-0.01500157080590725,-4607.25390625,971.0203857421875,377.6814931233724,0.03157596476376057,0.0812502782791853,0.0812502782791853,134.9984331302776,134.998413734138,134.998450987041,121,False
Hold_135um,117,0.02600003592669964,0.1060000341385603,-0.01500157080590725,-4607.25732421875,971.0054321289062,377.6774368286133,0.03157596476376057,0.0812502782791853,0.0812502782791853,134.9984399651077,134.9984211847186,134.998450987041,121,False
Hold_135um,118,0.026222525164484978,0.10622252337634563,-0.01500157080590725,-4607.26025390625,970.9951171875,377.67503865559894,0.03157596476376057,0.0812502782791853,0.0812502782791853,134.9984330071275,134.99842677265406,134.998450987041,121,False
Hold_135um,119,0.026445014402270317,0.10644501261413097,-0.01500157080590725,-4607.2587890625,970.915283203125,377.6549886067708,0.03157596476376057,0.0812502782791853,0.0812502782791853,134.99843399232822,134.99842770397663,134.998450987041,121,False
Hold_135um,120,0.026667503640055656,0.10666750185191631,-0.01500157080590725,-4607.25634765625,970.8783569335938,377.6472524007161,0.03157596476376057,0.0812502782791853,0.0812502782791853,134.99843479280383,134.9984286352992,134.998450987041,121,False
Hold_135um,121,0.026889054104685783,0.10688905231654644,-0.01500157080590725,-4607.259765625,970.9645385742188,377.66893259684247,0.03157596476376057,0.0812502782791853,0.0812502782791853,134.998433684453,134.99842677265406,134.998450987041,121,False
Hold_135um,122,0.027111543342471123,0.10711154155433178,-0.01500157080590725,-4607.2578125,970.9920043945312,377.67516835530597,0.03157596476376057,0.0812502782791853,0.0812502782791853,134.9984328839774,134.9984211847186,134.998450987041,121,False
Hold_135um,123,0.027334032580256462,0.10733403079211712,-0.01500157080590725,-4607.26171875,970.9920654296875,377.67347208658856,0.03157596476376057,0.0812502782791853,0.0812502782791853,134.9984330071275,134.99842677265406,134.998450987041,121,False
Hold_135um,124,0.02755558304488659,0.10755558125674725,-0.01500157080590725,-4607.25341796875,970.9271240234375,377.65863545735675,0.03157596476376057,0.0812502782791853,0.0812502782791853,134.9984330071275,134.99842677265406,134.998450987041,121,False
Hold_135um,125,0.02777807228267193,0.10777807049453259,-0.01500157080590725,-4607.25927734375,970.98681640625,377.6742986043294,0.03157596476376057,0.0812502782791853,0.0812502782791853,134.99843282240235,134.99842677265406,134.998450987041,121,False
Hold_135um,126,0.028000561520457268,0.10800055973231792,-0.01500157080590725,-4607.26171875,970.98388671875,377.6721954345703,0.03157596476376057,0.0812502782791853,0.0812502782791853,134.99843399232822,134.99842770397663,134.998450987041,121,False
Hold_135um,127,0.028223050758242607,0.10822304897010326,-0.01500157080590725,-4607.25732421875,971.0220336914062,377.6820297241211,0.03157596476376057,0.0812502782791853,0.0812502782791853,134.99843257610218,134.998413734138,134.998450987041,121,False
Hold_135um,128,0.028444601222872734,0.10844459943473339,-0.01500157080590725,-4607.263671875,971.151123046875,377.7130584716797,0.03157596476376057,0.0812502782791853,0.0812502782791853,134.99843257610218,134.998413734138,134.998450987041,121,False
Hold_135um,129,0.028667090460658073,0.10866708867251873,-0.01500157080590725,-4607.2578125,971.1235961914062,377.70552317301434,0.03157596476376057,0.0812502782791853,0.0812502782791853,134.9984334381528,134.99841652810574,134.998450987041,121,False
Hold_135um,130,0.028889579698443413,0.10888957791030407,-0.01500157080590725,-4607.26123046875,971.0728759765625,377.69208272298175,0.03157596476376057,0.0812502782791853,0.0812502782791853,134.9984327608273,134.9984211847186,134.998450987041,121,False
Hold_135um,131,0.02911113016307354,0.1091111283749342,-0.01500157080590725,-4607.259765625,971.015869140625,377.6792348225911,0.03157596476376057,0.0812502782791853,0.0812502782791853,134.9984330071275,134.99842677265406,134.998450987041,121,False
Hold_135um,132,0.02933361940085888,0.10933361761271954,-0.01500157080590725,-4607.2587890625,970.9554443359375,377.6645228068034,0.03157596476376057,0.0812502782791853,0.0812502782791853,134.99843189877666,134.99842584133148,134.998450987041,121,False
Hold_135um,133,0.02955610863864422,0.10955610685050488,-0.01500157080590725,-4607.25927734375,970.98095703125,377.6711908976237,0.03157596476376057,0.0812502782791853,0.0812502782791853,134.9984330071275,134.99842677265406,134.998450987041,121,False
Hold_135um,134,0.029778597876429558,0.10977859608829021,-0.01500157080590725,-4607.2626953125,971.069091796875,377.6929702758789,0.03157596476376057,0.0812502782791853,0.0812502782791853,134.99843282240235,134.99842677265406,134.998450987041,121,False
Hold_135um,135,0.030000148341059685,0.11000014655292034,-0.01500157080590725,-4607.2568359375,971.0559692382812,377.68864186604816,0.03157596476376057,0.0812502782791853,0.0812502782791853,134.99843990353267,134.9984211847186,134.998450987041,121,False
Hold_135um,136,0.030222637578845024,0.11022263579070568,-0.01500157080590725,-4607.2587890625,971.0407104492188,377.68588002522785,0.03157596476376057,0.0812502782791853,0.0812502782791853,134.9984330071275,134.99842677265406,134.998450987041,121,False
Hold_135um,137,0.030445126816630363,0.11044512502849102,-0.01500157080590725,-4607.26171875,970.993408203125,377.67359924316406,0.03157596476376057,0.0812502782791853,0.0812502782791853,134.99843430020346,134.99842770397663,134.998450987041,121,False
Hold_135um,138,0.03066667728126049,0.11066667549312115,-0.01500157080590725,-4607.259765625,970.8860473632812,377.64866129557294,0.03157596476376057,0.0812502782791853,0.0812502782791853,134.99843430020346,134.99842770397663,134.998450987041,121,False
Hold_135um,139,0.03088916651904583,0.11088916473090649,-0.01500157080590725,-4607.2578125,970.997314453125,377.67545827229816,0.03157596476376057,0.0812502782791853,0.0812502782791853,134.9984330071275,134.99842677265406,134.998450987041,121,False
Hold_135um,140,0.03111165575683117,0.11111165396869183,-0.01500157080590725,-4607.259765625,971.0642700195312,377.6915791829427,0.03157596476376057,0.0812502782791853,0.0812502782791853,134.9984347312288,134.99842770397663,134.9984435364604,121,False
Hold_135um,141,0.03133414313197136,0.11133414134383202,-0.01500157080590725,-4607.259765625,971.06689453125,377.69144948323566,0.03157596476376057,0.0812502782791853,0.0812502782791853,134.99843374602804,134.99841652810574,134.9984435364604,121,False
Hold_135um,142,0.031555693596601486,0.11155569180846214,-0.01500157080590725,-4607.2587890625,971.0455322265625,377.68775685628253,0.03157596476376057,0.0812502782791853,0.0812502782791853,134.9984414429088,134.99843422323465,134.998450987041,121,False
Hold_135um,143,0.031778182834386826,0.11177818104624748,-0.01500157080590725,-4607.25830078125,971.0068359375,377.67741139729816,0.03157596476376057,0.0812502782791853,0.0812502782791853,134.9984414429088,134.99843422323465,134.998450987041,121,False
Hold_135um,144,0.032000672072172165,0.11200067028403282,-0.01500157080590725,-4607.26025390625,970.969970703125,377.66805267333984,0.03157596476376057,0.0812502782791853,0.0812502782791853,134.998433684453,134.99842677265406,134.998450987041,121,False
Hold_135um,145,0.03222222253680229,0.11222222074866295,-0.01500157080590725,-4607.255859375,970.9503173828125,377.6649678548177,0.03157596476376057,0.0812502782791853,0.0812502782791853,134.99843399232822,134.99842770397663,134.9984435364604,121,False
Hold_135um,146,0.03244471177458763,0.11244470998644829,-0.01500157080590725,-4607.25732421875,971.0294189453125,377.6830469767253,0.03157596476376057,0.0812502782791853,0.0812502782791853,134.9984328839774,134.99842677265406,134.9984435364604,121,False
Hold_135um,147,0.03266720101237297,0.11266719922423363,-0.01500157080590725,-4607.259765625,970.9918212890625,377.6743927001953,0.03157596476376057,0.0812502782791853,0.0812502782791853,134.99843399232822,134.99842770397663,134.9984435364604,121,False
Hold_135um,148,0.03288969025015831,0.11288968846201897,-0.01500157080590725,-4607.259765625,970.9539184570312,377.66405995686847,0.03157596476376057,0.0812502782791853,0.0812502782791853,134.9984335613029,134.9984211847186,134.998450987041,121,False
Hold_135um,149,0.03311124071478844,0.1131112389266491,-0.01500157080590725,-4607.26611328125,970.9951171875,377.6754887898763,0.03157596476376057,0.0812502782791853,0.0812502782791853,134.99844230495947,134.99843515455723,134.998450987041,121,False
Hold_135um,150,0.033333729952573776,0.11333372816443443,-0.01500157080590725,-4607.25,971.0799560546875,377.69389088948566,0.03157596476376057,0.0812502782791853,0.0812502782791853,134.99843399232822,134.99842770397663,134.998450987041,121,False
Hold_135um,151,0.033556219190359116,0.11355621740221977,-0.01500157080590725,-4607.2646484375,971.0541381835938,377.6885935465495,0.03157596476376057,0.0812502782791853,0.0812502782791853,134.9984330071275,134.99842677265406,134.998450987041,121,False
Hold_135um,152,0.033778708428144455,0.11377870664000511,-0.01500157080590725,-4607.26318359375,971.016357421875,377.68026479085285,0.03157596476376057,0.0812502782791853,0.0812502782791853,134.9984330071275,134.99842677265406,134.998450987041,121,False
Hold_135um,153,0.03400025889277458,0.11400025710463524,-0.01500157080590725,-4607.26123046875,971.0321655273438,377.6838073730469,0.03157596476376057,0.0812502782791853,0.0812502782791853,134.9984330071275,134.99842677265406,134.998450987041,121,False
Hold_135um,154,0.03422274813055992,0.11422274634242058,-0.01500157080590725,-4607.25927734375,970.9705810546875,377.6705805460612,0.03157596476376057,0.0812502782791853,0.0812502782791853,134.9984320835018,134.99842584133148,134.998450987041,121,False
Hold_135um,155,0.03444523736834526,0.11444523558020592,-0.01500157080590725,-4607.26025390625,971.0150756835938,377.68028513590497,0.03157596476376057,0.0812502782791853,0.0812502782791853,134.9984400882578,134.99843422323465,134.998450987041,121,False
Hold_135um,156,0.03466678783297539,0.11466678604483604,-0.01500157080590725,-4607.25830078125,971.04541015625,377.6872863769531,0.03157596476376057,0.0812502782791853,0.0812502782791853,134.9984330071275,134.99842677265406,134.998450987041,121,False
Hold_135um,157,0.03488927707076073,0.11488927528262138,-0.01500157080590725,-4607.26123046875,971.0211181640625,377.6813227335612,0.03157596476376057,0.0812502782791853,0.0812502782791853,134.9984330071275,134.99842677265406,134.998450987041,121,False
Hold_135um,158,0.035111766308546066,0.11511176452040672,-0.01500157080590725,-4607.26171875,971.0230712890625,377.68172963460285,0.03157596476376057,0.0812502782791853,0.0812502782791853,134.9984330071275,134.99842677265406,134.998450987041,121,False
Hold_135um,159,0.035334255546331406,0.11533425375819206,-0.01500157080590725,-4607.26171875,971.0079956054688,377.6776860555013,0.03157596476376057,0.0812502782791853,0.0812502782791853,134.99843430020346,134.99842770397663,134.998450987041,121,False
Hold_135um,160,0.03555580601096153,0.11555580422282219,-0.01500157080590725,-4607.259765625,970.9950561523438,377.6738967895508,0.03157596476376057,0.0812502782791853,0.0812502782791853,134.9984330071275,134.99842677265406,134.998450987041,121,False
Hold_135um,161,0.03577829524874687,0.11577829346060753,-0.01500157080590725,-4607.26220703125,970.9785766601562,377.6699981689453,0.03157596476376057,0.0812502782791853,0.0812502782791853,134.9984330071275,134.99842677265406,134.998450987041,121,False
Hold_135um,162,0.03600078448653221,0.11600078269839287,-0.01500157080590725,-4607.26123046875,970.9588012695312,377.66546122233075,0.03157596476376057,0.0812502782791853,0.0812502782791853,134.99843430020346,134.99842770397663,134.998450987041,121,False
Hold_135um,163,0.03622233495116234,0.116222333163023,-0.01500157080590725,-4607.26025390625,970.9581909179688,377.66602579752606,0.03157596476376057,0.0812502782791853,0.0812502782791853,134.998433684453,134.99842677265406,134.998450987041,121,False
Hold_135um,164,0.03644482418894768,0.11644482240080833,-0.01500157080590725,-4607.259765625,971.0336303710938,377.6849619547526,0.03157596476376057,0.0812502782791853,0.0812502782791853,134.99843399232822,134.99842770397663,134.9984435364604,121,False
Hold_135um,165,0.03666731342673302,0.11666731163859367,-0.01500157080590725,-4607.26123046875,970.9969482421875,377.67630767822266,0.03157596476376057,0.0812502782791853,0.0812502782791853,134.9984347312288,134.99842770397663,134.9984435364604,121,False
Hold_135um,166,0.036889802664518356,0.11688980087637901,-0.01500157080590725,-4607.259765625,970.9586791992188,377.6653238932292,0.03157596476376057,0.0812502782791853,0.0812502782791853,134.99843399232822,134.99842770397663,134.9984435364604,121,False
Hold_135um,167,0.03711135312914848,0.11711135134100914,-0.01500157080590725,-4607.2548828125,970.9706420898438,377.6686019897461,0.03157596476376057,0.0812502782791853,0.0812502782791853,134.99844014983285,134.99843329191208,134.998450987041,121,False
Hold_135um,168,0.03733384236693382,0.11733384057879448,-0.01500157080590725,-4607.2568359375,971.03173828125,377.6839319864909,0.03157596476376057,0.0812502782791853,0.0812502782791853,134.998433684453,134.99842677265406,134.998450987041,121,False
Hold_135um,169,0.03755633160471916,0.11755632981657982,-0.01500157080590725,-4607.26220703125,971.0336303710938,377.6846186319987,0.03157596476376057,0.0812502782791853,0.0812502782791853,134.99843479280383,134.9984286352992,134.998450987041,121,False
Hold_135um,170,0.03777788206934929,0.11777788028120995,-0.01500157080590725,-4607.26220703125,971.0637817382812,377.6908772786458,0.03157596476376057,0.0812502782791853,0.0812502782791853,134.9984327608273,134.9984211847186,134.998450987041,121,False
Hold_135um,171,0.03800037130713463,0.11800036951899529,-0.01500157080590725,-4607.25927734375,971.107177734375,377.70080820719403,0.03157596476376057,0.0812502782791853,0.0812502782791853,134.99843177562656,134.9984211847186,134.998450987041,121,False
Hold_135um,172,0.03822286054491997,0.11822285875678062,-0.01500157080590725,-4607.26220703125,971.0757446289062,377.6928456624349,0.03157596476376057,0.0812502782791853,0.0812502782791853,134.9984334381528,134.99841652810574,134.998450987041,121,False
Hold_135um,173,0.03844534978270531,0.11844534799456596,-0.01500157080590725,-4607.25927734375,971.0,377.6753158569336,0.03157596476376057,0.0812502782791853,0.0812502782791853,134.99843393075318,134.99842677265406,134.998450987041,121,False
Hold_135um,174,0.038666900247335434,0.11866689845919609,-0.01500157080590725,-4607.26123046875,970.982177734375,377.6710484822591,0.03157596476376057,0.0812502782791853,0.0812502782791853,134.99843239137704,134.99842584133148,134.998450987041,121,False
Hold_135um,175,0.03888938948512077,0.11888938769698143,-0.01500157080590725,-4607.23095703125,970.99609375,377.6739730834961,0.03157596476376057,0.0812502782791853,0.0812502782791853,134.9984414429088,134.99843422323465,134.998450987041,121,False
Hold_135um,176,0.03911187872290611,0.11911187693476677,-0.01500157080590725,-4607.25830078125,970.9976806640625,377.6758295694987,0.03157596476376057,0.0812502782791853,0.0812502782791853,134.9984414429088,134.99843422323465,134.998450987041,121,False
Hold_135um,177,0.03933342918753624,0.1193334273993969,-0.01500157080590725,-4607.259765625,971.0305786132812,377.6835199991862,0.03157596476376057,0.0812502782791853,0.0812502782791853,134.9984335613029,134.9984211847186,134.998450987041,121,False
Hold_135um,178,0.03955591842532158,0.11955591663718224,-0.01500157080590725,-4607.26416015625,971.0215454101562,377.6810887654622,0.03157596476376057,0.0812502782791853,0.0812502782791853,134.99843399232822,134.99842770397663,134.9984435364604,121,False
Hold_135um,179,0.03977840766310692,0.11977840587496758,-0.01500157080590725,-4607.2607421875,970.9769287109375,377.66919199625653,0.03157596476376057,0.0812502782791853,0.0812502782791853,134.9984414429088,134.99843422323465,134.998450987041,121,False
Hold_135um,180,0.03999999910593033,0.11999999731779099,-0.01500157080590725,-4607.2587890625,970.987060546875,377.6717834472656,0.03157596476376057,0.0812502782791853,0.0812502782791853,134.99843442335356,134.99841559678316,134.9984398111701,121,False
Unload,0,0.0,0.11999999731779099,-0.01500157080590725,-4607.25927734375,970.98681640625,377.6717834472656,0.03157596476376057,0.0812502782791853,0.0812502782791853,134.99843442335356,134.99841559678316,134.9984398111701,121,False
Unload,1,0.00044494791654869914,0.12044494523433968,-0.01500157080590725,-4607.26171875,971.0211181640625,377.68106333414715,0.03157596476376057,0.0812502782791853,0.0812502782791853,134.99843466965373,134.9984211847186,134.998450987041,121,False
Unload,2,0.0008889600867405534,0.12088895740453154,-0.015001307241618633,-4607.1943359375,970.9976196289062,377.6750844319661,0.03157596476376057,0.0812502782791853,0.0812502782791853,134.9986490739648,134.99862980097532,134.9986670538783,121,False
Unload,3,0.001333888852968812,0.1213338861707598,-0.015000779181718826,-4607.05029296875,970.9534301757812,377.66125233968097,0.03157596476376057,0.0812502782791853,0.0812502782791853,134.99922276867076,134.99921653419733,134.99924074858427,121,False
Unload,4,0.0017778734909370542,0.12177787080872804,-0.0149998152628541,-4606.78076171875,970.9202270507812,377.6487096150716,0.03157596476376057,0.0812502782791853,0.0812502782791853,135.00031825031868,135.00031176954508,135.00033598393202,121,False
Unload,5,0.0022228301968425512,0.12222282751463354,-0.014997667632997036,-4606.12939453125,970.8197631835938,377.6169687906901,0.03157596476376057,0.0812502782791853,0.0812502782791853,135.0021220297237,135.0021157413721,135.00213157385588,121,False
Unload,6,0.0026668698992580175,0.122666867217049,-0.014995249919593334,-4605.43701171875,970.6820678710938,377.57135518391925,0.03157596476376057,0.0812502782791853,0.0812502782791853,135.00475879635445,135.00475138425827,135.0047690793872,121,False
Unload,7,0.0031118483748286963,0.12311184569261968,-0.01499202847480774,-4604.52197265625,970.49072265625,377.50768280029297,0.03157596476376057,0.0812502782791853,0.0812502782791853,135.00840225341645,135.00839471817017,135.00841427594423,121,False
Unload,8,0.0035558880772441626,0.12355588539503515,-0.01498627383261919,-4602.8896484375,970.2760620117188,377.4349060058594,0.03157596476376057,0.0812502782791853,0.0812502782791853,135.0131858340349,135.01317892223597,135.0132031366229,121,False
Unload,9,0.004000866319984198,0.12400086363777518,-0.014980730600655079,-4601.26611328125,969.9532470703125,377.32716369628906,0.03157596476376057,0.0812502782791853,0.0812502782791853,135.01927215790698,135.0192604586482,135.0192902609706,121,False
Unload,10,0.004444906022399664,0.12444490334019065,-0.01497404370456934,-4599.3564453125,969.593994140625,377.206298828125,0.03157596476376057,0.0812502782791853,0.0812502782791853,135.02676855033832,135.02676226198673,135.0267780944705,121,False
Unload,11,0.00488894572481513,0.12488894304260612,-0.014963172376155853,-4596.21240234375,969.114501953125,377.04811604817706,0.03157596476376057,0.0812502782791853,0.0812502782791853,135.03582814846897,135.03582123667002,135.03584545105696,121,False
Unload,12,0.005333924200385809,0.1253339215181768,-0.014953430742025375,-4593.44580078125,968.5455932617188,376.8595555623372,0.03157596476376057,0.0812502782791853,0.0812502782791853,135.0465712083642,135.04656497389078,135.04658918827772,121,False
Unload,13,0.005777963902801275,0.12577796122059226,-0.014942234382033348,-4590.251953125,967.9338989257812,376.65428924560547,0.03157596476376057,0.0812502782791853,0.0812502782791853,135.05910388540383,135.0590968504548,135.05912106484175,121,False
Unload,14,0.006222942378371954,0.12622293969616294,-0.014924897812306881,-4585.24658203125,967.2158813476562,376.4113591512044,0.03157596476376057,0.0812502782791853,0.0812502782791853,135.07356466186687,135.07355842739344,135.07358264178038,121,False
Unload,15,0.006667029112577438,0.12666702643036842,-0.014909990131855011,-4580.9677734375,966.3793334960938,376.13341013590497,0.03157596476376057,0.0812502782791853,0.0812502782791853,135.09001579012505,135.09000930935144,135.09003352373838,121,False
Unload,16,0.007111289072781801,0.1271112863905728,-0.014893358573317528,-4576.16455078125,965.4932250976562,375.83238220214844,0.03157596476376057,0.0812502782791853,0.0812502782791853,135.1085990159349,135.10858546942472,135.10860782116652,121,False
Unload,17,0.007556488271802664,0.12755648558959365,-0.014868387021124363,-4568.9990234375,964.453369140625,375.4827067057292,0.03157596476376057,0.0812502782791853,0.0812502782791853,135.12942966935802,135.12941729277372,135.1294470950961,121,False
Unload,18,0.008000655099749565,0.12800065241754055,-0.0148474695160985,-4562.98681640625,963.2472534179688,375.0828857421875,0.03157596476376057,0.0812502782791853,0.0812502782791853,135.152541801395,135.1525355130434,135.15255134552717,121,False
Unload,19,0.008445095270872116,0.1284450925886631,-0.014824661426246166,-4556.44189453125,961.9584350585938,374.65306599934894,0.03157596476376057,0.0812502782791853,0.0812502782791853,135.1780439688524,135.1780379191041,135.17806213349104,121,False
Unload,20,0.008889575488865376,0.12888957280665636,-0.01479104720056057,-4546.75,960.5695190429688,374.18578084309894,0.03157596476376057,0.0812502782791853,0.0812502782791853,135.2060369700809,135.20602975040674,135.20604651421309,121,False
Unload,21,0.009334055706858635,0.12933405302464962,-0.014763413928449154,-4538.76025390625,958.987548828125,373.6619822184245,0.03157596476376057,0.0812502782791853,0.0812502782791853,135.23659149323368,135.23658458143473,135.23660879582167,121,False
Unload,22,0.009778535924851894,0.12977853324264288,-0.014733713120222092,-4530.166015625,957.3587646484375,373.1115442911784,0.03157596476376057,0.0812502782791853,0.0812502782791853,135.26978339876763,135.26977691799402,135.26980113238096,121,False
Unload,23,0.010223016142845154,0.13022301346063614,-0.01469060592353344,-4517.703125,955.5852661132812,372.51527150472003,0.03157596476376057,0.0812502782791853,0.0812502782791853,135.30568737721393,135.30567567795515,135.30570548027754,121,False
Unload,24,0.010667496360838413,0.1306674936786294,-0.014655651524662971,-4507.57421875,953.5986328125,371.8547770182292,0.03157596476376057,0.0812502782791853,0.0812502782791853,135.34434856308147,135.34434232860804,135.34436654299498,121,False
Unload,25,0.011111976578831673,0.13111197389662266,-0.014618493616580963,-4496.84423828125,951.5476684570312,371.164555867513,0.03157596476376057,0.0812502782791853,0.0812502782791853,135.38585673278766,135.3858495131135,135.38586627691984,121,False
Unload,26,0.011555573903024197,0.13155557122081518,-0.01456519216299057,-4481.42578125,949.3367919921875,370.421391805013,0.03157596476376057,0.0812502782791853,0.0812502782791853,135.43014224495522,135.4301357641816,135.43015997856855,121,False
Unload,27,0.01200049463659525,0.13200049195438623,-0.014522536657750607,-4469.11962890625,946.9376220703125,369.62098439534503,0.03157596476376057,0.0812502782791853,0.0812502782791853,135.47746790188157,135.47746185213327,135.4774860665202,121,False
Unload,28,0.01244447473436594,0.13244447205215693,-0.01447746716439724,-4456.15087890625,944.4190673828125,368.7787373860677,0.03157596476376057,0.0812502782791853,0.0812502782791853,135.52767921177562,135.5276657268405,135.52769552916288,121,False
Unload,29,0.012889395467936993,0.13288939278572798,-0.014413531869649887,-4437.71826171875,941.74169921875,367.8815460205078,0.03157596476376057,0.0812502782791853,0.0812502782791853,135.58100868201205,135.58099698275328,135.58102678507566,121,False
Unload,30,0.013333375565707684,0.13333337288349867,-0.01436271145939827,-4423.056640625,938.9576416015625,366.9448649088542,0.03157596476376057,0.0812502782791853,0.0812502782791853,135.63729147619205,135.63728518784046,135.63730102032423,121,False
Unload,31,0.013778315857052803,0.1337783131748438,-0.014309256337583065,-4407.71435546875,935.9684448242188,365.9451955159505,0.03157596476376057,0.0812502782791853,0.0812502782791853,135.69679852451912,135.69679111242294,135.69680880755186,121,False
Unload,32,0.014222735539078712,0.1342227328568697,-0.01423429511487484,-4386.16357421875,932.8565063476562,364.90072377522785,0.03157596476376057,0.0812502782791853,0.0812502782791853,135.75930932675266,135.7593024149537,135.75932662934065,121,False
Unload,33,0.014667155221104622,0.1346671525388956,-0.014175028540194035,-4369.1376953125,929.5474853515625,363.7962417602539,0.03157596476376057,0.0812502782791853,0.0812502782791853,135.82497905200916,135.824971832335,135.82498859614134,121,False
Unload,34,0.015111574903130531,0.13511157222092152,-0.014113185927271843,-4351.400390625,926.1405639648438,362.65226491292316,0.03157596476376057,0.0812502782791853,0.0812502782791853,135.89381496614413,135.89380867779255,135.89382451027632,121,False
Unload,35,0.015555995516479015,0.13555599283427,-0.014026803895831108,-4326.61669921875,922.5601196289062,361.4494450887044,0.03157596476376057,0.0812502782791853,0.0812502782791853,135.96585364473506,135.96583623439074,135.96587162464857,121,False
Unload,36,0.01600085385143757,0.13600085116922855,-0.013958903029561043,-4307.12841796875,918.8020629882812,360.1925684611003,0.03157596476376057,0.0812502782791853,0.0812502782791853,136.0411050629394,136.0410926863551,136.0411224886775,121,False
Unload,37,0.016444770619273186,0.13644476793706417,-0.013888556510210037,-4287.02978515625,914.972412109375,358.9039611816406,0.03157596476376057,0.0812502782791853,0.0812502782791853,136.1194098645375,136.11939828842878,136.11941691488028,121,False
Unload,38,0.016889629885554314,0.1368896272033453,-0.013790587894618511,-4258.947265625,910.9536743164062,357.5517044067383,0.03157596476376057,0.0812502782791853,0.0812502782791853,136.20111373183894,136.2011069431901,136.20111998170614,121,False
Unload,39,0.01733354665338993,0.13733354397118092,-0.013714145869016647,-4237.0908203125,906.7778930664062,356.1513214111328,0.03157596476376057,0.0812502782791853,0.0812502782791853,136.28586340880344,136.2858572974801,136.28587033599615,121,False
Unload,40,0.01777840591967106,0.13777840323746204,-0.013634901493787766,-4214.41064453125,902.4766235351562,354.7008514404297,0.03157596476376057,0.0812502782791853,0.0812502782791853,136.3740271142076,136.37402188032866,136.37403398752213,121,False
Unload,41,0.01822287030518055,0.13822286762297153,-0.013525489717721939,-4183.11962890625,898.01806640625,353.2037989298503,0.03157596476376057,0.0812502782791853,0.0812502782791853,136.46523613667438,136.46523002535105,136.46524213254452,121,False
Unload,42,0.018666720017790794,0.13866671733558178,-0.013440540991723537,-4158.81494140625,893.384765625,351.64820607503253,0.03157596476376057,0.0812502782791853,0.0812502782791853,136.55946362948367,136.55945751816034,136.5594705566764,121,False
Unload,43,0.0191115140914917,0.13911151140928268,-0.013352788984775543,-4133.68017578125,888.6283569335938,350.04820505777997,0.03157596476376057,0.0812502782791853,0.0812502782791853,136.65709585290062,136.65708992630243,136.65710296481848,121,False
Unload,44,0.019556308165192604,0.1395563054829836,-0.013231826946139336,-4099.09814453125,883.7117309570312,348.39384206136066,0.03157596476376057,0.0812502782791853,0.0812502782791853,136.75794808178648,136.7579409852624,136.75795402377844,121,False
Unload,45,0.02000015787780285,0.14000015519559383,-0.013138260692358017,-4072.41796875,878.6087036132812,346.6818618774414,0.03157596476376057,0.0812502782791853,0.0812502782791853,136.86174957066282,136.8617434054613,136.86175551265478,121,False
Unload,46,0.020444951951503754,0.14044494926929474,-0.013041909784078598,-4044.923828125,873.4013061523438,344.92945098876953,0.03157596476376057,0.0812502782791853,0.0812502782791853,136.96894095056066,136.96892093867064,136.96894701570272,121,False
Unload,47,0.02088942565023899,0.14088942296802998,-0.012909788638353348,-4007.268310546875,868.0143432617188,343.1184361775716,0.03157596476376057,0.0812502782791853,0.0812502782791853,137.07902999056026,137.07901816815138,137.07903679460287,121,False
Unload,48,0.021334150806069374,0.14133414812386036,-0.0128077557310462,-3978.221923828125,862.503662109375,341.26480865478516,0.03157596476376057,0.0812502782791853,0.0812502782791853,137.1922485822858,137.19223719090223,137.19225581735373,121,False
Unload,49,0.021777929738163948,0.14177792705595493,-0.012703469954431057,-3948.575439453125,856.8606567382812,339.3667297363281,0.03157596476376057,0.0812502782791853,0.0812502782791853,137.30830646096922,137.30829674750566,137.308313511312,121,False
Unload,50,0.02222265489399433,0.14222265221178532,-0.012560246512293816,-3907.868408203125,851.0562133789062,337.4158477783203,0.03157596476376057,0.0812502782791853,0.0812502782791853,137.4276578041517,137.4276513233781,137.42766994982958,121,False
Unload,51,0.022667380049824715,0.1426673773676157,-0.012449972331523895,-3876.57958984375,845.0932006835938,335.41341400146484,0.03157596476376057,0.0812502782791853,0.0812502782791853,137.5500260167255,137.55001965910196,137.550032697618,121,False
Unload,52,0.023111576214432716,0.1431115735322237,-0.012337548658251762,-3844.717041015625,839.0177001953125,333.37044525146484,0.03157596476376057,0.0812502782791853,0.0812502782791853,137.67512101864764,137.6751149073243,137.67512701451778,121,False
Unload,53,0.02355622872710228,0.14355622604489326,-0.012183858081698418,-3801.1630859375,832.8073120117188,331.28335825602215,0.03157596476376057,0.0812502782791853,0.0812502782791853,137.8031603545566,137.80315313488245,137.8031698986888,121,False
Unload,54,0.024000881239771843,0.14400087855756283,-0.012065920047461987,-3767.81884765625,826.4714965820312,329.15120188395184,0.03157596476376057,0.0812502782791853,0.0812502782791853,137.93408928423628,137.93408311903477,137.93409522622824,121,False
Unload,55,0.024444585666060448,0.14444458298385143,-0.01194595918059349,-3733.89501953125,820.0187377929688,326.981206258138,0.03157596476376057,0.0812502782791853,0.0812502782791853,138.0675803515906,138.06757424026728,138.06758634746075,121,False
Unload,56,0.02488923817873001,0.144889235496521,-0.011781997978687286,-3687.65478515625,813.3984985351562,324.7562255859375,0.03157596476376057,0.0812502782791853,0.0812502782791853,138.20416538029417,138.20415828377008,138.20417132228613,121,False
Unload,57,0.02533336728811264,0.14533336460590363,-0.01165679283440113,-3652.339111328125,806.6917114257812,322.4986572265625,0.03157596476376057,0.0812502782791853,0.0812502782791853,138.34321525809932,138.34320940077305,138.34322523325682,121,False
Unload,58,0.025777943432331085,0.14577794075012207,-0.011529400944709778,-3616.451416015625,799.8405151367188,320.19773356119794,0.03157596476376057,0.0812502782791853,0.0812502782791853,138.48496212293048,138.48495483398438,138.48496787250042,121,False
Unload,59,0.02622251957654953,0.14622251689434052,-0.01135600171983242,-3567.63818359375,792.887939453125,317.8585561116536,0.03157596476376057,0.0812502782791853,0.0812502782791853,138.62936120972898,138.62935546785593,138.6293675750494,121,False
Unload,60,0.026667095720767975,0.14666709303855896,-0.011223658919334412,-3530.424072265625,785.8170166015625,315.4805272420247,0.03157596476376057,0.0812502782791853,0.0812502782791853,138.77634663319537,138.77634052187204,138.7763535603881,121,False
Unload,61,0.02711167186498642,0.1471116691827774,-0.011089259758591652,-3492.69775390625,778.6176147460938,313.05955505371094,0.03157596476376057,0.0812502782791853,0.0812502782791853,138.92588046310115,138.92587460577488,138.92589509487152,121,False
Unload,62,0.027556104585528374,0.14755610190331936,-0.010907051153481007,-3441.508056640625,771.3279418945312,310.6068420410156,0.03157596476376057,0.0812502782791853,0.0812502782791853,139.07755938289333,139.07755352556705,139.0775740146637,121,False
Unload,63,0.0280006006360054,0.1480005979537964,-0.010768361389636993,-3402.615478515625,763.9190063476562,308.11707305908203,0.03157596476376057,0.0812502782791853,0.0812502782791853,139.23165142874825,139.23164457082748,139.23166692256927,121,False
Unload,64,0.02844509668648243,0.14844509400427341,-0.010627776384353638,-3363.170166015625,756.41015625,305.5910949707031,0.03157596476376057,0.0812502782791853,0.0812502782791853,139.38807649153077,139.38807044178247,139.3880918622017,121,False
Unload,65,0.028889592736959457,0.14888959005475044,-0.010437455959618092,-3309.884765625,748.8082275390625,303.0336329142253,0.03157596476376057,0.0812502782791853,0.0812502782791853,139.546797503063,139.54679016023874,139.54681158065796,121,False
Unload,66,0.02933371253311634,0.14933370985090733,-0.010292626917362213,-3269.413818359375,741.1261596679688,300.45129648844403,0.03157596476376057,0.0812502782791853,0.0812502782791853,139.70737980509347,139.70737345516682,139.7073855623603,121,False
Unload,67,0.029778124764561653,0.14977812208235264,-0.010146412067115307,-3228.513916015625,733.3280639648438,297.8299077351888,0.03157596476376057,0.0812502782791853,0.0812502782791853,139.87010110108073,139.8700950667262,139.8701062425971,121,False
Unload,68,0.030222536996006966,0.15022253431379795,-0.00994838122278452,-3173.2568359375,725.469970703125,295.18531290690106,0.03157596476376057,0.0812502782791853,0.0812502782791853,140.03489138019725,140.03488514572382,140.0349112227559,121,False
Unload,69,0.030666949227452278,0.15066694654524326,-0.009798327460885048,-3131.4677734375,717.500244140625,292.5079040527344,0.03157596476376057,0.0812502782791853,0.0812502782791853,140.20167231898415,140.20166639238596,140.201679430902,121,False
Unload,70,0.031111901625990868,0.15111189894378185,-0.009646717458963394,-3089.2265625,709.4550170898438,289.80135854085285,0.03157596476376057,0.0812502782791853,0.0812502782791853,140.37039213282756,140.37038572132587,140.37040621042252,121,False
Unload,71,0.03155563026666641,0.1515556275844574,-0.009442124515771866,-3032.35986328125,701.3446655273438,287.0741780598958,0.03157596476376057,0.0812502782791853,0.0812502782791853,140.54057804852232,140.5405718833208,140.54058399051428,121,False
Unload,72,0.03200023993849754,0.15200023725628853,-0.009287472814321518,-2989.460693359375,693.15478515625,284.3231887817383,0.03157596476376057,0.0812502782791853,0.0812502782791853,140.71252808929228,140.71252197027206,140.71253407746553,121,False
Unload,73,0.03244447335600853,0.15244447067379951,-0.009131453931331635,-2946.236083984375,684.9411010742188,281.55659739176434,0.03157596476376057,0.0812502782791853,0.0812502782791853,140.88579971528003,140.8857936039567,140.88580571115017,121,False
Unload,74,0.03288966417312622,0.1528896614909172,-0.008921511471271515,-2888.07080078125,676.8555908203125,278.95234934488934,0.03157596476376057,0.0812502782791853,0.0812502782791853,141.06106631119144,141.06106013059616,141.06108341366053,121,False
Unload,75,0.03333389759063721,0.1533338949084282,-0.008762499317526817,-2844.148193359375,668.5595092773438,276.7127100626628,0.03157596476376057,0.0812502782791853,0.0812502782791853,141.23750375660737,141.2374908104539,141.23752247542143,121,False
Unload,76,0.03377813100814819,0.15377812832593918,-0.008602302521467209,-2799.90185546875,660.1752319335938,274.43574778238934,0.03157596476376057,0.0812502782791853,0.0812502782791853,141.4154026857462,141.41539297997952,141.41540974378586,121,False
Unload,77,0.03422236442565918,0.15422236174345016,-0.008387099951505661,-2740.530029296875,651.7151489257812,272.1395492553711,0.03157596476376057,0.0812502782791853,0.0812502782791853,141.59467030501315,141.5946613997221,141.5946865454316,121,False
Unload,78,0.034667015075683594,0.15466701239347458,-0.008224766701459885,-2695.8125,643.19189453125,269.8209940592448,0.03157596476376057,0.0812502782791853,0.0812502782791853,141.77523451002915,141.7752280831337,141.77524112164974,121,False
Unload,79,0.03511201590299606,0.15511201322078705,-0.008061844855546951,-2651.02685546875,634.6382446289062,267.50114186604816,0.03157596476376057,0.0812502782791853,0.0812502782791853,141.95663508889842,141.95662830024958,141.95664133876562,121,False
Unload,80,0.03555605560541153,0.15555605292320251,-0.0078430762514472,-2590.914306640625,626.073486328125,265.18302154541016,0.03157596476376057,0.0812502782791853,0.0812502782791853,142.13874150252292,142.1387353911996,142.13874842971563,121,False
Unload,81,0.036000095307826996,0.15600009262561798,-0.007678123190999031,-2545.67236328125,617.4705810546875,262.85711669921875,0.03157596476376057,0.0812502782791853,0.0812502782791853,142.32188465520125,142.32187066227198,142.32189115136862,121,False
Unload,82,0.036445096135139465,0.15644509345293045,-0.007512406911700964,-2500.253662109375,608.7857055664062,260.5089467366536,0.03157596476376057,0.0812502782791853,0.0812502782791853,142.50636817348644,142.506361939013,142.5063880160451,121,False
Unload,83,0.03688913583755493,0.15688913315534592,-0.007290239911526442,-2439.447509765625,600.0881958007812,258.1495005289714,0.03157596476376057,0.0812502782791853,0.0812502782791853,142.6913146129694,142.69130770117044,142.69133005291224,121,False
Unload,84,0.03733363002538681,0.1573336273431778,-0.007122990675270557,-2393.74072265625,591.3527221679688,255.78446451822916,0.03157596476376057,0.0812502782791853,0.0812502782791853,142.87702039592276,142.87700783461332,142.87702646106482,121,False
Unload,85,0.037778425961732864,0.15777842327952385,-0.006955595687031746,-2348.054443359375,582.5845336914062,253.40647888183594,0.03157596476376057,0.0812502782791853,0.0812502782791853,143.06299359930202,143.06298177689314,143.06300971657038,121,False
Unload,86,0.03822225704789162,0.1582222543656826,-0.006732208654284477,-2287.1513671875,573.855712890625,251.0408681233724,0.03157596476376057,0.0812502782791853,0.0812502782791853,143.24915423712207,143.24913453310728,143.2491671293974,121,False
Unload,87,0.03866705298423767,0.15866705030202866,-0.0065637994557619095,-2241.315185546875,565.05908203125,248.66766611735025,0.03157596476376057,0.0812502782791853,0.0812502782791853,143.43620851358844,143.4361943975091,143.43622140586376,121,False
Unload,88,0.039111848920583725,0.1591118462383747,-0.006395064294338226,-2195.461669921875,556.281494140625,246.28827412923178,0.03157596476376057,0.0812502782791853,0.0812502782791853,143.62366555243239,143.62365286797285,143.6236770823598,121,False
Unload,89,0.03955568000674248,0.15955567732453346,-0.006170240696519613,-2134.426025390625,547.47314453125,243.9146270751953,0.03157596476376057,0.0812502782791853,0.0812502782791853,143.8110174210973,143.8110051676631,143.8110237941146,121,False
Unload,90,0.04000014066696167,0.16000013798475266,-0.006001414265483618,-2088.6181640625,538.6740112304688,241.52830759684244,0.03157596476376057,0.0812502782791853,0.0812502782791853,143.99859354608068,143.99858098477125,143.99859961122274,121,False
Unload,91,0.040444716811180115,0.1604447141289711,-0.005832898896187544,-2042.9761962890625,529.8854370117188,239.15348307291666,0.03157596476376057,0.0812502782791853,0.0812502782791853,144.18588581010084,144.18586622923613,144.18589230626822,121,False
Unload,92,0.04088929295539856,0.16088929027318954,-0.005608007311820984,-1982.1492919921875,521.0921020507812,236.76960245768228,0.03157596476376057,0.0812502782791853,0.0812502782791853,144.3732296124347,144.37321107834578,144.3732362240553,121,False
Unload,93,0.041333869099617004,0.161333866417408,-0.005439534783363342,-1936.6773681640625,512.30859375,234.39862314860025,0.03157596476376057,0.0812502782791853,0.0812502782791853,144.56047169279213,144.56045161932707,144.56047769635916,121,False
Unload,94,0.04177844524383545,0.16177844256162643,-0.005271196831017733,-1891.235595703125,503.9036865234375,232.1852060953776,0.03157596476376057,0.0812502782791853,0.0812502782791853,144.74755454008,144.74753569811583,144.74756177514791,121,False
Unload,95,0.042223021388053894,0.16222301870584488,-0.005047330167144537,-1830.947265625,495.482177734375,229.9675318400065,0.03157596476376057,0.0812502782791853,0.0812502782791853,144.93437784854785,144.9343590065837,144.93438508361578,121,False
Unload,96,0.04266699403524399,0.16266699135303497,-0.0048795584589242935,-1785.8055419921875,487.16644287109375,227.7867431640625,0.03157596476376057,0.0812502782791853,0.0812502782791853,145.1204498183013,145.12043725699186,145.12045588344336,121,False
Unload,97,0.04311133548617363,0.16311133280396461,-0.004712953232228756,-1741.00830078125,478.8716735839844,225.6155242919922,0.03157596476376057,0.0812502782791853,0.0812502782791853,145.3056782714961,145.3056586906314,145.30568476766348,121,False
Unload,98,0.04355567693710327,0.16355567425489426,-0.0044910782016813755,-1681.477294921875,470.5574951171875,223.42569986979166,0.03157596476376057,0.0812502782791853,0.0812502782791853,145.49037071391325,145.49035113304853,145.49038093537092,121,False
Unload,99,0.04400001838803291,0.1640000157058239,-0.004325565882027149,-1637.1309814453125,462.3207092285156,221.2626927693685,0.03157596476376057,0.0812502782791853,0.0812502782791853,145.67444475814085,145.67443262785673,145.67445125430822,121,False
Unload,100,0.044445332139730453,0.16444532945752144,-0.0041602300480008125,-1592.84814453125,454.1041259765625,219.1175740559896,0.03157596476376057,0.0812502782791853,0.0812502782791853,145.8581988584281,145.85818629711866,145.85820492357016,121,False
Unload,101,0.044889673590660095,0.16488967090845108,-0.00394133385270834,-1534.2855224609375,445.85101318359375,216.9600372314453,0.03157596476376057,0.0812502782791853,0.0812502782791853,146.040737097852,146.0407255217433,146.0407441481948,121,False
Unload,102,0.04533401504158974,0.16533401235938072,-0.0037776106037199497,-1490.5780029296875,437.733154296875,214.8078867594401,0.03157596476376057,0.0812502782791853,0.0812502782791853,146.22238998624596,146.2223706766963,146.22240792959929,121,False
Unload,103,0.04577777907252312,0.1657777763903141,-0.0036154761910438538,-1447.314208984375,429.67779541015625,212.93433125813803,0.03157596476376057,0.0812502782791853,0.0812502782791853,146.40226889851942,146.4022547006607,146.40227612107992,121,False
Unload,104,0.04622284695506096,0.16622284427285194,-0.0034009029623121023,-1390.1383056640625,421.6233825683594,211.0666249593099,0.03157596476376057,0.0812502782791853,0.0812502782791853,146.5814851324482,146.58146630972624,146.5815007686615,121,False
Unload,105,0.046666938811540604,0.1666669361293316,-0.0032408679835498333,-1347.583251953125,413.64483642578125,209.21118927001953,0.03157596476376057,0.0812502782791853,0.0812502782791853,146.7591377941137,146.7591254040599,146.75915520638227,121,False
Unload,106,0.047112006694078445,0.16711200401186943,-0.003081840928643942,-1305.2896728515625,405.9397888183594,207.5041300455729,0.03157596476376057,0.0812502782791853,0.0812502782791853,146.93594768678014,146.9359351322055,146.93595375865698,121,False
Unload,107,0.04755609855055809,0.16755609586834908,-0.0028717368841171265,-1249.5184326171875,398.3514099121094,205.89420572916666,0.03157596476376057,0.0812502782791853,0.0812502782791853,147.11102087547124,147.1110014244914,147.11104054003954,121,False
Unload,108,0.048000190407037735,0.16800018772482872,-0.00271530426107347,-1208.069580078125,390.93414306640625,204.30447387695312,0.03157596476376057,0.0812502782791853,0.0812502782791853,147.28470086716578,147.28469017427415,147.28471357375383,121,False
Unload,109,0.04844505339860916,0.16844505071640015,-0.0025604679249227047,-1167.06201171875,383.6369323730469,202.8333257039388,0.03157596476376057,0.0812502782791853,0.0812502782791853,147.45687731938082,147.45687134563923,147.4568909034133,121,False
Unload,110,0.04888986051082611,0.1688898578286171,-0.002356143668293953,-1113.0,376.59234619140625,201.52186330159506,0.03157596476376057,0.0812502782791853,0.0812502782791853,147.6270861409928,147.62707892805338,147.62709941715002,121,False
Unload,111,0.049333687871694565,0.16933368518948555,-0.0022047548554837704,-1073.0020751953125,369.6060791015625,200.2090276082357,0.03157596476376057,0.0812502782791853,0.0812502782791853,147.7952522104452,147.79524598270655,147.7952664718032,121,False
Unload,112,0.049778494983911514,0.1697784923017025,-0.0020547788590192795,-1033.4305419921875,362.71533203125,198.90939076741537,0.03157596476376057,0.0812502782791853,0.0812502782791853,147.96204066138776,147.9620235040784,147.96205516904593,121,False
Unload,113,0.05022232234477997,0.17022231966257095,-0.0018567454535514116,-981.2090454101562,356.1357727050781,197.82147216796875,0.03157596476376057,0.0812502782791853,0.0812502782791853,148.12664701584112,148.1266412883997,148.12665339559317,121,False
Unload,114,0.05066712945699692,0.1706671267747879,-0.00171028939075768,-942.6383056640625,349.7772216796875,196.9247283935547,0.03157596476376057,0.0812502782791853,0.0812502782791853,148.28971729898626,148.28970283269882,148.28973542898893,121,False
Unload,115,0.05111193656921387,0.17111193388700485,-0.001565433805808425,-904.5292358398438,343.5351867675781,196.1131337483724,0.03157596476376057,0.0812502782791853,0.0812502782791853,148.45079986940422,148.45079369843006,148.45080580562353,121,False
Unload,116,0.051555611193180084,0.17155560851097107,-0.001374879851937294,-854.4649658203125,337.3514099121094,195.2763442993164,0.03157596476376057,0.0812502782791853,0.0812502782791853,148.60913149766193,148.60912505537271,148.6091436818242,121,False
Unload,117,0.05200014263391495,0.17200013995170593,-0.00123466772492975,-817.657958984375,331.3710021972656,194.54978942871094,0.03157596476376057,0.0812502782791853,0.0812502782791853,148.76534028771556,148.76533392816782,148.76536093652248,121,False
Unload,118,0.05244467407464981,0.1724446713924408,-0.0010958872735500336,-781.254150390625,325.53863525390625,193.94934590657553,0.03157596476376057,0.0812502782791853,0.0812502782791853,148.91934395894748,148.91933742910624,148.91936164349318,121,False
Unload,119,0.052889205515384674,0.17288920283317566,-0.0009139241883531213,-733.5842895507812,320.32183837890625,193.78331502278647,0.03157596476376057,0.0812502782791853,0.0812502782791853,149.07110426988652,149.07108701299876,149.07112281071022,121,False
Unload,120,0.05333373695611954,0.17333373427391052,-0.0007794880075380206,-698.3825073242188,315.1834716796875,193.62286631266275,0.03157596476376057,0.0812502782791853,0.0812502782791853,149.220519478352,149.2205124523025,149.22053113696165,121,False
Unload,121,0.0537782683968544,0.17377826571464539,-0.0006469970685429871,-663.7363891601562,310.13763427734375,193.7409693400065,0.03157596476376057,0.0812502782791853,0.0812502782791853,149.367534072275,149.3675170931965,149.36755315284245,121,False
Unload,122,0.054222799837589264,0.17422279715538025,-0.000473660504212603,-618.4654541015625,304.9040832519531,193.85350290934244,0.03157596476376057,0.0812502782791853,0.0812502782791853,149.5120977462858,149.5120901381597,149.51210425351746,121,False
Unload,123,0.05466733127832413,0.1746673285961151,-0.00034588525886647403,-585.1199951171875,300.25,194.20282491048178,0.03157596476376057,0.0812502782791853,0.0812502782791853,149.6541199050911,149.65410405420698,149.65413793106563,121,False
Unload,124,0.05511116981506348,0.17511116713285446,-0.00022082123905420303,-552.5399169921875,295.91522216796875,194.8409169514974,0.03157596476376057,0.0812502782791853,0.0812502782791853,149.79295462465168,149.7929427860072,149.79296702949796,121,False
Unload,125,0.05555639788508415,0.17555639520287514,-5.7083780120592564e-05,-509.8520202636719,292.0016174316406,195.799072265625,0.03157596476376057,0.0812502782791853,0.0812502782791853,149.9294490364745,149.92942962999223,149.92946928396123,121,False
Unload,126,0.056000638753175735,0.17600063607096672,6.295178172877058e-05,-478.61187744140625,288.2968444824219,196.88394165039062,0.03157596476376057,0.0812502782791853,0.0812502782791853,150.0629553711631,150.06294374870777,150.06296270075836,121,False
Unload,127,0.05644487962126732,0.1764448769390583,0.0001807696680771187,-448.0152282714844,285.16998291015625,198.51932271321616,0.03157596476376057,0.0812502782791853,0.0812502782791853,150.19372838170125,150.1937135035405,150.19374241819605,121,False
Unload,128,0.0568891204893589,0.1768891178071499,0.0003343483549542725,-408.0747375488281,282.1049499511719,200.20018259684244,0.03157596476376057,0.0812502782791853,0.0812502782791853,150.32171477043659,150.3217017307179,150.32173228973988,121,False
Unload,129,0.057333361357450485,0.17733335867524147,0.00044685168541036546,-378.8781433105469,279.5094299316406,202.35749053955078,0.03157596476376057,0.0812502782791853,0.0812502782791853,150.44686232629994,150.44684649910778,150.44687867339235,121,False
Unload,130,0.05777858942747116,0.17777858674526215,0.0005572895752266049,-350.228271484375,277.7000427246094,205.15052541097006,0.03157596476376057,0.0812502782791853,0.0812502782791853,150.5693864937937,150.5693715880625,150.56940517388284,121,False
Unload,131,0.058222830295562744,0.17822282761335373,0.0007004881626926363,-313.09588623046875,276.2435607910156,208.1588567097982,0.03157596476376057,0.0812502782791853,0.0812502782791853,150.68872256540263,150.6887057039421,150.68873795098625,121,False
Unload,132,0.05866708233952522,0.1786670796573162,0.0008050856413319707,-285.972900390625,275.6509704589844,211.99672190348306,0.03157596476376057,0.0812502782791853,0.0812502782791853,150.80508578463827,150.80507070524618,150.80510039115325,121,False
Unload,133,0.05911144241690636,0.17911143973469734,0.0009070001542568207,-259.6078796386719,275.4551696777344,216.16346232096353,0.03157596476376057,0.0812502782791853,0.0812502782791853,150.91820011994886,150.91818087967113,150.91821691021323,121,False
Unload,134,0.05955636873841286,0.17955636605620384,0.001038906630128622,-225.44308471679688,275.7045593261719,221.08970642089844,0.03157596476376057,0.08277606591582298,0.08277606591582298,151.02829063390112,151.0282694362104,151.02830610703677,121,False
Unload,135,0.060000304132699966,0.18000030145049095,0.001135061727836728,-200.54141235351562,277.7825622558594,227.222780863444,0.03157596476376057,0.08907121606171131,0.08907121606171131,151.13507222320715,151.13505470799282,151.13509044749662,121,False
Unload,136,0.06044523045420647,0.18044522777199745,0.0012286981800571084,-176.3153533935547,280.6341247558594,233.99157206217447,0.03157596476376057,0.09663649648427963,0.09663649648427963,151.23897787926273,151.2389595154673,151.2389943236485,121,False
Unload,137,0.060889165848493576,0.18088916316628456,0.00134947313927114,-145.07473754882812,284.72308349609375,242.06641642252603,0.03157596476376057,0.10496897250413895,0.10496897250413895,151.33955343222354,151.3395394431427,151.33956779027358,121,False
Unload,138,0.061334092170000076,0.18133408948779106,0.0014372095465660095,-122.28367614746094,291.0323181152344,251.93429311116537,0.03157596476376057,0.11463557183742523,0.11463557183742523,151.43721568935035,151.43719711340964,151.43723122309893,121,False
Unload,139,0.061778027564287186,0.18177802488207817,0.0015221897047013044,-100.27415466308594,299.7484130859375,264.29612731933594,0.03157596476376057,0.12604551389813423,0.12604551389813423,151.53088417935592,151.45299030700698,151.5315528959036,121,False
Unload,140,0.062222953885793686,0.18222295120358467,0.0016316743567585945,-72.783935546875,310.79571533203125,278.20286560058594,0.03157596476376057,0.13803751021623611,0.13803751021623611,151.61965948564176,151.4628636650741,151.62291435990483,121,False
Unload,141,0.0626668930053711,0.18266689032316208,0.001710884040221572,-58.147926330566406,320.7615661621094,295.0482584635417,0.03157596476376057,0.14588146656751633,0.14588146656751633,151.70022751462514,151.47844969760627,151.71090664807707,121,False
Unload,142,0.0631118193268776,0.18311181664466858,0.0017875139601528645,-48.18692398071289,309.270751953125,288.1388702392578,0.03157596476376057,0.14954711124300957,0.14954711124300957,151.7783917298094,151.52630233205855,151.79591084597632,121,False
Unload,143,0.0635557547211647,0.1835557520389557,0.0018855549860745668,-31.771625518798828,214.07687377929688,198.14340464274088,0.03157596476376057,0.14954711124300957,0.14954711124300957,151.84844945978818,151.69834904372692,151.87754278304055,121,False
Unload,144,0.0640006810426712,0.1840006783604622,0.001956174150109291,-29.5974178314209,154.64625549316406,183.92440541585287,0.034563434310257435,0.14954711124300957,0.14954711124300957,151.91948309123194,151.8267766223289,151.95619739824906,121,False
Unload,145,0.06444461643695831,0.1844446137547493,0.0020240258891135454,-41.30271911621094,148.58938598632812,182.92953745524088,0.0352493142709136,0.14954711124300957,0.14954711124300957,152.00870399688532,151.8758200109005,152.0314597291872,121,False
Unload,146,0.06488954275846481,0.1848895400762558,0.002110772067680955,-49.32084655761719,145.17587280273438,181.64956410725912,0.03544062655419111,0.14954711124300957,0.14954711124300957,152.10054597426745,151.94954205071554,152.10373036097735,121,False
Unload,147,0.06533347815275192,0.1853334754705429,0.002172639360651374,-51.05266571044922,142.89178466796875,180.4944051106771,0.03544062655419111,0.14954711124300957,0.14954711124300957,152.17038854371663,151.99011517688632,152.17266010586172,121,False
Unload,148,0.06577840447425842,0.1857784017920494,0.0022321282885968685,-50.245967864990234,140.2752227783203,179.40708669026694,0.03544062655419111,0.14954711124300957,0.14954711124300957,152.23541609656203,152.01777260517702,152.2386206779629,121,False
Unload,149,0.0662224292755127,0.18622242659330368,0.0023074084892868996,-42.05204391479492,138.15138244628906,178.24359385172525,0.03544062655419111,0.14954711124300957,0.14954711124300957,152.29631089922887,152.032436162699,152.30129298288375,121,False
Unload,150,0.06666747480630875,0.18666747212409973,0.002360595390200615,-37.03213882446289,136.0193328857422,176.3730951944987,0.03645466733723879,0.14954711124300957,0.14954711124300957,152.35310957684328,152.0425456110388,152.36061380710453,121,False
Unload,151,0.06711175292730331,0.1871117502450943,0.002411173190921545,-32.711910247802734,133.44020080566406,174.63581466674805,0.03695831075310707,0.14954711124300957,0.14954711124300957,152.40502205998675,152.05929073272273,152.4167190073058,121,False
Unload,152,0.06755603104829788,0.18755602836608887,0.0024748786818236113,-27.912521362304688,131.34988403320312,172.99081166585287,0.03695831075310707,0.14954711124300957,0.14954711124300957,152.45215877003523,152.0765211316757,152.46981766540557,121,False
Unload,153,0.06800030916929245,0.18800030648708344,0.002519881585612893,-25.022350311279297,130.450439453125,170.953249613444,0.03695831075310707,0.14954711124300957,0.14954711124300957,152.49561026455711,152.087320049759,152.51990454271436,121,False
Unload,154,0.06844458729028702,0.188444584608078,0.002562480978667736,-22.31932830810547,130.49705505371094,169.19187545776367,0.03695831075310707,0.14954711124300957,0.14954711124300957,152.53593787610578,152.09943673107773,152.5670225964859,121,False
Unload,155,0.06888986378908157,0.18888986110687256,0.002615534234791994,-22.146604537963867,131.69717407226562,167.5417823791504,0.03695831075310707,0.14954711124300957,0.14954711124300957,152.57323614546783,152.11065131006762,152.61133736930788,121,False
Unload,156,0.06933414191007614,0.18933413922786713,0.002652662806212902,-26.26906967163086,133.7923583984375,165.94896443684897,0.03695831075310707,0.14954711124300957,0.14954711124300957,152.60808445726838,152.1153311477974,152.65269251540303,121,False
Unload,157,0.06977842003107071,0.1897784173488617,0.0026874272152781487,-27.907188415527344,135.9009246826172,164.75881576538086,0.03695831075310707,0.14954711124300957,0.14954711124300957,152.64010800323874,152.1145126898773,152.69121946766973,121,False
Unload,158,0.07022269815206528,0.19022269546985626,0.002730371430516243,-27.675783157348633,137.20697021484375,163.91111119588217,0.03695831075310707,0.14954711124300957,0.14954711124300957,152.66992917576852,152.11538376752287,152.72700518835336,121,False
Unload,159,0.07066697627305984,0.19066697359085083,0.0027600741013884544,-25.177093505859375,138.40711975097656,163.2141990661621,0.03695831075310707,0.14954711124300957,0.14954711124300957,152.69728934715602,152.1158998948522,152.76008797809482,121,False
Unload,160,0.07111125439405441,0.1911112517118454,0.002787648467347026,-23.5832462310791,139.7535400390625,162.67899068196616,0.03695831075310707,0.14954711124300957,0.14954711124300957,152.72227317443085,152.11632661521435,152.79055980499834,121,False
Unload,161,0.07155653089284897,0.19155652821063995,0.0028211534954607487,-23.816333770751953,142.18939208984375,162.18672561645508,0.03695831075310707,0.14954711124300957,0.14954711124300957,152.74495891610945,152.11474685929716,152.81855489593,121,False
Unload,162,0.07200080901384354,0.19200080633163452,0.0028439718298614025,-25.056316375732422,143.98052978515625,164.07814407348633,0.03695831075310707,0.14954711124300957,0.14954711124300957,152.76556284443961,152.11384458234534,152.84398046787828,121,False
Unload,163,0.0724450871348381,0.1924450844526291,0.0028647975996136665,-26.135103225708008,145.0486297607422,165.20785903930664,0.03695831075310707,0.14954711124300957,0.14954711124300957,152.7840649460881,152.11349411401898,152.8670482803136,121,False
Unload,164,0.07288936525583267,0.19288936257362366,0.0028896979056298733,-25.96556282043457,146.11819458007812,166.4616559346517,0.03695831075310707,0.14954711124300957,0.14954711124300957,152.80051157407632,152.11269620340317,152.8877898817882,121,False
Unload,165,0.07333364337682724,0.19333364069461823,0.0029063012916594744,-26.885555267333984,146.74948120117188,167.17248407999674,0.03695831075310707,0.14954711124300957,0.14954711124300957,152.8151959603198,152.1121530677192,152.90632413234562,121,False
Unload,166,0.07377792149782181,0.1937779188156128,0.0029211866203695536,-27.2564640045166,147.59820556640625,167.98222732543945,0.03695831075310707,0.14954711124300957,0.14954711124300957,152.8282289653978,152.1117350202985,152.92275114916265,121,False
Unload,167,0.07422319799661636,0.19422319531440735,0.002938473131507635,-26.582271575927734,148.07354736328125,168.6693344116211,0.03695831075310707,0.14954711124300957,0.14954711124300957,152.8396005443998,152.11078932043165,152.93717349413782,121,False
Unload,168,0.07466747611761093,0.19466747343540192,0.002949625253677368,-25.8291015625,148.19699096679688,168.93284225463867,0.03695831075310707,0.14954711124300957,0.14954711124300957,152.84948056796566,152.11071830708534,152.94967021327466,121,False
Unload,169,0.0751117542386055,0.19511175155639648,0.002959351520985365,-25.35820960998535,148.82540893554688,169.73808670043945,0.03695831075310707,0.14954711124300957,0.14954711124300957,152.8578766584127,152.11013954831287,152.96037285588682,121,False
Unload,170,0.07555603235960007,0.19555602967739105,0.0029701946768909693,-25.753711700439453,149.2813262939453,170.30547459920248,0.03695831075310707,0.14954711124300957,0.14954711124300957,152.86493337759364,152.10971183842048,152.9694008640945,121,False
Unload,171,0.07600031048059464,0.19600030779838562,0.0029768701642751694,-26.118040084838867,149.5460205078125,170.5618642171224,0.03695831075310707,0.14954711124300957,0.14954711124300957,152.87080659937067,152.10951905464754,152.9768839245662,121,False
Unload,172,0.0764445886015892,0.1964445859193802,0.002982392441481352,-26.0218563079834,150.00613403320312,171.07441202799478,0.03695831075310707,0.14954711124300957,0.14954711124300957,152.87553602233066,152.10917685180902,152.9829561477527,121,False
Unload,173,0.07688986510038376,0.19688986241817474,0.0029881256632506847,-26.280364990234375,150.14918518066406,171.22349166870117,0.03695831075310707,0.14954711124300957,0.14954711124300957,152.8792816525987,152.10895612835884,152.987725334242,121,False
Unload,174,0.07733414322137833,0.1973341405391693,0.0029913396574556828,-26.318395614624023,150.4333953857422,171.40544891357422,0.03695831075310707,0.14954711124300957,0.14954711124300957,152.88214416826176,152.10882935207337,152.99137111287564,121,False
Unload,175,0.0777784213423729,0.19777841866016388,0.002993751782923937,-26.221847534179688,150.70814514160156,171.606814066569,0.03695831075310707,0.14954711124300957,0.14954711124300957,152.88421006782812,152.10869268048555,152.99400046933442,121,False
Unload,176,0.07822269946336746,0.19822269678115845,0.002995896153151989,-26.10924530029297,150.83450317382812,171.6439005533854,0.03695831075310707,0.14954711124300957,0.14954711124300957,152.88562141888013,152.10872277384624,152.99577231053263,121,False
Unload,177,0.07866697758436203,0.19866697490215302,0.0029968544840812683,-26.06061553955078,150.9692840576172,171.72862752278647,0.03695831075310707,0.14954711124300957,0.14954711124300957,152.88648084585347,152.10858901264146,152.99686568323523,121,False
Unload,178,0.0791112557053566,0.19911125302314758,0.002997384639456868,-26.121450424194336,151.02755737304688,171.7630157470703,0.03695831075310707,0.14954711124300957,0.14954711124300957,152.88693133562666,152.1086047287099,152.99743344075978,121,False
Unload,179,0.07955653220415115,0.19955652952194214,0.0029976428486406803,-26.153366088867188,151.05747985839844,171.77627436319986,0.03695831075310707,0.14954711124300957,0.14954711124300957,152.8871050402753,152.10859029321,152.99765928648412,121,False
Unload,180,0.07999999821186066,0.19999999552965164,0.00299766194075346,-26.159099578857422,151.07965087890625,171.78729120890299,0.03695831075310707,0.14954711124300957,0.14954711124300957,152.88712484002005,152.10859646322206,152.99767663236707,121,False
Free_Settle,0,0.0,0.19999999552965164,0.00299766194075346,-26.15917205810547,151.07977294921875,171.78729120890299,0.03695831075310707,0.14954711124300957,0.14954711124300957,152.88712484002005,152.10859646322206,152.99767663236707,121,False
Free_Settle,1,0.0003336883964948356,0.20033368392614648,0.00299766194075346,-26.159116744995117,151.08023071289062,171.78919219970703,0.03695831075310707,0.14954711124300957,0.14954711124300957,152.88713049193584,152.10858586942777,152.99769153352827,121,False
Free_Settle,2,0.0006673799362033606,0.200667375465855,0.00299766194075346,-26.171749114990234,151.08642578125,171.79430135091147,0.03695831075310707,0.14954711124300957,0.14954711124300957,152.8871294822013,152.108583424706,152.99767930991948,121,False
Free_Settle,3,0.0010000785114243627,0.201000074041076,0.00299766194075346,-26.180818557739258,151.08999633789062,171.7954953511556,0.03695831075310707,0.14954711124300957,0.14954711124300957,152.88712379853587,152.10857277270406,152.99767791293561,121,False
Free_Settle,4,0.0013337550917640328,0.20133375062141567,0.00299766194075346,-26.184490203857422,151.0961151123047,171.79956690470377,0.03695831075310707,0.14954711124300957,0.14954711124300957,152.88712403329075,152.10860694060102,152.9976767487824,121,False
Free_Settle,5,0.001667431672103703,0.20166742720175534,0.00299766194075346,-26.190183639526367,151.10464477539062,171.8041508992513,0.03695831075310707,0.14954711124300957,0.14954711124300957,152.88712441861583,152.10856549674645,152.9976837337017,121,False
Free_Settle,6,0.0020001123193651438,0.20200010784901679,0.00299766194075346,-26.191024780273438,151.10536193847656,171.80791219075522,0.03695831075310707,0.14954711124300957,0.14954711124300957,152.8871251079677,152.10856910562143,152.99768128897995,121,False
Free_Settle,7,0.002333788899704814,0.20233378442935646,0.00299766194075346,-26.19933319091797,151.1085205078125,171.80788803100586,0.03695831075310707,0.14954711124300957,0.14954711124300957,152.88712528980653,152.10856584599242,152.99767930991948,121,False
Free_Settle,8,0.002667465480044484,0.20266746100969613,0.00299766194075346,-26.204994201660156,151.1065673828125,171.80835978190103,0.03695831075310707,0.14954711124300957,0.14954711124300957,152.88713100666473,152.10857638157904,152.99767954275012,121,False
Free_Settle,9,0.003000146010890603,0.20300014154054224,0.00299766194075346,-26.209903717041016,151.1127471923828,171.81034088134766,0.03695831075310707,0.14954711124300957,0.14954711124300957,152.88712465481387,152.10856072371826,152.99767267424613,121,False
Free_Settle,10,0.0033338225912302732,0.20333381812088192,0.00299766194075346,-26.214599609375,151.1110382080078,171.81261444091797,0.03695831075310707,0.14954711124300957,0.14954711124300957,152.88713055976459,152.1085489075631,152.99768827389926,121,False
Free_Settle,11,0.0036674991715699434,0.20366749470122159,0.00299766194075346,-26.221221923828125,151.13671875,171.82594299316406,0.03695831075310707,0.14954711124300957,0.14954711124300957,152.88712356666736,152.10856671910733,152.99768175464123,121,False
Free_Settle,12,0.004000179935246706,0.20400017546489835,0.00299766194075346,-26.22083854675293,151.138427734375,171.8297348022461,0.03695831075310707,0.14954711124300957,0.14954711124300957,152.88712567705585,152.108559908811,152.9976837337017,121,False
Free_Settle,13,0.004333856515586376,0.20433385204523802,0.00299766194075346,-26.224061965942383,151.14248657226562,171.83550135294595,0.03695831075310707,0.14954711124300957,0.14954711124300957,152.88712998779013,152.1085753920488,152.9976916499436,121,False
Free_Settle,14,0.004667533095926046,0.2046675286255777,0.00299766194075346,-26.23349952697754,151.14059448242188,171.83732477823892,0.03695831075310707,0.14954711124300957,0.14954711124300957,152.887126526118,152.1085503627546,152.99768140539527,121,False
Free_Settle,15,0.005000213626772165,0.2050002091564238,0.00299766194075346,-26.235679626464844,151.1758575439453,171.8540471394857,0.03695831075310707,0.14954711124300957,0.14954711124300957,152.8871237951685,152.10859250510111,152.99767418764532,121,False
Free_Settle,16,0.0053338902071118355,0.20533388573676348,0.00299766194075346,-26.242259979248047,151.19140625,171.86627705891928,0.03695831075310707,0.14954711124300957,0.14954711124300957,152.88712346997528,152.10848522838205,152.99767104443163,121,False
Free_Settle,17,0.005667566787451506,0.20566756231710315,0.00299766194075346,-26.245895385742188,151.19390869140625,171.87067159016928,0.03695831075310707,0.14954711124300957,0.14954711124300957,152.88712468944982,152.10852539166808,152.99767849501222,121,False
Free_Settle,18,0.006000247318297625,0.20600024284794927,0.00299766194075346,-26.242679595947266,151.21766662597656,171.87744267781576,0.03695831075310707,0.14954711124300957,0.14954711124300957,152.88713015231096,152.10852434393018,152.99767930991948,121,False
Free_Settle,19,0.006333923898637295,0.20633391942828894,0.00299766194075346,-26.24352264404297,151.20509338378906,171.87727864583334,0.03695831075310707,0.14954711124300957,0.14954711124300957,152.88713177779596,152.10850699804723,152.99767930991948,121,False
Free_Settle,20,0.006667600478976965,0.2066675960086286,0.00299766194075346,-26.244503021240234,151.2224884033203,171.88012186686197,0.03695831075310707,0.14954711124300957,0.14954711124300957,152.88713130395675,152.1085858112201,152.99767919350415,121,False
Free_Settle,21,0.007000281009823084,0.20700027653947473,0.00299766194075346,-26.248645782470703,151.21702575683594,171.88196818033853,0.03695831075310707,0.14954711124300957,0.14954711124300957,152.88713191201032,152.10847626440227,152.99767930991948,121,False
Free_Settle,22,0.007333957590162754,0.2073339531198144,0.00299766194075346,-26.247785568237305,151.22219848632812,171.8796183268229,0.03695831075310707,0.14954711124300957,0.14954711124300957,152.88712528162858,152.1085809217766,152.99767174292356,121,False
Free_Settle,23,0.007667634170502424,0.20766762970015407,0.00299766194075346,-26.252971649169922,151.22314453125,171.88432693481445,0.03695831075310707,0.14954711124300957,0.14954711124300957,152.8871326398466,152.10847073467448,152.99768664408475,121,False
Free_Settle,24,0.008000402711331844,0.2080003982409835,0.00299766194075346,-26.25353240966797,151.2258758544922,171.88046900431314,0.03695831075310707,0.14954711124300957,0.14954711124300957,152.88713085657554,152.10857789497823,152.9976911842823,121,False
Free_Settle,25,0.008334235288202763,0.2083342308178544,0.00299766194075346,-26.25544548034668,151.23313903808594,171.88991673787436,0.03695831075310707,0.14954711124300957,0.14954711124300957,152.8871313717855,152.10847713751718,152.9976916499436,121,False
Free_Settle,26,0.008667071349918842,0.20866706687957048,0.00299766194075346,-26.25658416748047,151.23106384277344,171.8852742513021,0.03695831075310707,0.14954711124300957,0.14954711124300957,152.88712701775626,152.1085322019644,152.9976767487824,121,False
Free_Settle,27,0.00900090392678976,0.2090008994564414,0.00299766194075346,-26.260395050048828,151.24790954589844,171.89324569702148,0.03695831075310707,0.14954711124300957,0.14954711124300957,152.88712702304787,152.1085308631882,152.99768326804042,121,False
Free_Settle,28,0.00933373998850584,0.20933373551815748,0.00299766194075346,-26.25887680053711,151.2405242919922,171.8911870320638,0.03695831075310707,0.14954711124300957,0.14954711124300957,152.88713183119307,152.10850932635367,152.9976916499436,121,False
Free_Settle,29,0.009667572565376759,0.2096675680950284,0.00299766194075346,-26.25817108154297,151.2436981201172,171.8915990193685,0.03695831075310707,0.14954711124300957,0.14954711124300957,152.88713237093685,152.10852795280516,152.9976916499436,121,False
Free_Settle,30,0.010000408627092838,0.21000040415674448,0.00299766194075346,-26.26898193359375,151.23593139648438,171.89228185017905,0.03695831075310707,0.14954711124300957,0.14954711124300957,152.8871260229344,152.10845787078142,152.997684199363,121,False
Free_Settle,31,0.010334241203963757,0.2103342367336154,0.00299766194075346,-26.266475677490234,151.24989318847656,171.89397048950195,0.03695831075310707,0.14954711124300957,0.14954711124300957,152.88712546827796,152.10857923375443,152.99767185933888,121,False
Free_Settle,32,0.010667077265679836,0.21066707279533148,0.00299766194075346,-26.268295288085938,151.25628662109375,171.90384165445963,0.03695831075310707,0.14954711124300957,0.14954711124300957,152.88713294243024,152.1084686391987,152.99767907708883,121,False
Free_Settle,33,0.011000909842550755,0.2110009053722024,0.00299766194075346,-26.269081115722656,151.24832153320312,171.89472834269205,0.03695831075310707,0.14954711124300957,0.14954711124300957,152.88713266726677,152.1085521671921,152.99767919350415,121,False
Free_Settle,34,0.011333745904266834,0.21133374143391848,0.00299766194075346,-26.269332885742188,151.2662353515625,171.9060173034668,0.03695831075310707,0.14954711124300957,0.14954711124300957,152.88713211693977,152.10850059520453,152.99767954275012,121,False
Free_Settle,35,0.011667578481137753,0.2116675740107894,0.00299766194075346,-26.26954460144043,151.2518768310547,171.8982073465983,0.03695831075310707,0.14954711124300957,0.14954711124300957,152.88713330274047,152.1085369749926,152.99767954275012,121,False
Free_Settle,36,0.012000414542853832,0.21200041007250547,0.00299766194075346,-26.27124786376953,151.26210021972656,171.90665817260742,0.03695831075310707,0.14954711124300957,0.14954711124300957,152.8871268888335,152.10852649761364,152.99767605029047,121,False
Free_Settle,37,0.01233424711972475,0.2123342426493764,0.00299766194075346,-26.27572250366211,151.2573699951172,171.89958572387695,0.03695831075310707,0.14954711124300957,0.14954711124300957,152.8871334225232,152.10848551942036,152.99767954275012,121,False
Free_Settle,38,0.01266708318144083,0.21266707871109247,0.00299766194075346,-26.274471282958984,151.26332092285156,171.90545145670572,0.03695831075310707,0.14954711124300957,0.14954711124300957,152.88712677578556,152.1085897111334,152.99768350087106,121,False
Free_Settle,39,0.013000915758311749,0.2130009112879634,0.00299766194075346,-26.27174949645996,151.25552368164062,171.9040209452311,0.03695831075310707,0.14954711124300957,0.14954711124300957,152.88713294627868,152.10848586866632,152.9976853635162,121,False
Free_Settle,40,0.013333751820027828,0.21333374734967947,0.00299766194075346,-26.27356719970703,151.2600860595703,171.9021987915039,0.03695831075310707,0.14954711124300957,0.14954711124300957,152.88712713850109,152.10856718476862,152.99767791293561,121,False
Free_Settle,41,0.013667584396898746,0.2136675799265504,0.00299766194075346,-26.2733154296875,151.2683563232422,171.90806452433267,0.03695831075310707,0.14954711124300957,0.14954711124300957,152.8871271659212,152.10850891890004,152.99767791293561,121,False
Free_Settle,42,0.014000420458614826,0.21400041598826647,0.00299766194075346,-26.271728515625,151.25599670410156,171.90085093180338,0.03695831075310707,0.14954711124300957,0.14954711124300957,152.88713287604466,152.10855595069006,152.99769095145166,121,False
Free_Settle,43,0.014334253035485744,0.2143342485651374,0.00299766194075346,-26.274694442749023,151.2691650390625,171.90851847330728,0.03695831075310707,0.14954711124300957,0.14954711124300957,152.88713215734842,152.10851037409157,152.99768350087106,121,False
Free_Settle,44,0.014667089097201824,0.21466708462685347,0.00299766194075346,-26.276351928710938,151.25718688964844,171.90339533487955,0.03695831075310707,0.14954711124300957,0.14954711124300957,152.88712749544393,152.1085083950311,152.99768350087106,121,False
Free_Settle,45,0.015000921674072742,0.21500091720372438,0.00299766194075346,-26.271968841552734,151.26332092285156,171.90724182128906,0.03695831075310707,0.14954711124300957,0.14954711124300957,152.88713246955314,152.10852259770036,152.99769095145166,121,False
Free_Settle,46,0.015333757735788822,0.21533375326544046,0.00299766194075346,-26.275222778320312,151.2626953125,171.90511830647787,0.03695831075310707,0.14954711124300957,0.14954711124300957,152.8871333494028,152.1085234126076,152.99769095145166,121,False
Free_Settle,47,0.015667589381337166,0.2156675849109888,0.00299766194075346,-26.27450942993164,151.26548767089844,171.90564600626627,0.03695831075310707,0.14954711124300957,0.14954711124300957,152.88713276155354,152.10854378528893,152.99769095145166,121,False
Free_Settle,48,0.016000425443053246,0.2160004209727049,0.00299766194075346,-26.273590087890625,151.26258850097656,171.9034105936686,0.03695831075310707,0.14954711124300957,0.14954711124300957,152.88712765659736,152.10855554323643,152.99768350087106,121,False
Free_Settle,49,0.016334258019924164,0.2163342535495758,0.00299766194075346,-26.27489471435547,151.26951599121094,171.9093221028646,0.03695831075310707,0.14954711124300957,0.14954711124300957,152.8871311986057,152.10853499593213,152.99768839031458,121,False
Free_Settle,50,0.016667094081640244,0.21666708961129189,0.00299766194075346,-26.273544311523438,151.25743103027344,171.9049186706543,0.03695831075310707,0.14954711124300957,0.14954711124300957,152.8871331343712,152.10846695117652,152.99769153352827,121,False
Free_Settle,51,0.017000926658511162,0.2170009221881628,0.00299766194075346,-26.273517608642578,151.27308654785156,171.9099489847819,0.03695831075310707,0.14954711124300957,0.14954711124300957,152.88713119571935,152.10856188787147,152.99769153352827,121,False
Free_Settle,52,0.01733376272022724,0.21733375824987888,0.00299766194075346,-26.277873992919922,151.27197265625,171.91223017374674,0.03695831075310707,0.14954711124300957,0.14954711124300957,152.88712716303488,152.10848877904937,152.9976831516251,121,False
Free_Settle,53,0.01766759529709816,0.2176675908267498,0.00299766194075346,-26.275768280029297,151.2656707763672,171.91125361124674,0.03695831075310707,0.14954711124300957,0.14954711124300957,152.88712696435914,152.10855391342193,152.9976847814396,121,False
Free_Settle,54,0.01800043135881424,0.21800042688846588,0.00299766194075346,-26.276519775390625,151.2690887451172,171.9116121927897,0.03695831075310707,0.14954711124300957,0.14954711124300957,152.88712699610878,152.10847911657766,152.9976847814396,121,False
Free_Settle,55,0.018334263935685158,0.2183342594653368,0.00299766194075346,-26.27633285522461,151.2659912109375,171.9109319051107,0.03695831075310707,0.14954711124300957,0.14954711124300957,152.8871257492141,152.10855251643807,152.99767104443163,121,False
Free_Settle,56,0.018667099997401237,0.21866709552705288,0.00299766194075346,-26.27535629272461,151.27581787109375,171.91393661499023,0.03695831075310707,0.14954711124300957,0.14954711124300957,152.8871258305124,152.1085353451781,152.99767209216952,121,False
Free_Settle,57,0.019000932574272156,0.2190009281039238,0.00299766194075346,-26.276927947998047,151.26759338378906,171.91070175170898,0.03695831075310707,0.14954711124300957,0.14954711124300957,152.88712643471754,152.10853627650067,152.997677330859,121,False
Free_Settle,58,0.019333768635988235,0.21933376416563988,0.00299766194075346,-26.278076171875,151.26736450195312,171.91184361775717,0.03695831075310707,0.14954711124300957,0.14954711124300957,152.88712659057938,152.10850769653916,152.9976847814396,121,False
Free_Settle,59,0.019667601212859154,0.2196675967425108,0.00299766194075346,-26.27841567993164,151.26394653320312,171.91074244181314,0.03695831075310707,0.14954711124300957,0.14954711124300957,152.88712743002043,152.10849983850494,152.9976847814396,121,False
Free_Settle,60,0.020000437274575233,0.22000043280422688,0.00299766194075346,-26.27631378173828,151.2751007080078,171.91326141357422,0.03695831075310707,0.14954711124300957,0.14954711124300957,152.88713127316922,152.10853109601885,152.99768920522183,121,False
Free_Settle,61,0.02033426985144615,0.2203342653810978,0.00299766194075346,-26.27582550048828,151.2650604248047,171.91061147054037,0.03695831075310707,0.14954711124300957,0.14954711124300957,152.88712600032483,152.10851287702098,152.99768175464123,121,False
Free_Settle,62,0.02066710591316223,0.22066710144281387,0.00299766194075346,-26.276945114135742,151.27186584472656,171.91322580973306,0.03695831075310707,0.14954711124300957,0.14954711124300957,152.88712530423817,152.10853796452284,152.99768175464123,121,False
Free_Settle,63,0.02100093849003315,0.2210009340196848,0.00299766194075346,-26.282655715942383,151.26344299316406,171.91098658243814,0.03695831075310707,0.14954711124300957,0.14954711124300957,152.88713337874717,152.10848610149696,152.99768175464123,121,False
Free_Settle,64,0.02133377455174923,0.22133377008140087,0.00299766194075346,-26.280677795410156,151.27052307128906,171.9122314453125,0.03695831075310707,0.14954711124300957,0.14954711124300957,152.88713198464964,152.10854139877483,152.99768920522183,121,False
Free_Settle,65,0.021667607128620148,0.2216676026582718,0.00299766194075346,-26.284671783447266,151.27297973632812,171.91324869791666,0.03695831075310707,0.14954711124300957,0.14954711124300957,152.88712754739788,152.10849075810984,152.9976831516251,121,False
Free_Settle,66,0.022000443190336227,0.22200043871998787,0.00299766194075346,-26.285194396972656,151.2672576904297,171.9125544230143,0.03695831075310707,0.14954711124300957,0.14954711124300957,152.8871255438036,152.10855269106105,152.99767430406064,121,False
Free_Settle,67,0.022334275767207146,0.2223342712968588,0.00299766194075346,-26.286584854125977,151.26498413085938,171.91015243530273,0.03695831075310707,0.14954711124300957,0.14954711124300957,152.88713311031844,152.1084738196805,152.99768710974604,121,False
Free_Settle,68,0.022667111828923225,0.22266710735857487,0.00299766194075346,-26.286087036132812,151.27235412597656,171.91378784179688,0.03695831075310707,0.14954711124300957,0.14954711124300957,152.8871324368414,152.10857393685728,152.99768920522183,121,False
Free_Settle,69,0.023000944405794144,0.22300093993544579,0.00299766194075346,-26.28905487060547,151.2689666748047,171.9128100077311,0.03695831075310707,0.14954711124300957,0.14954711124300957,152.88712734102526,152.10848761489615,152.99768710974604,121,False
Free_Settle,70,0.023333780467510223,0.22333377599716187,0.00299766194075346,-26.285221099853516,151.26580810546875,171.912228902181,0.03695831075310707,0.14954711124300957,0.14954711124300957,152.88712668823356,152.10854046745226,152.99767965916544,121,False
Free_Settle,71,0.02366761304438114,0.22366760857403278,0.00299766194075346,-26.28693389892578,151.27682495117188,171.9131991068522,0.03695831075310707,0.14954711124300957,0.14954711124300957,152.88712560201125,152.10847806883976,152.99768175464123,121,False
Free_Settle,72,0.02400044910609722,0.22400044463574886,0.00299766194075346,-26.29102325439453,151.26673889160156,171.91271591186523,0.03695831075310707,0.14954711124300957,0.14954711124300957,152.88712569437382,152.1085235872306,152.99768175464123,121,False
Free_Settle,73,0.02433428168296814,0.22433427721261978,0.00299766194075346,-26.288991928100586,151.2757110595703,171.9142189025879,0.03695831075310707,0.14954711124300957,0.14954711124300957,152.88713236131574,152.10853313328698,152.99767919350415,121,False
Free_Settle,74,0.02466711774468422,0.22466711327433586,0.00299766194075346,-26.293338775634766,151.26341247558594,171.91095225016275,0.03695831075310707,0.14954711124300957,0.14954711124300957,152.8871276893091,152.10851863957942,152.99767965916544,121,False
Free_Settle,75,0.025000950321555138,0.22500094585120678,0.00299766194075346,-26.2900390625,151.27960205078125,171.91539001464844,0.03695831075310707,0.14954711124300957,0.14954711124300957,152.88712590700015,152.1085627609864,152.9976837337017,121,False
Free_Settle,76,0.025333786383271217,0.22533378191292286,0.00299766194075346,-26.29299545288086,151.2683563232422,171.91436386108398,0.03695831075310707,0.14954711124300957,0.14954711124300957,152.88713286642354,152.10846025729552,152.99768664408475,121,False
Free_Settle,77,0.025667618960142136,0.22566761448979378,0.00299766194075346,-26.290454864501953,151.27554321289062,171.91285832722983,0.03695831075310707,0.14954711124300957,0.14954711124300957,152.8871310369712,152.10852806922048,152.99768664408475,121,False
Free_Settle,78,0.026000455021858215,0.22600045055150986,0.00299766194075346,-26.295452117919922,151.27606201171875,171.91573588053384,0.03695831075310707,0.14954711124300957,0.14954711124300957,152.8871270495059,152.10848476272076,152.99768710974604,121,False
Free_Settle,79,0.026334287598729134,0.22633428312838078,0.00299766194075346,-26.289958953857422,151.27713012695312,171.91525014241537,0.03695831075310707,0.14954711124300957,0.14954711124300957,152.88713251429124,152.1085796994157,152.99769002012908,121,False
Free_Settle,80,0.026667123660445213,0.22666711919009686,0.00299766194075346,-26.292301177978516,151.27381896972656,171.9153823852539,0.03695831075310707,0.14954711124300957,0.14954711124300957,152.8871281891253,152.10850845323876,152.9976825695485,121,False
Free_Settle,81,0.02700095623731613,0.22700095176696777,0.00299766194075346,-26.290786743164062,151.275146484375,171.91505432128906,0.03695831075310707,0.14954711124300957,0.14954711124300957,152.88712576749418,152.1085387794301,152.9976825695485,121,False
Free_Settle,82,0.02733379229903221,0.22733378782868385,0.00299766194075346,-26.293869018554688,151.27272033691406,171.91525395711264,0.03695831075310707,0.14954711124300957,0.14954711124300957,152.88712632118856,152.10848051356152,152.9976825695485,121,False
Free_Settle,83,0.02766762487590313,0.22766762040555477,0.00299766194075346,-26.29397964477539,151.2729034423828,171.91475296020508,0.03695831075310707,0.14954711124300957,0.14954711124300957,152.8871263014653,152.10852882592008,152.9976825695485,121,False
Free_Settle,84,0.02800046093761921,0.22800045646727085,0.00299766194075346,-26.290538787841797,151.27880859375,171.91368993123373,0.03695831075310707,0.14954711124300957,0.14954711124300957,152.88713129962724,152.10851148003712,152.99767930991948,121,False
Free_Settle,85,0.028334293514490128,0.22833428904414177,0.00299766194075346,-26.289226531982422,151.27328491210938,171.91629028320312,0.03695831075310707,0.14954711124300957,0.14954711124300957,152.8871321597537,152.10855210898444,152.9976885067299,121,False
Free_Settle,86,0.028667129576206207,0.22866712510585785,0.00299766194075346,-26.289918899536133,151.2754669189453,171.91516621907553,0.03695831075310707,0.14954711124300957,0.14954711124300957,152.88712663387435,152.1085095591843,152.99768710974604,121,False
Free_Settle,87,0.029000962153077126,0.22900095768272877,0.00299766194075346,-26.29314422607422,151.27415466308594,171.9156290690104,0.03695831075310707,0.14954711124300957,0.14954711124300957,152.88712618216366,152.10849570576102,152.9976825695485,121,False
Free_Settle,88,0.029333798214793205,0.22933379374444485,0.00299766194075346,-26.295101165771484,151.27774047851562,171.91378529866537,0.03695831075310707,0.14954711124300957,0.14954711124300957,152.88712547356957,152.10851206211373,152.9976810561493,121,False
Free_Settle,89,0.029667630791664124,0.22966762632131577,0.00299766194075346,-26.29535675048828,151.27366638183594,171.91526540120444,0.03695831075310707,0.14954711124300957,0.14954711124300957,152.88712638853625,152.10852574091405,152.9976810561493,121,False
Free_Settle,90,0.030000466853380203,0.23000046238303185,0.00299766194075346,-26.293415069580078,151.28221130371094,171.9173952738444,0.03695831075310707,0.14954711124300957,0.14954711124300957,152.88712635726768,152.10855047916993,152.9976825695485,121,False
Free_Settle,91,0.03033429943025112,0.23033429495990276,0.00299766194075346,-26.294658660888672,151.26556396484375,171.9144401550293,0.03695831075310707,0.14954711124300957,0.14954711124300957,152.88713392185832,152.10850350558758,152.9976916499436,121,False
Free_Settle,92,0.0306671354919672,0.23066713102161884,0.00299766194075346,-26.295379638671875,151.28172302246094,171.91685231526694,0.03695831075310707,0.14954711124300957,0.14954711124300957,152.88712545577053,152.10856014164165,152.99767791293561,121,False
Free_Settle,93,0.03100096806883812,0.23100096359848976,0.00299766194075346,-26.297243118286133,151.27383422851562,171.91519673665366,0.03695831075310707,0.14954711124300957,0.14954711124300957,152.88712684361434,152.10849163122475,152.99768326804042,121,False
Free_Settle,94,0.031333647668361664,0.2313336431980133,0.00299766194075346,-26.29485511779785,151.27513122558594,171.9148203531901,0.03695831075310707,0.14954711124300957,0.14954711124300957,152.88712493623106,152.10853732423857,152.9976810561493,121,False
Free_Settle,95,0.03166685625910759,0.23166685178875923,0.00299766194075346,-26.29481315612793,151.27285766601562,171.91524124145508,0.03695831075310707,0.14954711124300957,0.14954711124300957,152.88713326040764,152.10847090929747,152.9976916499436,121,False
Free_Settle,96,0.032000064849853516,0.23200006037950516,0.00299766194075346,-26.29673194885254,151.27850341796875,171.91688919067383,0.03695831075310707,0.14954711124300957,0.14954711124300957,152.8871314275879,152.10855065379292,152.9976916499436,121,False
Free_Settle,97,0.03233426809310913,0.23233426362276077,0.00299766194075346,-26.2972412109375,151.27503967285156,171.91611353556314,0.03695831075310707,0.14954711124300957,0.14954711124300957,152.88712740596768,152.10849471623078,152.9976736055687,121,False
Free_Settle,98,0.03266747668385506,0.2326674722135067,0.00299766194075346,-26.297040939331055,151.2777862548828,171.9157371520996,0.03695831075310707,0.14954711124300957,0.14954711124300957,152.88712493959846,152.10854820907116,152.9976810561493,121,False
Free_Settle,99,0.03300068527460098,0.23300068080425262,0.00299766194075346,-26.296354293823242,151.27743530273438,171.91624069213867,0.03695831075310707,0.14954711124300957,0.14954711124300957,152.88713265764565,152.1084777195938,152.99769002012908,121,False
Free_Settle,100,0.03333389386534691,0.23333388939499855,0.00299766194075346,-26.297405242919922,151.27264404296875,171.91463343302408,0.03695831075310707,0.14954711124300957,0.14954711124300957,152.88712599695745,152.1085399435833,152.9976810561493,121,False
Free_Settle,101,0.033667102456092834,0.23366709798574448,0.00299766194075346,-26.297321319580078,151.2828826904297,171.91742960611978,0.03695831075310707,0.14954711124300957,0.14954711124300957,152.8871321414736,152.10850338917226,152.99769002012908,121,False
Free_Settle,102,0.03400031104683876,0.2340003065764904,0.00299766194075346,-26.296031951904297,151.26889038085938,171.91498311360678,0.03695831075310707,0.14954711124300957,0.14954711124300957,152.88713217274216,152.1085298154503,152.9976825695485,121,False
Free_Settle,103,0.034333519637584686,0.23433351516723633,0.00299766194075346,-26.298179626464844,151.2816162109375,171.91680145263672,0.03695831075310707,0.14954711124300957,0.14954711124300957,152.88713222565823,152.10853720782325,152.99769002012908,121,False
Free_Settle,104,0.03466672822833061,0.23466672375798225,0.00299766194075346,-26.296218872070312,151.27101135253906,171.9148406982422,0.03695831075310707,0.14954711124300957,0.14954711124300957,152.88712674066855,152.10850886069238,152.99767116084695,121,False
Free_Settle,105,0.03500093147158623,0.23500092700123787,0.00299766194075346,-26.298398971557617,151.28170776367188,171.91586685180664,0.03695831075310707,0.14954711124300957,0.14954711124300957,152.88712523544731,152.10854692850262,152.9976810561493,121,False
Free_Settle,106,0.03533414006233215,0.2353341355919838,0.00299766194075346,-26.30073356628418,151.27516174316406,171.91706085205078,0.03695831075310707,0.14954711124300957,0.14954711124300957,152.88712624614396,152.1084838313982,152.9976810561493,121,False
Free_Settle,107,0.03566734865307808,0.23566734418272972,0.00299766194075346,-26.30038070678711,151.2752685546875,171.91350173950195,0.03695831075310707,0.14954711124300957,0.14954711124300957,152.88712587236418,152.10854302858934,152.9976825695485,121,False
Free_Settle,108,0.036000557243824005,0.23600055277347565,0.00299766194075346,-26.297744750976562,151.2789764404297,171.91887283325195,0.03695831075310707,0.14954711124300957,0.14954711124300957,152.8871325696126,152.10851235315204,152.99769002012908,121,False
Free_Settle,109,0.03633376583456993,0.23633376136422157,0.00299766194075346,-26.297119140625,151.27088928222656,171.9134521484375,0.03695831075310707,0.14954711124300957,0.14954711124300957,152.88713290635113,152.10853732423857,152.99769002012908,121,False
Free_Settle,110,0.03666697442531586,0.2366669699549675,0.00299766194075346,-26.297008514404297,151.27809143066406,171.91796747843424,0.03695831075310707,0.14954711124300957,0.14954711124300957,152.88712544903575,152.10851829033345,152.9976810561493,121,False
Free_Settle,111,0.03700018301606178,0.23700017854571342,0.00299766194075346,-26.298236846923828,151.27676391601562,171.9148432413737,0.03695831075310707,0.14954711124300957,0.14954711124300957,152.88713185957533,152.1085196873173,152.99769002012908,121,False
Free_Settle,112,0.03733339160680771,0.23733338713645935,0.00299766194075346,-26.299076080322266,151.2752685546875,171.91769154866537,0.03695831075310707,0.14954711124300957,0.14954711124300957,152.88712602245337,152.10853586904705,152.9976825695485,121,False
Free_Settle,113,0.037667594850063324,0.23766759037971497,0.00299766194075346,-26.302143096923828,151.27426147460938,171.91385142008463,0.03695831075310707,0.14954711124300957,0.14954711124300957,152.88712645059235,152.10849174764007,152.9976810561493,121,False
Free_Settle,114,0.03800080344080925,0.2380007989704609,0.00299766194075346,-26.299238204956055,151.27813720703125,171.91719182332358,0.03695831075310707,0.14954711124300957,0.14954711124300957,152.88712608066103,152.10853464668617,152.9976810561493,121,False
Free_Settle,115,0.038334012031555176,0.23833400756120682,0.00299766194075346,-26.298789978027344,151.27674865722656,171.91571807861328,0.03695831075310707,0.14954711124300957,0.14954711124300957,152.8871262317123,152.1085147978738,152.9976825695485,121,False
Free_Settle,116,0.0386672206223011,0.23866721615195274,0.00299766194075346,-26.299863815307617,151.27383422851562,171.9172045389811,0.03695831075310707,0.14954711124300957,0.14954711124300957,152.88712594259823,152.1085350541398,152.9976825695485,121,False
Free_Settle,117,0.03900042921304703,0.23900042474269867,0.00299766194075346,-26.299123764038086,151.2769012451172,171.91724014282227,0.03695831075310707,0.14954711124300957,0.14954711124300957,152.8871318321552,152.1084881387651,152.99769002012908,121,False
Free_Settle,118,0.039333637803792953,0.2393336333334446,0.00299766194075346,-26.298416137695312,151.27450561523438,171.91521326700845,0.03695831075310707,0.14954711124300957,0.14954711124300957,152.8871256722453,152.10853895405307,152.9976825695485,121,False
Free_Settle,119,0.03966684639453888,0.23966684192419052,0.00299766194075346,-26.2988338470459,151.2789306640625,171.91766230265299,0.03695831075310707,0.14954711124300957,0.14954711124300957,152.88713143480373,152.10851124720648,152.99769002012908,121,False
Free_Settle,120,0.040000054985284805,0.24000005051493645,0.00299766194075346,-26.302738189697266,151.27345275878906,171.91424560546875,0.03695831075310707,0.14954711124300957,0.14954711124300957,152.88712583628507,152.1085359272547,152.9976810561493,121,False
Free_Settle,121,0.04033425822854042,0.24033425375819206,0.00299766194075346,-26.299808502197266,151.28250122070312,171.9191805521647,0.03695831075310707,0.14954711124300957,0.14954711124300957,152.88712533454463,152.10851817391813,152.9976825695485,121,False
Free_Settle,122,0.040667466819286346,0.240667462348938,0.00299766194075346,-26.300403594970703,151.2720489501953,171.9144401550293,0.03695831075310707,0.14954711124300957,0.14954711124300957,152.88713235842943,152.10851735901088,152.99769002012908,121,False
Free_Settle,123,0.04100067541003227,0.24100067093968391,0.00299766194075346,-26.299724578857422,151.2841339111328,171.91806411743164,0.03695831075310707,0.14954711124300957,0.14954711124300957,152.88712568571484,152.1085308631882,152.9976825695485,121,False
Free_Settle,124,0.0413338840007782,0.24133387953042984,0.00299766194075346,-26.299171447753906,151.27389526367188,171.91611989339194,0.03695831075310707,0.14954711124300957,0.14954711124300957,152.88712647945567,152.1085332497023,152.9976825695485,121,False
Free_Settle,125,0.041667092591524124,0.24166708812117577,0.00299766194075346,-26.297657012939453,151.28024291992188,171.91742070515951,0.03695831075310707,0.14954711124300957,0.14954711124300957,152.88713135206226,152.10853732423857,152.99769002012908,121,False
Free_Settle,126,0.04200030118227005,0.2420002967119217,0.00299766194075346,-26.303129196166992,151.27333068847656,171.91454569498697,0.03695831075310707,0.14954711124300957,0.14954711124300957,152.8871266213669,152.10848854621872,152.9976751189679,121,False
Free_Settle,127,0.042333509773015976,0.24233350530266762,0.00299766194075346,-26.297561645507812,151.28167724609375,171.91771825154623,0.03695831075310707,0.14954711124300957,0.14954711124300957,152.88712952838256,152.10854331962764,152.9976825695485,121,False
Free_Settle,128,0.0426667183637619,0.24266671389341354,0.00299766194075346,-26.300121307373047,151.27308654785156,171.91494496663412,0.03695831075310707,0.14954711124300957,0.14954711124300957,152.887131891806,152.10848435526714,152.9976885067299,121,False
Free_Settle,129,0.04300092160701752,0.24300091713666916,0.00299766194075346,-26.300376892089844,151.28077697753906,171.91735458374023,0.03695831075310707,0.14954711124300957,0.14954711124300957,152.88712470003304,152.10853453027084,152.9976810561493,121,False
Free_Settle,130,0.04333413019776344,0.24333412572741508,0.00299766194075346,-26.30381965637207,151.27340698242188,171.91528828938803,0.03695831075310707,0.14954711124300957,0.14954711124300957,152.88712711733467,152.1084836567752,152.9976825695485,121,False
Free_Settle,131,0.04366733878850937,0.243667334318161,0.00299766194075346,-26.302959442138672,151.2825927734375,171.9182891845703,0.03695831075310707,0.14954711124300957,0.14954711124300957,152.8871257169834,152.10856910562143,152.9976825695485,121,False
Free_Settle,132,0.044000547379255295,0.24400054290890694,0.00299766194075346,-26.301982879638672,151.27569580078125,171.9162228902181,0.03695831075310707,0.14954711124300957,0.14954711124300957,152.8871330574024,152.1084826090373,152.99769002012908,121,False
Free_Settle,133,0.04433375597000122,0.24433375149965286,0.00299766194075346,-26.297653198242188,151.2769775390625,171.91653951009116,0.03695831075310707,0.14954711124300957,0.14954711124300957,152.88713125344597,152.1085548447445,152.99769002012908,121,False
Free_Settle,134,0.04466696456074715,0.2446669600903988,0.00299766194075346,-26.299968719482422,151.2788848876953,171.9162254333496,0.03695831075310707,0.14954711124300957,0.14954711124300957,152.88712607440732,152.10847865091637,152.9976810561493,121,False
Free_Settle,135,0.04500017315149307,0.24500016868114471,0.00299766194075346,-26.30154800415039,151.2776336669922,171.9169947306315,0.03695831075310707,0.14954711124300957,0.14954711124300957,152.8871312938546,152.1085454733111,152.99769002012908,121,False
Free_Settle,136,0.045333381742239,0.24533337727189064,0.00299766194075346,-26.30208969116211,151.27902221679688,171.91656112670898,0.03695831075310707,0.14954711124300957,0.14954711124300957,152.88713232908506,152.10849134018645,152.99769002012908,121,False
Free_Settle,137,0.045667584985494614,0.24566758051514626,0.00299766194075346,-26.305330276489258,151.27870178222656,171.9177157084147,0.03695831075310707,0.14954711124300957,0.14954711124300957,152.8871248342474,152.10854716133326,152.9976751189679,121,False
Free_Settle,138,0.04600079357624054,0.24600078910589218,0.00299766194075346,-26.303110122680664,151.2780303955078,171.91740544637045,0.03695831075310707,0.14954711124300957,0.14954711124300957,152.8871261379066,152.10851543815807,152.9976810561493,121,False
Free_Settle,139,0.046334002166986465,0.2463339976966381,0.00299766194075346,-26.30062484741211,151.27772521972656,171.91748046875,0.03695831075310707,0.14954711124300957,0.14954711124300957,152.88712560634076,152.10853499593213,152.9976825695485,121,False
Free_Settle,140,0.04666721075773239,0.24666720628738403,0.00299766194075346,-26.301511764526367,151.28054809570312,171.91681671142578,0.03695831075310707,0.14954711124300957,0.14954711124300957,152.88712575594886,152.10852201562375,152.9976825695485,121,False
Free_Settle,141,0.04700041934847832,0.24700041487812996,0.00299766194075346,-26.300216674804688,151.2769012451172,171.91758346557617,0.03695831075310707,0.14954711124300957,0.14954711124300957,152.88713123227956,152.1085188142024,152.99769002012908,121,False
Free_Settle,142,0.04733362793922424,0.24733362346887589,0.00299766194075346,-26.301942825317383,151.2794952392578,171.91616694132486,0.03695831075310707,0.14954711124300957,0.14954711124300957,152.88712620236797,152.10851392475888,152.9976810561493,121,False
Free_Settle,143,0.04766683652997017,0.2476668320596218,0.00299766194075346,-26.300228118896484,151.27813720703125,171.91880671183267,0.03695831075310707,0.14954711124300957,0.14954711124300957,152.88712519455763,152.10853173630312,152.9976736055687,121,False
Free_Settle,144,0.048000045120716095,0.24800004065036774,0.00299766194075346,-26.305152893066406,151.27674865722656,171.91590881347656,0.03695831075310707,0.14954711124300957,0.14954711124300957,152.8871268388038,152.10851893061772,152.9976825695485,121,False
Free_Settle,145,0.04833424836397171,0.24833424389362335,0.00299766194075346,-26.301116943359375,151.27915954589844,171.9182980855306,0.03695831075310707,0.14954711124300957,0.14954711124300957,152.88712499251452,152.10853010648862,152.9976751189679,121,False
Free_Settle,146,0.048667456954717636,0.24866745248436928,0.00299766194075346,-26.30276107788086,151.27989196777344,171.91552352905273,0.03695831075310707,0.14954711124300957,0.14954711124300957,152.88712524170103,152.10851322626695,152.9976810561493,121,False
Free_Settle,147,0.04900066554546356,0.2490006610751152,0.00299766194075346,-26.303022384643555,151.27659606933594,171.9193000793457,0.03695831075310707,0.14954711124300957,0.14954711124300957,152.8871262038111,152.108509442769,152.9976825695485,121,False
Free_Settle,148,0.04933387413620949,0.24933386966586113,0.00299766194075346,-26.304414749145508,151.28187561035156,171.91596857706705,0.03695831075310707,0.14954711124300957,0.14954711124300957,152.88713147857973,152.10850368021056,152.9976885067299,121,False
Free_Settle,149,0.049667082726955414,0.24966707825660706,0.00299766194075346,-26.303375244140625,151.27716064453125,171.9188435872396,0.03695831075310707,0.14954711124300957,0.14954711124300957,152.8871323820011,152.10852137533948,152.9976885067299,121,False
Free_Settle,150,0.05000029131770134,0.250000286847353,0.00299766194075346,-26.305545806884766,151.28318786621094,171.91665013631186,0.03695831075310707,0.14954711124300957,0.14954711124300957,152.88712495595433,152.10851840674877,152.9976751189679,121,False
Free_Settle,151,0.050333499908447266,0.2503334954380989,0.00299766194075346,-26.29585075378418,151.27439880371094,171.918337504069,0.03695831075310707,0.14954711124300957,0.14954711124300957,152.8871320717206,152.10850263247266,152.99769002012908,121,False
Free_Settle,152,0.05066670849919319,0.25066670402884483,0.00299766194075346,-26.30017852783203,151.27752685546875,171.9156061808268,0.03695831075310707,0.14954711124300957,0.14954711124300957,152.88712554957624,152.10851858137175,152.9976825695485,121,False
Free_Settle,153,0.05100091174244881,0.25100090727210045,0.00299766194075346,-26.302555084228516,151.279052734375,171.9193852742513,0.03695831075310707,0.14954711124300957,0.14954711124300957,152.88712613261498,152.1085174754262,152.9976825695485,121,False
Free_Settle,154,0.05133412033319473,0.2513341158628464,0.00299766194075346,-26.30398941040039,151.27828979492188,171.91622416178384,0.03695831075310707,0.14954711124300957,0.14954711124300957,152.88712654487915,152.10853097960353,152.9976825695485,121,False
Free_Settle,155,0.05166732892394066,0.2516673244535923,0.00299766194075346,-26.3006591796875,151.2815399169922,171.9194450378418,0.03695831075310707,0.14954711124300957,0.14954711124300957,152.88713198320647,152.10852719610557,152.99769002012908,121,False
Free_Settle,156,0.052000537514686584,0.2520005330443382,0.00299766194075346,-26.305561065673828,151.27908325195312,171.91647720336914,0.03695831075310707,0.14954711124300957,0.14954711124300957,152.88712601764283,152.10852434393018,152.9976810561493,121,False
Free_Settle,157,0.05233374610543251,0.25233374163508415,0.00299766194075346,-26.303043365478516,151.27554321289062,171.9178098042806,0.03695831075310707,0.14954711124300957,0.14954711124300957,152.8871309426844,152.108522830531,152.99769002012908,121,False
Free_Settle,158,0.052666954696178436,0.2526669502258301,0.00299766194075346,-26.30307388305664,151.27951049804688,171.91647466023764,0.03695831075310707,0.14954711124300957,0.14954711124300957,152.88712635774874,152.1085155545734,152.9976825695485,121,False
Free_Settle,159,0.05300016328692436,0.253000158816576,0.00299766194075346,-26.303621292114258,151.27835083007812,171.91896692911783,0.03695831075310707,0.14954711124300957,0.14954711124300957,152.88712534272258,152.108536218293,152.9976810561493,121,False
Free_Settle,160,0.05333337187767029,0.25333336740732193,0.00299766194075346,-26.303226470947266,151.275390625,171.91682815551758,0.03695831075310707,0.14954711124300957,0.14954711124300957,152.8871266030868,152.1085033309646,152.9976825695485,121,False
Free_Settle,161,0.0536675751209259,0.25366757065057755,0.00299766194075346,-26.305835723876953,151.2812042236328,171.91859690348306,0.03695831075310707,0.14954711124300957,0.14954711124300957,152.8871253533058,152.1085338317789,152.9976751189679,121,False
Free_Settle,162,0.05400078371167183,0.25400077924132347,0.00299766194075346,-26.303165435791016,151.27867126464844,171.91742579142252,0.03695831075310707,0.14954711124300957,0.14954711124300957,152.88712593923086,152.1085036220029,152.9976825695485,121,False
Free_Settle,163,0.054333992302417755,0.2543339878320694,0.00299766194075346,-26.303043365478516,151.2797088623047,171.91802597045898,0.03695831075310707,0.14954711124300957,0.14954711124300957,152.887126307719,152.1085484419018,152.9976825695485,121,False
Free_Settle,164,0.05466720089316368,0.2546671964228153,0.00299766194075346,-26.303041458129883,151.27899169921875,171.91859181722006,0.03695831075310707,0.14954711124300957,0.14954711124300957,152.88713189036287,152.10848895367235,152.99769002012908,121,False
Free_Settle,165,0.05500040948390961,0.25500040501356125,0.00299766194075346,-26.30384063720703,151.27835083007812,171.91668319702148,0.03695831075310707,0.14954711124300957,0.14954711124300957,152.88713172872835,152.10855653276667,152.99769002012908,121,False
Free_Settle,166,0.05533361807465553,0.2553336136043072,0.00299766194075346,-26.30496597290039,151.2831268310547,171.92033767700195,0.03695831075310707,0.14954711124300957,0.14954711124300957,152.8871257116918,152.10851357551292,152.9976751189679,121,False
Free_Settle,167,0.05566682666540146,0.2556668221950531,0.00299766194075346,-26.302623748779297,151.2729949951172,171.91463470458984,0.03695831075310707,0.14954711124300957,0.14954711124300957,152.88713299005468,152.10854401811957,152.99769002012908,121,False
Free_Settle,168,0.056000035256147385,0.256000030785799,0.00299766194075346,-26.31041717529297,151.28515625,171.92142740885416,0.03695831075310707,0.14954711124300957,0.14954711124300957,152.88712618937947,152.10851724259555,152.9976825695485,121,False
Free_Settle,169,0.056334238499403,0.25633423402905464,0.00299766194075346,-26.30121421813965,151.27476501464844,171.91478220621744,0.03695831075310707,0.14954711124300957,0.14954711124300957,152.88712626779144,152.108536218293,152.9976825695485,121,False
Free_Settle,170,0.056667447090148926,0.25666744261980057,0.00299766194075346,-26.302806854248047,151.2843017578125,171.92101669311523,0.03695831075310707,0.14954711124300957,0.14954711124300957,152.88712590507595,152.1085147978738,152.9976825695485,121,False
Free_Settle,171,0.05700065568089485,0.2570006512105465,0.00299766194075346,-26.303874969482422,151.2749481201172,171.915402730306,0.03695831075310707,0.14954711124300957,0.14954711124300957,152.8871326196423,152.10851829033345,152.99769002012908,121,False
Free_Settle,172,0.05733386427164078,0.2573338598012924,0.00299766194075346,-26.303346633911133,151.28265380859375,171.92049280802408,0.03695831075310707,0.14954711124300957,0.14954711124300957,152.8871261302097,152.10853493772447,152.9976825695485,121,False
Free_Settle,173,0.057667072862386703,0.25766706839203835,0.00299766194075346,-26.3028564453125,151.27719116210938,171.91616566975912,0.03695831075310707,0.14954711124300957,0.14954711124300957,152.887132660532,152.1085196873173,152.99769002012908,121,False
Free_Settle,174,0.05800028145313263,0.25800027698278427,0.00299766194075346,-26.306884765625,151.28135681152344,171.9195073445638,0.03695831075310707,0.14954711124300957,0.14954711124300957,152.88712572612346,152.10853121243417,152.9976825695485,121,False
Free_Settle,175,0.058333490043878555,0.2583334855735302,0.00299766194075346,-26.307859420776367,151.2769012451172,171.91657257080078,0.03695831075310707,0.14954711124300957,0.14954711124300957,152.88712607488836,152.1084978012368,152.9976751189679,121,False
Free_Settle,176,0.05866669863462448,0.2586666941642761,0.00299766194075346,-26.305679321289062,151.27569580078125,171.9206682840983,0.03695831075310707,0.14954711124300957,0.14954711124300957,152.887125730934,152.10851875599474,152.9976810561493,121,False
Free_Settle,177,0.059000901877880096,0.25900089740753174,0.00299766194075346,-26.30417823791504,151.2773895263672,171.91619110107422,0.03695831075310707,0.14954711124300957,0.14954711124300957,152.88712622690176,152.10849710274488,152.9976736055687,121,False
Free_Settle,178,0.05933411046862602,0.25933410599827766,0.00299766194075346,-26.305500030517578,151.28089904785156,171.9190216064453,0.03695831075310707,0.14954711124300957,0.14954711124300957,152.88712566069998,152.10852754535154,152.9976810561493,121,False
Free_Settle,179,0.05966731905937195,0.2596673145890236,0.00299766194075346,-26.306568145751953,151.27760314941406,171.91612752278647,0.03695831075310707,0.14954711124300957,0.14954711124300957,152.88712669256304,152.10850886069238,152.9976810561493,121,False
Free_Settle,180,0.05999999865889549,0.25999999418854713,0.00299766194075346,-26.305587768554688,151.28077697753906,171.91857528686523,0.03695831075310707,0.14954711124300957,0.14954711124300957,152.88712557314796,152.1085284766741,152.9976810561493,121,False
