step,frame,step_time_s,total_time_s,global_cpress_max_mpa,all_actual_avg_um,all_actual_min_um,all_actual_max_um,all_vertical_avg_um,all_vertical_min_um,all_vertical_max_um,contact_pair_count,contact_actual_avg_um,contact_actual_min_um,contact_vertical_avg_um,contact_vertical_min_um,contact_pair_cpress_max_mpa,nip0p5_pair_count,nip0p5_actual_avg_um,nip0p5_actual_min_um,nip0p5_vertical_avg_um,nip0p5_vertical_min_um,nip1p0_pair_count,nip1p0_actual_avg_um,nip1p0_actual_min_um,nip1p0_vertical_avg_um,nip1p0_vertical_min_um,nip2p0_pair_count,nip2p0_actual_avg_um,nip2p0_actual_min_um,nip2p0_vertical_avg_um,nip2p0_vertical_min_um
Clamp_Down,0,0.0,0.0,0.0,150.0000029802322,150.0000029802322,150.0000029802322,150.00000596046448,150.00000596046448,150.00000596046448,0,,,,,0.0,21,150.0000029802322,150.0000029802322,150.00000596046448,150.00000596046448,42,150.0000029802322,150.0000029802322,150.00000596046448,150.00000596046448,63,150.0000029802322,150.0000029802322,150.00000596046448,150.00000596046448
Clamp_Down,126,0.00062999950023368,0.00062999950023368,0.0,150.0000029802322,150.0000029802322,150.0000029802322,150.00000596046448,150.00000596046448,150.00000596046448,0,,,,,0.0,21,150.0000029802322,150.0000029802322,150.00000596046448,150.00000596046448,42,150.0000029802322,150.0000029802322,150.00000596046448,150.00000596046448,63,150.0000029802322,150.0000029802322,150.00000596046448,150.00000596046448
Clamp_Down,251,0.0012549988459795713,0.0012549988459795713,0.0,150.0000029802322,150.0000029802322,150.0000029802322,150.00000596046448,150.00000596046448,150.00000596046448,0,,,,,0.0,21,150.0000029802322,150.0000029802322,150.00000596046448,150.00000596046448,42,150.0000029802322,150.0000029802322,150.00000596046448,150.00000596046448,63,150.0000029802322,150.0000029802322,150.00000596046448,150.00000596046448
Clamp_Down,376,0.0018799982499331236,0.0018799982499331236,0.0,150.0000029802322,150.0000029802322,150.0000029802322,150.00000596046448,150.00000596046448,150.00000596046448,0,,,,,0.0,21,150.0000029802322,150.0000029802322,150.00000596046448,150.00000596046448,42,150.0000029802322,150.0000029802322,150.00000596046448,150.00000596046448,63,150.0000029802322,150.0000029802322,150.00000596046448,150.00000596046448
Clamp_Down,501,0.002504997653886676,0.002504997653886676,0.0,150.0000029802322,150.0000029802322,150.0000029802322,150.00000596046448,150.00000596046448,150.00000596046448,0,,,,,0.0,21,150.0000029802322,150.0000029802322,150.00000596046448,150.00000596046448,42,150.0000029802322,150.0000029802322,150.00000596046448,150.00000596046448,63,150.0000029802322,150.0000029802322,150.00000596046448,150.00000596046448
Clamp_Down,626,0.0031299968250095844,0.0031299968250095844,0.0,150.0000029802322,150.0000029802322,150.0000029802322,150.00000596046448,150.00000596046448,150.00000596046448,0,,,,,0.0,21,150.0000029802322,150.0000029802322,150.00000596046448,150.00000596046448,42,150.0000029802322,150.0000029802322,150.00000596046448,150.00000596046448,63,150.0000029802322,150.0000029802322,150.00000596046448,150.00000596046448
Clamp_Down,751,0.0037549962289631367,0.0037549962289631367,0.0,150.0000029802322,150.0000029802322,150.0000029802322,150.00000596046448,150.00000596046448,150.00000596046448,0,,,,,0.0,21,150.0000029802322,150.0000029802322,150.00000596046448,150.00000596046448,42,150.0000029802322,150.0000029802322,150.00000596046448,150.00000596046448,63,150.0000029802322,150.0000029802322,150.00000596046448,150.00000596046448
Clamp_Down,876,0.004379995632916689,0.004379995632916689,0.0,150.0000029802322,150.0000029802322,150.0000029802322,150.00000596046448,150.00000596046448,150.00000596046448,0,,,,,0.0,21,150.0000029802322,150.0000029802322,150.00000596046448,150.00000596046448,42,150.0000029802322,150.0000029802322,150.00000596046448,150.00000596046448,63,150.0000029802322,150.0000029802322,150.00000596046448,150.00000596046448
Clamp_Down,1001,0.005004995036870241,0.005004995036870241,0.0,150.0000029802322,150.0000029802322,150.0000029802322,150.00000596046448,150.00000596046448,150.00000596046448,0,,,,,0.0,21,150.0000029802322,150.0000029802322,150.00000596046448,150.00000596046448,42,150.0000029802322,150.0000029802322,150.00000596046448,150.00000596046448,63,150.0000029802322,150.0000029802322,150.00000596046448,150.00000596046448
Clamp_Down,1126,0.005629993975162506,0.005629993975162506,0.0,150.0000029802322,150.0000029802322,150.0000029802322,150.00000596046448,150.00000596046448,150.00000596046448,0,,,,,0.0,21,150.0000029802322,150.0000029802322,150.00000596046448,150.00000596046448,42,150.0000029802322,150.0000029802322,150.00000596046448,150.00000596046448,63,150.0000029802322,150.0000029802322,150.00000596046448,150.00000596046448
Clamp_Down,1251,0.006254992447793484,0.006254992447793484,0.0,150.0000029802322,150.0000029802322,150.0000029802322,150.00000596046448,150.00000596046448,150.00000596046448,0,,,,,0.0,21,150.0000029802322,150.0000029802322,150.00000596046448,150.00000596046448,42,150.0000029802322,150.0000029802322,150.00000596046448,150.00000596046448,63,150.0000029802322,150.0000029802322,150.00000596046448,150.00000596046448
Clamp_Down,1376,0.006879991386085749,0.006879991386085749,0.0,150.0000029802322,150.0000029802322,150.0000029802322,150.00000596046448,150.00000596046448,150.00000596046448,0,,,,,0.0,21,150.0000029802322,150.0000029802322,150.00000596046448,150.00000596046448,42,150.0000029802322,150.0000029802322,150.00000596046448,150.00000596046448,63,150.0000029802322,150.0000029802322,150.00000596046448,150.00000596046448
Clamp_Down,1501,0.007504990324378014,0.007504990324378014,0.0,150.0000029802322,150.0000029802322,150.0000029802322,150.00000596046448,150.00000596046448,150.00000596046448,0,,,,,0.0,21,150.0000029802322,150.0000029802322,150.00000596046448,150.00000596046448,42,150.0000029802322,150.0000029802322,150.00000596046448,150.00000596046448,63,150.0000029802322,150.0000029802322,150.00000596046448,150.00000596046448
Clamp_Down,1626,0.008129989728331566,0.008129989728331566,0.0,150.0000029802322,150.0000029802322,150.0000029802322,150.00000596046448,150.00000596046448,150.00000596046448,0,,,,,0.0,21,150.0000029802322,150.0000029802322,150.00000596046448,150.00000596046448,42,150.0000029802322,150.0000029802322,150.00000596046448,150.00000596046448,63,150.0000029802322,150.0000029802322,150.00000596046448,150.00000596046448
Clamp_Down,1751,0.008754988200962543,0.008754988200962543,0.0,150.0000029802322,150.0000029802322,150.0000029802322,150.00000596046448,150.00000596046448,150.00000596046448,0,,,,,0.0,21,150.0000029802322,150.0000029802322,150.00000596046448,150.00000596046448,42,150.0000029802322,150.0000029802322,150.00000596046448,150.00000596046448,63,150.0000029802322,150.0000029802322,150.00000596046448,150.00000596046448
Clamp_Down,1876,0.009379986673593521,0.009379986673593521,0.0,150.0000029802322,150.0000029802322,150.0000029802322,150.00000596046448,150.00000596046448,150.00000596046448,0,,,,,0.0,21,150.0000029802322,150.0000029802322,150.00000596046448,150.00000596046448,42,150.0000029802322,150.0000029802322,150.00000596046448,150.00000596046448,63,150.0000029802322,150.0000029802322,150.00000596046448,150.00000596046448
Clamp_Down,2001,0.010004986077547073,0.010004986077547073,0.0,150.0000029802322,150.0000029802322,150.0000029802322,150.00000596046448,150.00000596046448,150.00000596046448,0,,,,,0.0,21,150.0000029802322,150.0000029802322,150.00000596046448,150.00000596046448,42,150.0000029802322,150.0000029802322,150.00000596046448,150.00000596046448,63,150.0000029802322,150.0000029802322,150.00000596046448,150.00000596046448
Clamp_Down,2126,0.010629984550178051,0.010629984550178051,0.0,150.0000029802322,150.0000029802322,150.0000029802322,150.00000596046448,150.00000596046448,150.00000596046448,0,,,,,0.0,21,150.0000029802322,150.0000029802322,150.00000596046448,150.00000596046448,42,150.0000029802322,150.0000029802322,150.00000596046448,150.00000596046448,63,150.0000029802322,150.0000029802322,150.00000596046448,150.00000596046448
Clamp_Down,2251,0.011254983954131603,0.011254983954131603,0.0,150.0000029802322,150.0000029802322,150.0000029802322,150.00000596046448,150.00000596046448,150.00000596046448,0,,,,,0.0,21,150.0000029802322,150.0000029802322,150.00000596046448,150.00000596046448,42,150.0000029802322,150.0000029802322,150.00000596046448,150.00000596046448,63,150.0000029802322,150.0000029802322,150.00000596046448,150.00000596046448
Clamp_Down,2376,0.011879982426762581,0.011879982426762581,0.0,150.0000029802322,150.0000029802322,150.0000029802322,150.00000596046448,150.00000596046448,150.00000596046448,0,,,,,0.0,21,150.0000029802322,150.0000029802322,150.00000596046448,150.00000596046448,42,150.0000029802322,150.0000029802322,150.00000596046448,150.00000596046448,63,150.0000029802322,150.0000029802322,150.00000596046448,150.00000596046448
Clamp_Down,2501,0.012504981830716133,0.012504981830716133,0.0,150.0000029802322,150.0000029802322,150.0000029802322,150.00000596046448,150.00000596046448,150.00000596046448,0,,,,,0.0,21,150.0000029802322,150.0000029802322,150.00000596046448,150.00000596046448,42,150.0000029802322,150.0000029802322,150.00000596046448,150.00000596046448,63,150.0000029802322,150.0000029802322,150.00000596046448,150.00000596046448
Clamp_Down,2626,0.01312998030334711,0.01312998030334711,0.0,150.0000029802322,150.0000029802322,150.0000029802322,150.00000596046448,150.00000596046448,150.00000596046448,0,,,,,0.0,21,150.0000029802322,150.0000029802322,150.00000596046448,150.00000596046448,42,150.0000029802322,150.0000029802322,150.00000596046448,150.00000596046448,63,150.0000029802322,150.0000029802322,150.00000596046448,150.00000596046448
Clamp_Down,2751,0.013754979707300663,0.013754979707300663,0.0,150.0000029802322,150.0000029802322,150.0000029802322,150.00000596046448,150.00000596046448,150.00000596046448,0,,,,,0.0,21,150.0000029802322,150.0000029802322,150.00000596046448,150.00000596046448,42,150.0000029802322,150.0000029802322,150.00000596046448,150.00000596046448,63,150.0000029802322,150.0000029802322,150.00000596046448,150.00000596046448
Clamp_Down,2876,0.014379979111254215,0.014379979111254215,0.0,150.0000029802322,150.0000029802322,150.0000029802322,150.00000596046448,150.00000596046448,150.00000596046448,0,,,,,0.0,21,150.0000029802322,150.0000029802322,150.00000596046448,150.00000596046448,42,150.0000029802322,150.0000029802322,150.00000596046448,150.00000596046448,63,150.0000029802322,150.0000029802322,150.00000596046448,150.00000596046448
Clamp_Down,3001,0.015004978515207767,0.015004978515207767,0.0,150.0000029802322,150.0000029802322,150.0000029802322,150.00000596046448,150.00000596046448,150.00000596046448,0,,,,,0.0,21,150.0000029802322,150.0000029802322,150.00000596046448,150.00000596046448,42,150.0000029802322,150.0000029802322,150.00000596046448,150.00000596046448,63,150.0000029802322,150.0000029802322,150.00000596046448,150.00000596046448
Clamp_Down,3126,0.015629976987838745,0.015629976987838745,0.0,150.0000029802322,150.0000029802322,150.0000029802322,150.00000596046448,150.00000596046448,150.00000596046448,0,,,,,0.0,21,150.0000029802322,150.0000029802322,150.00000596046448,150.00000596046448,42,150.0000029802322,150.0000029802322,150.00000596046448,150.00000596046448,63,150.0000029802322,150.0000029802322,150.00000596046448,150.00000596046448
Clamp_Down,3251,0.016254978254437447,0.016254978254437447,0.0,150.0000029802322,150.0000029802322,150.0000029802322,150.00000596046448,150.00000596046448,150.00000596046448,0,,,,,0.0,21,150.0000029802322,150.0000029802322,150.00000596046448,150.00000596046448,42,150.0000029802322,150.0000029802322,150.00000596046448,150.00000596046448,63,150.0000029802322,150.0000029802322,150.00000596046448,150.00000596046448
Clamp_Down,3376,0.016879977658391,0.016879977658391,0.0,150.0000029802322,150.0000029802322,150.0000029802322,150.00000596046448,150.00000596046448,150.00000596046448,0,,,,,0.0,21,150.0000029802322,150.0000029802322,150.00000596046448,150.00000596046448,42,150.0000029802322,150.0000029802322,150.00000596046448,150.00000596046448,63,150.0000029802322,150.0000029802322,150.00000596046448,150.00000596046448
Clamp_Down,3501,0.01750497706234455,0.01750497706234455,0.0,150.0000029802322,150.0000029802322,150.0000029802322,150.00000596046448,150.00000596046448,150.00000596046448,0,,,,,0.0,21,150.0000029802322,150.0000029802322,150.00000596046448,150.00000596046448,42,150.0000029802322,150.0000029802322,150.00000596046448,150.00000596046448,63,150.0000029802322,150.0000029802322,150.00000596046448,150.00000596046448
Clamp_Down,3626,0.018129976466298103,0.018129976466298103,0.0,150.0000029802322,150.0000029802322,150.0000029802322,150.00000596046448,150.00000596046448,150.00000596046448,0,,,,,0.0,21,150.0000029802322,150.0000029802322,150.00000596046448,150.00000596046448,42,150.0000029802322,150.0000029802322,150.00000596046448,150.00000596046448,63,150.0000029802322,150.0000029802322,150.00000596046448,150.00000596046448
Clamp_Down,3751,0.018754975870251656,0.018754975870251656,0.0,150.0000029802322,150.0000029802322,150.0000029802322,150.00000596046448,150.00000596046448,150.00000596046448,0,,,,,0.0,21,150.0000029802322,150.0000029802322,150.00000596046448,150.00000596046448,42,150.0000029802322,150.0000029802322,150.00000596046448,150.00000596046448,63,150.0000029802322,150.0000029802322,150.00000596046448,150.00000596046448
Clamp_Down,3876,0.019379975274205208,0.019379975274205208,0.0,150.0000029802322,150.0000029802322,150.0000029802322,150.00000596046448,150.00000596046448,150.00000596046448,0,,,,,0.0,21,150.0000029802322,150.0000029802322,150.00000596046448,150.00000596046448,42,150.0000029802322,150.0000029802322,150.00000596046448,150.00000596046448,63,150.0000029802322,150.0000029802322,150.00000596046448,150.00000596046448
Clamp_Down,4001,0.02000497467815876,0.02000497467815876,0.0,150.0000029802322,150.0000029802322,150.0000029802322,150.00000596046448,150.00000596046448,150.00000596046448,0,,,,,0.0,21,150.0000029802322,150.0000029802322,150.00000596046448,150.00000596046448,42,150.0000029802322,150.0000029802322,150.00000596046448,150.00000596046448,63,150.0000029802322,150.0000029802322,150.00000596046448,150.00000596046448
Clamp_Down,4126,0.020629974082112312,0.020629974082112312,0.0,150.0000029802322,150.0000029802322,150.0000029802322,150.00000596046448,150.00000596046448,150.00000596046448,0,,,,,0.0,21,150.0000029802322,150.0000029802322,150.00000596046448,150.00000596046448,42,150.0000029802322,150.0000029802322,150.00000596046448,150.00000596046448,63,150.0000029802322,150.0000029802322,150.00000596046448,150.00000596046448
Clamp_Down,4251,0.021254973486065865,0.021254973486065865,0.0,150.0000029802322,150.0000029802322,150.0000029802322,150.00000596046448,150.00000596046448,150.00000596046448,0,,,,,0.0,21,150.0000029802322,150.0000029802322,150.00000596046448,150.00000596046448,42,150.0000029802322,150.0000029802322,150.00000596046448,150.00000596046448,63,150.0000029802322,150.0000029802322,150.00000596046448,150.00000596046448
Clamp_Down,4376,0.021879972890019417,0.021879972890019417,0.0,150.0000029802322,150.0000029802322,150.0000029802322,150.00000596046448,150.00000596046448,150.00000596046448,0,,,,,0.0,21,150.0000029802322,150.0000029802322,150.00000596046448,150.00000596046448,42,150.0000029802322,150.0000029802322,150.00000596046448,150.00000596046448,63,150.0000029802322,150.0000029802322,150.00000596046448,150.00000596046448
Clamp_Down,4501,0.02250497229397297,0.02250497229397297,0.0,150.0000029802322,150.0000029802322,150.0000029802322,150.00000596046448,150.00000596046448,150.00000596046448,0,,,,,0.0,21,150.0000029802322,150.0000029802322,150.00000596046448,150.00000596046448,42,150.0000029802322,150.0000029802322,150.00000596046448,150.00000596046448,63,150.0000029802322,150.0000029802322,150.00000596046448,150.00000596046448
Clamp_Down,4626,0.02312997169792652,0.02312997169792652,0.0,150.0000029802322,150.0000029802322,150.0000029802322,150.00000596046448,150.00000596046448,150.00000596046448,0,,,,,0.0,21,150.0000029802322,150.0000029802322,150.00000596046448,150.00000596046448,42,150.0000029802322,150.0000029802322,150.00000596046448,150.00000596046448,63,150.0000029802322,150.0000029802322,150.00000596046448,150.00000596046448
Clamp_Down,4751,0.023754971101880074,0.023754971101880074,0.0,150.0000029802322,150.0000029802322,150.0000029802322,150.00000596046448,150.00000596046448,150.00000596046448,0,,,,,0.0,21,150.0000029802322,150.0000029802322,150.00000596046448,150.00000596046448,42,150.0000029802322,150.0000029802322,150.00000596046448,150.00000596046448,63,150.0000029802322,150.0000029802322,150.00000596046448,150.00000596046448
Clamp_Down,4876,0.024379968643188477,0.024379968643188477,0.0,150.0000029802322,150.0000029802322,150.0000029802322,150.00000596046448,150.00000596046448,150.00000596046448,0,,,,,0.0,21,150.0000029802322,150.0000029802322,150.00000596046448,150.00000596046448,42,150.0000029802322,150.0000029802322,150.00000596046448,150.00000596046448,63,150.0000029802322,150.0000029802322,150.00000596046448,150.00000596046448
Clamp_Down,5001,0.02500496804714203,0.02500496804714203,0.0,150.0000029802322,150.0000029802322,150.0000029802322,150.00000596046448,150.00000596046448,150.00000596046448,0,,,,,0.0,21,150.0000029802322,150.0000029802322,150.00000596046448,150.00000596046448,42,150.0000029802322,150.0000029802322,150.00000596046448,150.00000596046448,63,150.0000029802322,150.0000029802322,150.00000596046448,150.00000596046448
Clamp_Down,5126,0.02562996745109558,0.02562996745109558,0.0,150.0000029802322,150.0000029802322,150.0000029802322,150.00000596046448,150.00000596046448,150.00000596046448,0,,,,,0.0,21,150.0000029802322,150.0000029802322,150.00000596046448,150.00000596046448,42,150.0000029802322,150.0000029802322,150.00000596046448,150.00000596046448,63,150.0000029802322,150.0000029802322,150.00000596046448,150.00000596046448
Clamp_Down,5251,0.026254966855049133,0.026254966855049133,0.0,150.0000029802322,150.0000029802322,150.0000029802322,150.00000596046448,150.00000596046448,150.00000596046448,0,,,,,0.0,21,150.0000029802322,150.0000029802322,150.00000596046448,150.00000596046448,42,150.0000029802322,150.0000029802322,150.00000596046448,150.00000596046448,63,150.0000029802322,150.0000029802322,150.00000596046448,150.00000596046448
Clamp_Down,5376,0.026879964396357536,0.026879964396357536,0.0,150.0000029802322,150.0000029802322,150.0000029802322,150.00000596046448,150.00000596046448,150.00000596046448,0,,,,,0.0,21,150.0000029802322,150.0000029802322,150.00000596046448,150.00000596046448,42,150.0000029802322,150.0000029802322,150.00000596046448,150.00000596046448,63,150.0000029802322,150.0000029802322,150.00000596046448,150.00000596046448
Clamp_Down,5501,0.02750496380031109,0.02750496380031109,0.0,150.0000029802322,150.0000029802322,150.0000029802322,150.00000596046448,150.00000596046448,150.00000596046448,0,,,,,0.0,21,150.0000029802322,150.0000029802322,150.00000596046448,150.00000596046448,42,150.0000029802322,150.0000029802322,150.00000596046448,150.00000596046448,63,150.0000029802322,150.0000029802322,150.00000596046448,150.00000596046448
Clamp_Down,5626,0.02812996320426464,0.02812996320426464,0.0,150.0000029802322,150.0000029802322,150.0000029802322,150.00000596046448,150.00000596046448,150.00000596046448,0,,,,,0.0,21,150.0000029802322,150.0000029802322,150.00000596046448,150.00000596046448,42,150.0000029802322,150.0000029802322,150.00000596046448,150.00000596046448,63,150.0000029802322,150.0000029802322,150.00000596046448,150.00000596046448
Clamp_Down,5751,0.028754960745573044,0.028754960745573044,0.0,150.0000029802322,150.0000029802322,150.0000029802322,150.00000596046448,150.00000596046448,150.00000596046448,0,,,,,0.0,21,150.0000029802322,150.0000029802322,150.00000596046448,150.00000596046448,42,150.0000029802322,150.0000029802322,150.00000596046448,150.00000596046448,63,150.0000029802322,150.0000029802322,150.00000596046448,150.00000596046448
Clamp_Down,5876,0.029379960149526596,0.029379960149526596,0.0,150.0000029802322,150.0000029802322,150.0000029802322,150.00000596046448,150.00000596046448,150.00000596046448,0,,,,,0.0,21,150.0000029802322,150.0000029802322,150.00000596046448,150.00000596046448,42,150.0000029802322,150.0000029802322,150.00000596046448,150.00000596046448,63,150.0000029802322,150.0000029802322,150.00000596046448,150.00000596046448
Clamp_Down,6001,0.03000495955348015,0.03000495955348015,0.0,150.0000029802322,150.0000029802322,150.0000029802322,150.00000596046448,150.00000596046448,150.00000596046448,0,,,,,0.0,21,150.0000029802322,150.0000029802322,150.00000596046448,150.00000596046448,42,150.0000029802322,150.0000029802322,150.00000596046448,150.00000596046448,63,150.0000029802322,150.0000029802322,150.00000596046448,150.00000596046448
Clamp_Down,6126,0.0306299589574337,0.0306299589574337,0.0,150.0000029802322,150.0000029802322,150.0000029802322,150.00000596046448,150.00000596046448,150.00000596046448,0,,,,,0.0,21,150.0000029802322,150.0000029802322,150.00000596046448,150.00000596046448,42,150.0000029802322,150.0000029802322,150.00000596046448,150.00000596046448,63,150.0000029802322,150.0000029802322,150.00000596046448,150.00000596046448
Clamp_Down,6251,0.03125495836138725,0.03125495836138725,0.0,150.0000029802322,150.0000029802322,150.0000029802322,150.00000596046448,150.00000596046448,150.00000596046448,0,,,,,0.0,21,150.0000029802322,150.0000029802322,150.00000596046448,150.00000596046448,42,150.0000029802322,150.0000029802322,150.00000596046448,150.00000596046448,63,150.0000029802322,150.0000029802322,150.00000596046448,150.00000596046448
Clamp_Down,6376,0.031879957765340805,0.031879957765340805,0.0,150.0000029802322,150.0000029802322,150.0000029802322,150.00000596046448,150.00000596046448,150.00000596046448,0,,,,,0.0,21,150.0000029802322,150.0000029802322,150.00000596046448,150.00000596046448,42,150.0000029802322,150.0000029802322,150.00000596046448,150.00000596046448,63,150.0000029802322,150.0000029802322,150.00000596046448,150.00000596046448
Clamp_Down,6501,0.03250495344400406,0.03250495344400406,0.0,150.0000029802322,150.0000029802322,150.0000029802322,150.00000596046448,150.00000596046448,150.00000596046448,0,,,,,0.0,21,150.0000029802322,150.0000029802322,150.00000596046448,150.00000596046448,42,150.0000029802322,150.0000029802322,150.00000596046448,150.00000596046448,63,150.0000029802322,150.0000029802322,150.00000596046448,150.00000596046448
Clamp_Down,6626,0.03312995284795761,0.03312995284795761,0.0,150.0000029802322,150.0000029802322,150.0000029802322,150.00000596046448,150.00000596046448,150.00000596046448,0,,,,,0.0,21,150.0000029802322,150.0000029802322,150.00000596046448,150.00000596046448,42,150.0000029802322,150.0000029802322,150.00000596046448,150.00000596046448,63,150.0000029802322,150.0000029802322,150.00000596046448,150.00000596046448
Clamp_Down,6751,0.03375495225191116,0.03375495225191116,0.0,150.0000029802322,150.0000029802322,150.0000029802322,150.00000596046448,150.00000596046448,150.00000596046448,0,,,,,0.0,21,150.0000029802322,150.0000029802322,150.00000596046448,150.00000596046448,42,150.0000029802322,150.0000029802322,150.00000596046448,150.00000596046448,63,150.0000029802322,150.0000029802322,150.00000596046448,150.00000596046448
Clamp_Down,6876,0.034379951655864716,0.034379951655864716,0.0,150.0000029802322,150.0000029802322,150.0000029802322,150.00000596046448,150.00000596046448,150.00000596046448,0,,,,,0.0,21,150.0000029802322,150.0000029802322,150.00000596046448,150.00000596046448,42,150.0000029802322,150.0000029802322,150.00000596046448,150.00000596046448,63,150.0000029802322,150.0000029802322,150.00000596046448,150.00000596046448
Clamp_Down,7001,0.03500495105981827,0.03500495105981827,0.0,150.0000029802322,150.0000029802322,150.0000029802322,150.00000596046448,150.00000596046448,150.00000596046448,0,,,,,0.0,21,150.0000029802322,150.0000029802322,150.00000596046448,150.00000596046448,42,150.0000029802322,150.0000029802322,150.00000596046448,150.00000596046448,63,150.0000029802322,150.0000029802322,150.00000596046448,150.00000596046448
Clamp_Down,7126,0.03562995046377182,0.03562995046377182,0.0,150.0000029802322,150.0000029802322,150.0000029802322,150.00000596046448,150.00000596046448,150.00000596046448,0,,,,,0.0,21,150.0000029802322,150.0000029802322,150.00000596046448,150.00000596046448,42,150.0000029802322,150.0000029802322,150.00000596046448,150.00000596046448,63,150.0000029802322,150.0000029802322,150.00000596046448,150.00000596046448
Clamp_Down,7251,0.03625494986772537,0.03625494986772537,0.0,150.0000029802322,150.0000029802322,150.0000029802322,150.00000596046448,150.00000596046448,150.00000596046448,0,,,,,0.0,21,150.0000029802322,150.0000029802322,150.00000596046448,150.00000596046448,42,150.0000029802322,150.0000029802322,150.00000596046448,150.00000596046448,63,150.0000029802322,150.0000029802322,150.00000596046448,150.00000596046448
Clamp_Down,7376,0.036879949271678925,0.036879949271678925,0.0,150.0000029802322,150.0000029802322,150.0000029802322,150.00000596046448,150.00000596046448,150.00000596046448,0,,,,,0.0,21,150.0000029802322,150.0000029802322,150.00000596046448,150.00000596046448,42,150.0000029802322,150.0000029802322,150.00000596046448,150.00000596046448,63,150.0000029802322,150.0000029802322,150.00000596046448,150.00000596046448
Clamp_Down,7501,0.037504952400922775,0.037504952400922775,0.0,150.0000029802322,150.0000029802322,150.0000029802322,150.00000596046448,150.00000596046448,150.00000596046448,0,,,,,0.0,21,150.0000029802322,150.0000029802322,150.00000596046448,150.00000596046448,42,150.0000029802322,150.0000029802322,150.00000596046448,150.00000596046448,63,150.0000029802322,150.0000029802322,150.00000596046448,150.00000596046448
Clamp_Down,7626,0.03812995180487633,0.03812995180487633,0.0,150.0000029802322,150.0000029802322,150.0000029802322,150.00000596046448,150.00000596046448,150.00000596046448,0,,,,,0.0,21,150.0000029802322,150.0000029802322,150.00000596046448,150.00000596046448,42,150.0000029802322,150.0000029802322,150.00000596046448,150.00000596046448,63,150.0000029802322,150.0000029802322,150.00000596046448,150.00000596046448
Clamp_Down,7751,0.03875495120882988,0.03875495120882988,0.0,150.0000029802322,150.0000029802322,150.0000029802322,150.00000596046448,150.00000596046448,150.00000596046448,0,,,,,0.0,21,150.0000029802322,150.0000029802322,150.00000596046448,150.00000596046448,42,150.0000029802322,150.0000029802322,150.00000596046448,150.00000596046448,63,150.0000029802322,150.0000029802322,150.00000596046448,150.00000596046448
Clamp_Down,7876,0.03937995061278343,0.03937995061278343,0.0,150.0000029802322,150.0000029802322,150.0000029802322,150.00000596046448,150.00000596046448,150.00000596046448,0,,,,,0.0,21,150.0000029802322,150.0000029802322,150.00000596046448,150.00000596046448,42,150.0000029802322,150.0000029802322,150.00000596046448,150.00000596046448,63,150.0000029802322,150.0000029802322,150.00000596046448,150.00000596046448
Clamp_Down,8001,0.040004950016736984,0.040004950016736984,0.0,150.0000029802322,150.0000029802322,150.0000029802322,150.00000596046448,150.00000596046448,150.00000596046448,0,,,,,0.0,21,150.0000029802322,150.0000029802322,150.00000596046448,150.00000596046448,42,150.0000029802322,150.0000029802322,150.00000596046448,150.00000596046448,63,150.0000029802322,150.0000029802322,150.00000596046448,150.00000596046448
Clamp_Down,8126,0.040629949420690536,0.040629949420690536,0.0,150.0000029802322,150.0000029802322,150.0000029802322,150.00000596046448,150.00000596046448,150.00000596046448,0,,,,,0.0,21,150.0000029802322,150.0000029802322,150.00000596046448,150.00000596046448,42,150.0000029802322,150.0000029802322,150.00000596046448,150.00000596046448,63,150.0000029802322,150.0000029802322,150.00000596046448,150.00000596046448
Clamp_Down,8251,0.04125494882464409,0.04125494882464409,0.0,150.0000029802322,150.0000029802322,150.0000029802322,150.00000596046448,150.00000596046448,150.00000596046448,0,,,,,0.0,21,150.0000029802322,150.0000029802322,150.00000596046448,150.00000596046448,42,150.0000029802322,150.0000029802322,150.00000596046448,150.00000596046448,63,150.0000029802322,150.0000029802322,150.00000596046448,150.00000596046448
Clamp_Down,8376,0.04187994822859764,0.04187994822859764,0.0,150.0000029802322,150.0000029802322,150.0000029802322,150.00000596046448,150.00000596046448,150.00000596046448,0,,,,,0.0,21,150.0000029802322,150.0000029802322,150.00000596046448,150.00000596046448,42,150.0000029802322,150.0000029802322,150.00000596046448,150.00000596046448,63,150.0000029802322,150.0000029802322,150.00000596046448,150.00000596046448
Clamp_Down,8501,0.04250494763255119,0.04250494763255119,0.0,150.0000029802322,150.0000029802322,150.0000029802322,150.00000596046448,150.00000596046448,150.00000596046448,0,,,,,0.0,21,150.0000029802322,150.0000029802322,150.00000596046448,150.00000596046448,42,150.0000029802322,150.0000029802322,150.00000596046448,150.00000596046448,63,150.0000029802322,150.0000029802322,150.00000596046448,150.00000596046448
Clamp_Down,8626,0.04312994331121445,0.04312994331121445,0.0,150.0000029802322,150.0000029802322,150.0000029802322,150.00000596046448,150.00000596046448,150.00000596046448,0,,,,,0.0,21,150.0000029802322,150.0000029802322,150.00000596046448,150.00000596046448,42,150.0000029802322,150.0000029802322,150.00000596046448,150.00000596046448,63,150.0000029802322,150.0000029802322,150.00000596046448,150.00000596046448
Clamp_Down,8751,0.043754942715168,0.043754942715168,0.0,150.0000029802322,150.0000029802322,150.0000029802322,150.00000596046448,150.00000596046448,150.00000596046448,0,,,,,0.0,21,150.0000029802322,150.0000029802322,150.00000596046448,150.00000596046448,42,150.0000029802322,150.0000029802322,150.00000596046448,150.00000596046448,63,150.0000029802322,150.0000029802322,150.00000596046448,150.00000596046448
Clamp_Down,8876,0.04437994211912155,0.04437994211912155,0.0,150.0000029802322,150.0000029802322,150.0000029802322,150.00000596046448,150.00000596046448,150.00000596046448,0,,,,,0.0,21,150.0000029802322,150.0000029802322,150.00000596046448,150.00000596046448,42,150.0000029802322,150.0000029802322,150.00000596046448,150.00000596046448,63,150.0000029802322,150.0000029802322,150.00000596046448,150.00000596046448
Clamp_Down,9001,0.045004941523075104,0.045004941523075104,0.0,150.0000029802322,150.0000029802322,150.0000029802322,150.00000596046448,150.00000596046448,150.00000596046448,0,,,,,0.0,21,150.0000029802322,150.0000029802322,150.00000596046448,150.00000596046448,42,150.0000029802322,150.0000029802322,150.00000596046448,150.00000596046448,63,150.0000029802322,150.0000029802322,150.00000596046448,150.00000596046448
Clamp_Down,9126,0.045629940927028656,0.045629940927028656,0.0,150.0000029802322,150.0000029802322,150.0000029802322,150.00000596046448,150.00000596046448,150.00000596046448,0,,,,,0.0,21,150.0000029802322,150.0000029802322,150.00000596046448,150.00000596046448,42,150.0000029802322,150.0000029802322,150.00000596046448,150.00000596046448,63,150.0000029802322,150.0000029802322,150.00000596046448,150.00000596046448
Clamp_Down,9251,0.04625494033098221,0.04625494033098221,0.0,150.0000029802322,150.0000029802322,150.0000029802322,150.00000596046448,150.00000596046448,150.00000596046448,0,,,,,0.0,21,150.0000029802322,150.0000029802322,150.00000596046448,150.00000596046448,42,150.0000029802322,150.0000029802322,150.00000596046448,150.00000596046448,63,150.0000029802322,150.0000029802322,150.00000596046448,150.00000596046448
Clamp_Down,9376,0.04687993973493576,0.04687993973493576,0.0,150.0000029802322,150.0000029802322,150.0000029802322,150.00000596046448,150.00000596046448,150.00000596046448,0,,,,,0.0,21,150.0000029802322,150.0000029802322,150.00000596046448,150.00000596046448,42,150.0000029802322,150.0000029802322,150.00000596046448,150.00000596046448,63,150.0000029802322,150.0000029802322,150.00000596046448,150.00000596046448
Clamp_Down,9501,0.047504935413599014,0.047504935413599014,0.0,150.0000029802322,150.0000029802322,150.0000029802322,150.00000596046448,150.00000596046448,150.00000596046448,0,,,,,0.0,21,150.0000029802322,150.0000029802322,150.00000596046448,150.00000596046448,42,150.0000029802322,150.0000029802322,150.00000596046448,150.00000596046448,63,150.0000029802322,150.0000029802322,150.00000596046448,150.00000596046448
Clamp_Down,9626,0.048129934817552567,0.048129934817552567,0.0,150.0000029802322,150.0000029802322,150.0000029802322,150.00000596046448,150.00000596046448,150.00000596046448,0,,,,,0.0,21,150.0000029802322,150.0000029802322,150.00000596046448,150.00000596046448,42,150.0000029802322,150.0000029802322,150.00000596046448,150.00000596046448,63,150.0000029802322,150.0000029802322,150.00000596046448,150.00000596046448
Clamp_Down,9751,0.04875493422150612,0.04875493422150612,0.0,150.0000029802322,150.0000029802322,150.0000029802322,150.00000596046448,150.00000596046448,150.00000596046448,0,,,,,0.0,21,150.0000029802322,150.0000029802322,150.00000596046448,150.00000596046448,42,150.0000029802322,150.0000029802322,150.00000596046448,150.00000596046448,63,150.0000029802322,150.0000029802322,150.00000596046448,150.00000596046448
Clamp_Down,9876,0.04937993362545967,0.04937993362545967,0.0,150.0000029802322,150.0000029802322,150.0000029802322,150.00000596046448,150.00000596046448,150.00000596046448,0,,,,,0.0,21,150.0000029802322,150.0000029802322,150.00000596046448,150.00000596046448,42,150.0000029802322,150.0000029802322,150.00000596046448,150.00000596046448,63,150.0000029802322,150.0000029802322,150.00000596046448,150.00000596046448
Clamp_Down,10001,0.05000000074505806,0.05000000074505806,0.0,150.0000029802322,150.0000029802322,150.0000029802322,150.00000596046448,150.00000596046448,150.00000596046448,0,,,,,0.0,21,150.0000029802322,150.0000029802322,150.00000596046448,150.00000596046448,42,150.0000029802322,150.0000029802322,150.00000596046448,150.00000596046448,63,150.0000029802322,150.0000029802322,150.00000596046448,150.00000596046448
Hold_Clamp,0,0.0,0.05000000074505806,0.0,150.0000029802322,150.0000029802322,150.0000029802322,150.00000596046448,150.00000596046448,150.00000596046448,0,,,,,0.0,21,150.0000029802322,150.0000029802322,150.00000596046448,150.00000596046448,42,150.0000029802322,150.0000029802322,150.00000596046448,150.00000596046448,63,150.0000029802322,150.0000029802322,150.00000596046448,150.00000596046448
Hold_Clamp,126,0.0006299999076873064,0.050630000652745366,0.0,150.0000029802322,150.0000029802322,150.0000029802322,150.00000596046448,150.00000596046448,150.00000596046448,0,,,,,0.0,21,150.0000029802322,150.0000029802322,150.00000596046448,150.00000596046448,42,150.0000029802322,150.0000029802322,150.00000596046448,150.00000596046448,63,150.0000029802322,150.0000029802322,150.00000596046448,150.00000596046448
Hold_Clamp,251,0.0012549996608868241,0.051255000405944884,0.0,150.0000029802322,150.0000029802322,150.0000029802322,150.00000596046448,150.00000596046448,150.00000596046448,0,,,,,0.0,21,150.0000029802322,150.0000029802322,150.00000596046448,150.00000596046448,42,150.0000029802322,150.0000029802322,150.00000596046448,150.00000596046448,63,150.0000029802322,150.0000029802322,150.00000596046448,150.00000596046448
Hold_Clamp,376,0.0018799994140863419,0.0518800001591444,0.0,150.0000029802322,150.0000029802322,150.0000029802322,150.00000596046448,150.00000596046448,150.00000596046448,0,,,,,0.0,21,150.0000029802322,150.0000029802322,150.00000596046448,150.00000596046448,42,150.0000029802322,150.0000029802322,150.00000596046448,150.00000596046448,63,150.0000029802322,150.0000029802322,150.00000596046448,150.00000596046448
Hold_Clamp,501,0.0025049992837011814,0.05250500002875924,0.0,150.0000029802322,150.0000029802322,150.0000029802322,150.00000596046448,150.00000596046448,150.00000596046448,0,,,,,0.0,21,150.0000029802322,150.0000029802322,150.00000596046448,150.00000596046448,42,150.0000029802322,150.0000029802322,150.00000596046448,150.00000596046448,63,150.0000029802322,150.0000029802322,150.00000596046448,150.00000596046448
Hold_Clamp,626,0.0031299989204853773,0.05312999966554344,0.0,150.0000029802322,150.0000029802322,150.0000029802322,150.00000596046448,150.00000596046448,150.00000596046448,0,,,,,0.0,21,150.0000029802322,150.0000029802322,150.00000596046448,150.00000596046448,42,150.0000029802322,150.0000029802322,150.00000596046448,150.00000596046448,63,150.0000029802322,150.0000029802322,150.00000596046448,150.00000596046448
Hold_Clamp,751,0.003754998790100217,0.05375499953515828,0.0,150.0000029802322,150.0000029802322,150.0000029802322,150.00000596046448,150.00000596046448,150.00000596046448,0,,,,,0.0,21,150.0000029802322,150.0000029802322,150.00000596046448,150.00000596046448,42,150.0000029802322,150.0000029802322,150.00000596046448,150.00000596046448,63,150.0000029802322,150.0000029802322,150.00000596046448,150.00000596046448
Hold_Clamp,876,0.004379998426884413,0.05437999917194247,0.0,150.0000029802322,150.0000029802322,150.0000029802322,150.00000596046448,150.00000596046448,150.00000596046448,0,,,,,0.0,21,150.0000029802322,150.0000029802322,150.00000596046448,150.00000596046448,42,150.0000029802322,150.0000029802322,150.00000596046448,150.00000596046448,63,150.0000029802322,150.0000029802322,150.00000596046448,150.00000596046448
Hold_Clamp,1001,0.005004998296499252,0.05500499904155731,0.0,150.0000029802322,150.0000029802322,150.0000029802322,150.00000596046448,150.00000596046448,150.00000596046448,0,,,,,0.0,21,150.0000029802322,150.0000029802322,150.00000596046448,150.00000596046448,42,150.0000029802322,150.0000029802322,150.00000596046448,150.00000596046448,63,150.0000029802322,150.0000029802322,150.00000596046448,150.00000596046448
Hold_Clamp,1126,0.005629998166114092,0.05562999891117215,0.0,150.0000029802322,150.0000029802322,150.0000029802322,150.00000596046448,150.00000596046448,150.00000596046448,0,,,,,0.0,21,150.0000029802322,150.0000029802322,150.00000596046448,150.00000596046448,42,150.0000029802322,150.0000029802322,150.00000596046448,150.00000596046448,63,150.0000029802322,150.0000029802322,150.00000596046448,150.00000596046448
Hold_Clamp,1251,0.006254998501390219,0.05625499924644828,0.0,150.0000029802322,150.0000029802322,150.0000029802322,150.00000596046448,150.00000596046448,150.00000596046448,0,,,,,0.0,21,150.0000029802322,150.0000029802322,150.00000596046448,150.00000596046448,42,150.0000029802322,150.0000029802322,150.00000596046448,150.00000596046448,63,150.0000029802322,150.0000029802322,150.00000596046448,150.00000596046448
Hold_Clamp,1376,0.006879998371005058,0.05687999911606312,0.0,150.0000029802322,150.0000029802322,150.0000029802322,150.00000596046448,150.00000596046448,150.00000596046448,0,,,,,0.0,21,150.0000029802322,150.0000029802322,150.00000596046448,150.00000596046448,42,150.0000029802322,150.0000029802322,150.00000596046448,150.00000596046448,63,150.0000029802322,150.0000029802322,150.00000596046448,150.00000596046448
Hold_Clamp,1501,0.007504998240619898,0.05750499898567796,0.0,150.0000029802322,150.0000029802322,150.0000029802322,150.00000596046448,150.00000596046448,150.00000596046448,0,,,,,0.0,21,150.0000029802322,150.0000029802322,150.00000596046448,150.00000596046448,42,150.0000029802322,150.0000029802322,150.00000596046448,150.00000596046448,63,150.0000029802322,150.0000029802322,150.00000596046448,150.00000596046448
Hold_Clamp,1626,0.008129998110234737,0.0581299988552928,0.0,150.0000029802322,150.0000029802322,150.0000029802322,150.00000596046448,150.00000596046448,150.00000596046448,0,,,,,0.0,21,150.0000029802322,150.0000029802322,150.00000596046448,150.00000596046448,42,150.0000029802322,150.0000029802322,150.00000596046448,150.00000596046448,63,150.0000029802322,150.0000029802322,150.00000596046448,150.00000596046448
Hold_Clamp,1751,0.008754998445510864,0.058754999190568924,0.0,150.0000029802322,150.0000029802322,150.0000029802322,150.00000596046448,150.00000596046448,150.00000596046448,0,,,,,0.0,21,150.0000029802322,150.0000029802322,150.00000596046448,150.00000596046448,42,150.0000029802322,150.0000029802322,150.00000596046448,150.00000596046448,63,150.0000029802322,150.0000029802322,150.00000596046448,150.00000596046448
Hold_Clamp,1876,0.009379997849464417,0.059379998594522476,0.0,150.0000029802322,150.0000029802322,150.0000029802322,150.00000596046448,150.00000596046448,150.00000596046448,0,,,,,0.0,21,150.0000029802322,150.0000029802322,150.00000596046448,150.00000596046448,42,150.0000029802322,150.0000029802322,150.00000596046448,150.00000596046448,63,150.0000029802322,150.0000029802322,150.00000596046448,150.00000596046448
Hold_Clamp,2001,0.010004997253417969,0.06000499799847603,0.0,150.0000029802322,150.0000029802322,150.0000029802322,150.00000596046448,150.00000596046448,150.00000596046448,0,,,,,0.0,21,150.0000029802322,150.0000029802322,150.00000596046448,150.00000596046448,42,150.0000029802322,150.0000029802322,150.00000596046448,150.00000596046448,63,150.0000029802322,150.0000029802322,150.00000596046448,150.00000596046448
Hold_Clamp,2126,0.010629997588694096,0.060629998333752155,0.0,150.0000029802322,150.0000029802322,150.0000029802322,150.00000596046448,150.00000596046448,150.00000596046448,0,,,,,0.0,21,150.0000029802322,150.0000029802322,150.00000596046448,150.00000596046448,42,150.0000029802322,150.0000029802322,150.00000596046448,150.00000596046448,63,150.0000029802322,150.0000029802322,150.00000596046448,150.00000596046448
Hold_Clamp,2251,0.011254996992647648,0.06125499773770571,0.0,150.0000029802322,150.0000029802322,150.0000029802322,150.00000596046448,150.00000596046448,150.00000596046448,0,,,,,0.0,21,150.0000029802322,150.0000029802322,150.00000596046448,150.00000596046448,42,150.0000029802322,150.0000029802322,150.00000596046448,150.00000596046448,63,150.0000029802322,150.0000029802322,150.00000596046448,150.00000596046448
Hold_Clamp,2376,0.0118799963966012,0.06187999714165926,0.0,150.0000029802322,150.0000029802322,150.0000029802322,150.00000596046448,150.00000596046448,150.00000596046448,0,,,,,0.0,21,150.0000029802322,150.0000029802322,150.00000596046448,150.00000596046448,42,150.0000029802322,150.0000029802322,150.00000596046448,150.00000596046448,63,150.0000029802322,150.0000029802322,150.00000596046448,150.00000596046448
Hold_Clamp,2501,0.012504996731877327,0.06250499747693539,0.0,150.0000029802322,150.0000029802322,150.0000029802322,150.00000596046448,150.00000596046448,150.00000596046448,0,,,,,0.0,21,150.0000029802322,150.0000029802322,150.00000596046448,150.00000596046448,42,150.0000029802322,150.0000029802322,150.00000596046448,150.00000596046448,63,150.0000029802322,150.0000029802322,150.00000596046448,150.00000596046448
Hold_Clamp,2626,0.01312999613583088,0.06312999688088894,0.0,150.0000029802322,150.0000029802322,150.0000029802322,150.00000596046448,150.00000596046448,150.00000596046448,0,,,,,0.0,21,150.0000029802322,150.0000029802322,150.00000596046448,150.00000596046448,42,150.0000029802322,150.0000029802322,150.00000596046448,150.00000596046448,63,150.0000029802322,150.0000029802322,150.00000596046448,150.00000596046448
Hold_Clamp,2751,0.013754996471107006,0.06375499721616507,0.0,150.0000029802322,150.0000029802322,150.0000029802322,150.00000596046448,150.00000596046448,150.00000596046448,0,,,,,0.0,21,150.0000029802322,150.0000029802322,150.00000596046448,150.00000596046448,42,150.0000029802322,150.0000029802322,150.00000596046448,150.00000596046448,63,150.0000029802322,150.0000029802322,150.00000596046448,150.00000596046448
Hold_Clamp,2876,0.014379995875060558,0.06437999662011862,0.0,150.0000029802322,150.0000029802322,150.0000029802322,150.00000596046448,150.00000596046448,150.00000596046448,0,,,,,0.0,21,150.0000029802322,150.0000029802322,150.00000596046448,150.00000596046448,42,150.0000029802322,150.0000029802322,150.00000596046448,150.00000596046448,63,150.0000029802322,150.0000029802322,150.00000596046448,150.00000596046448
Hold_Clamp,3001,0.01500499527901411,0.06500499602407217,0.0,150.0000029802322,150.0000029802322,150.0000029802322,150.00000596046448,150.00000596046448,150.00000596046448,0,,,,,0.0,21,150.0000029802322,150.0000029802322,150.00000596046448,150.00000596046448,42,150.0000029802322,150.0000029802322,150.00000596046448,150.00000596046448,63,150.0000029802322,150.0000029802322,150.00000596046448,150.00000596046448
Hold_Clamp,3126,0.015629993751645088,0.06562999449670315,0.0,150.0000029802322,150.0000029802322,150.0000029802322,150.00000596046448,150.00000596046448,150.00000596046448,0,,,,,0.0,21,150.0000029802322,150.0000029802322,150.00000596046448,150.00000596046448,42,150.0000029802322,150.0000029802322,150.00000596046448,150.00000596046448,63,150.0000029802322,150.0000029802322,150.00000596046448,150.00000596046448
Hold_Clamp,3251,0.01625499315559864,0.0662549939006567,0.0,150.0000029802322,150.0000029802322,150.0000029802322,150.00000596046448,150.00000596046448,150.00000596046448,0,,,,,0.0,21,150.0000029802322,150.0000029802322,150.00000596046448,150.00000596046448,42,150.0000029802322,150.0000029802322,150.00000596046448,150.00000596046448,63,150.0000029802322,150.0000029802322,150.00000596046448,150.00000596046448
Hold_Clamp,3376,0.016879992559552193,0.06687999330461025,0.0,150.0000029802322,150.0000029802322,150.0000029802322,150.00000596046448,150.00000596046448,150.00000596046448,0,,,,,0.0,21,150.0000029802322,150.0000029802322,150.00000596046448,150.00000596046448,42,150.0000029802322,150.0000029802322,150.00000596046448,150.00000596046448,63,150.0000029802322,150.0000029802322,150.00000596046448,150.00000596046448
Hold_Clamp,3501,0.017504991963505745,0.0675049927085638,0.0,150.0000029802322,150.0000029802322,150.0000029802322,150.00000596046448,150.00000596046448,150.00000596046448,0,,,,,0.0,21,150.0000029802322,150.0000029802322,150.00000596046448,150.00000596046448,42,150.0000029802322,150.0000029802322,150.00000596046448,150.00000596046448,63,150.0000029802322,150.0000029802322,150.00000596046448,150.00000596046448
Hold_Clamp,3626,0.018129991367459297,0.06812999211251736,0.0,150.0000029802322,150.0000029802322,150.0000029802322,150.00000596046448,150.00000596046448,150.00000596046448,0,,,,,0.0,21,150.0000029802322,150.0000029802322,150.00000596046448,150.00000596046448,42,150.0000029802322,150.0000029802322,150.00000596046448,150.00000596046448,63,150.0000029802322,150.0000029802322,150.00000596046448,150.00000596046448
Hold_Clamp,3751,0.01875499077141285,0.06875499151647091,0.0,150.0000029802322,150.0000029802322,150.0000029802322,150.00000596046448,150.00000596046448,150.00000596046448,0,,,,,0.0,21,150.0000029802322,150.0000029802322,150.00000596046448,150.00000596046448,42,150.0000029802322,150.0000029802322,150.00000596046448,150.00000596046448,63,150.0000029802322,150.0000029802322,150.00000596046448,150.00000596046448
Hold_Clamp,3876,0.01937999203801155,0.06937999278306961,0.0,150.0000029802322,150.0000029802322,150.0000029802322,150.00000596046448,150.00000596046448,150.00000596046448,0,,,,,0.0,21,150.0000029802322,150.0000029802322,150.00000596046448,150.00000596046448,42,150.0000029802322,150.0000029802322,150.00000596046448,150.00000596046448,63,150.0000029802322,150.0000029802322,150.00000596046448,150.00000596046448
Hold_Clamp,4001,0.020004991441965103,0.07000499218702316,0.0,150.0000029802322,150.0000029802322,150.0000029802322,150.00000596046448,150.00000596046448,150.00000596046448,0,,,,,0.0,21,150.0000029802322,150.0000029802322,150.00000596046448,150.00000596046448,42,150.0000029802322,150.0000029802322,150.00000596046448,150.00000596046448,63,150.0000029802322,150.0000029802322,150.00000596046448,150.00000596046448
Hold_Clamp,4126,0.020629990845918655,0.07062999159097672,0.0,150.0000029802322,150.0000029802322,150.0000029802322,150.00000596046448,150.00000596046448,150.00000596046448,0,,,,,0.0,21,150.0000029802322,150.0000029802322,150.00000596046448,150.00000596046448,42,150.0000029802322,150.0000029802322,150.00000596046448,150.00000596046448,63,150.0000029802322,150.0000029802322,150.00000596046448,150.00000596046448
Hold_Clamp,4251,0.021254990249872208,0.07125499099493027,0.0,150.0000029802322,150.0000029802322,150.0000029802322,150.00000596046448,150.00000596046448,150.00000596046448,0,,,,,0.0,21,150.0000029802322,150.0000029802322,150.00000596046448,150.00000596046448,42,150.0000029802322,150.0000029802322,150.00000596046448,150.00000596046448,63,150.0000029802322,150.0000029802322,150.00000596046448,150.00000596046448
Hold_Clamp,4376,0.02187998965382576,0.07187999039888382,0.0,150.0000029802322,150.0000029802322,150.0000029802322,150.00000596046448,150.00000596046448,150.00000596046448,0,,,,,0.0,21,150.0000029802322,150.0000029802322,150.00000596046448,150.00000596046448,42,150.0000029802322,150.0000029802322,150.00000596046448,150.00000596046448,63,150.0000029802322,150.0000029802322,150.00000596046448,150.00000596046448
Hold_Clamp,4501,0.02250499092042446,0.07250499166548252,0.0,150.0000029802322,150.0000029802322,150.0000029802322,150.00000596046448,150.00000596046448,150.00000596046448,0,,,,,0.0,21,150.0000029802322,150.0000029802322,150.00000596046448,150.00000596046448,42,150.0000029802322,150.0000029802322,150.00000596046448,150.00000596046448,63,150.0000029802322,150.0000029802322,150.00000596046448,150.00000596046448
Hold_Clamp,4626,0.023129990324378014,0.07312999106943607,0.0,150.0000029802322,150.0000029802322,150.0000029802322,150.00000596046448,150.00000596046448,150.00000596046448,0,,,,,0.0,21,150.0000029802322,150.0000029802322,150.00000596046448,150.00000596046448,42,150.0000029802322,150.0000029802322,150.00000596046448,150.00000596046448,63,150.0000029802322,150.0000029802322,150.00000596046448,150.00000596046448
Hold_Clamp,4751,0.023754989728331566,0.07375499047338963,0.0,150.0000029802322,150.0000029802322,150.0000029802322,150.00000596046448,150.00000596046448,150.00000596046448,0,,,,,0.0,21,150.0000029802322,150.0000029802322,150.00000596046448,150.00000596046448,42,150.0000029802322,150.0000029802322,150.00000596046448,150.00000596046448,63,150.0000029802322,150.0000029802322,150.00000596046448,150.00000596046448
Hold_Clamp,4876,0.024379989132285118,0.07437998987734318,0.0,150.0000029802322,150.0000029802322,150.0000029802322,150.00000596046448,150.00000596046448,150.00000596046448,0,,,,,0.0,21,150.0000029802322,150.0000029802322,150.00000596046448,150.00000596046448,42,150.0000029802322,150.0000029802322,150.00000596046448,150.00000596046448,63,150.0000029802322,150.0000029802322,150.00000596046448,150.00000596046448
Hold_Clamp,5001,0.02500499039888382,0.07500499114394188,0.0,150.0000029802322,150.0000029802322,150.0000029802322,150.00000596046448,150.00000596046448,150.00000596046448,0,,,,,0.0,21,150.0000029802322,150.0000029802322,150.00000596046448,150.00000596046448,42,150.0000029802322,150.0000029802322,150.00000596046448,150.00000596046448,63,150.0000029802322,150.0000029802322,150.00000596046448,150.00000596046448
Hold_Clamp,5126,0.025629989802837372,0.07562999054789543,0.0,150.0000029802322,150.0000029802322,150.0000029802322,150.00000596046448,150.00000596046448,150.00000596046448,0,,,,,0.0,21,150.0000029802322,150.0000029802322,150.00000596046448,150.00000596046448,42,150.0000029802322,150.0000029802322,150.00000596046448,150.00000596046448,63,150.0000029802322,150.0000029802322,150.00000596046448,150.00000596046448
Hold_Clamp,5251,0.026254989206790924,0.07625498995184898,0.0,150.0000029802322,150.0000029802322,150.0000029802322,150.00000596046448,150.00000596046448,150.00000596046448,0,,,,,0.0,21,150.0000029802322,150.0000029802322,150.00000596046448,150.00000596046448,42,150.0000029802322,150.0000029802322,150.00000596046448,150.00000596046448,63,150.0000029802322,150.0000029802322,150.00000596046448,150.00000596046448
Hold_Clamp,5376,0.026879990473389626,0.07687999121844769,0.0,150.0000029802322,150.0000029802322,150.0000029802322,150.00000596046448,150.00000596046448,150.00000596046448,0,,,,,0.0,21,150.0000029802322,150.0000029802322,150.00000596046448,150.00000596046448,42,150.0000029802322,150.0000029802322,150.00000596046448,150.00000596046448,63,150.0000029802322,150.0000029802322,150.00000596046448,150.00000596046448
Hold_Clamp,5501,0.027504989877343178,0.07750499062240124,0.0,150.0000029802322,150.0000029802322,150.0000029802322,150.00000596046448,150.00000596046448,150.00000596046448,0,,,,,0.0,21,150.0000029802322,150.0000029802322,150.00000596046448,150.00000596046448,42,150.0000029802322,150.0000029802322,150.00000596046448,150.00000596046448,63,150.0000029802322,150.0000029802322,150.00000596046448,150.00000596046448
Hold_Clamp,5626,0.02812998928129673,0.07812999002635479,0.0,150.0000029802322,150.0000029802322,150.0000029802322,150.00000596046448,150.00000596046448,150.00000596046448,0,,,,,0.0,21,150.0000029802322,150.0000029802322,150.00000596046448,150.00000596046448,42,150.0000029802322,150.0000029802322,150.00000596046448,150.00000596046448,63,150.0000029802322,150.0000029802322,150.00000596046448,150.00000596046448
Hold_Clamp,5751,0.028754988685250282,0.07875498943030834,0.0,150.0000029802322,150.0000029802322,150.0000029802322,150.00000596046448,150.00000596046448,150.00000596046448,0,,,,,0.0,21,150.0000029802322,150.0000029802322,150.00000596046448,150.00000596046448,42,150.0000029802322,150.0000029802322,150.00000596046448,150.00000596046448,63,150.0000029802322,150.0000029802322,150.00000596046448,150.00000596046448
Hold_Clamp,5876,0.029379988089203835,0.0793799888342619,0.0,150.0000029802322,150.0000029802322,150.0000029802322,150.00000596046448,150.00000596046448,150.00000596046448,0,,,,,0.0,21,150.0000029802322,150.0000029802322,150.00000596046448,150.00000596046448,42,150.0000029802322,150.0000029802322,150.00000596046448,150.00000596046448,63,150.0000029802322,150.0000029802322,150.00000596046448,150.00000596046448
Hold_Clamp,6001,0.030004989355802536,0.0800049901008606,0.0,150.0000029802322,150.0000029802322,150.0000029802322,150.00000596046448,150.00000596046448,150.00000596046448,0,,,,,0.0,21,150.0000029802322,150.0000029802322,150.00000596046448,150.00000596046448,42,150.0000029802322,150.0000029802322,150.00000596046448,150.00000596046448,63,150.0000029802322,150.0000029802322,150.00000596046448,150.00000596046448
Hold_Clamp,6126,0.030629988759756088,0.08062998950481415,0.0,150.0000029802322,150.0000029802322,150.0000029802322,150.00000596046448,150.00000596046448,150.00000596046448,0,,,,,0.0,21,150.0000029802322,150.0000029802322,150.00000596046448,150.00000596046448,42,150.0000029802322,150.0000029802322,150.00000596046448,150.00000596046448,63,150.0000029802322,150.0000029802322,150.00000596046448,150.00000596046448
Hold_Clamp,6251,0.03125498816370964,0.0812549889087677,0.0,150.0000029802322,150.0000029802322,150.0000029802322,150.00000596046448,150.00000596046448,150.00000596046448,0,,,,,0.0,21,150.0000029802322,150.0000029802322,150.00000596046448,150.00000596046448,42,150.0000029802322,150.0000029802322,150.00000596046448,150.00000596046448,63,150.0000029802322,150.0000029802322,150.00000596046448,150.00000596046448
Hold_Clamp,6376,0.03187998756766319,0.08187998831272125,0.0,150.0000029802322,150.0000029802322,150.0000029802322,150.00000596046448,150.00000596046448,150.00000596046448,0,,,,,0.0,21,150.0000029802322,150.0000029802322,150.00000596046448,150.00000596046448,42,150.0000029802322,150.0000029802322,150.00000596046448,150.00000596046448,63,150.0000029802322,150.0000029802322,150.00000596046448,150.00000596046448
Hold_Clamp,6501,0.032504986971616745,0.0825049877166748,0.0,150.0000029802322,150.0000029802322,150.0000029802322,150.00000596046448,150.00000596046448,150.00000596046448,0,,,,,0.0,21,150.0000029802322,150.0000029802322,150.00000596046448,150.00000596046448,42,150.0000029802322,150.0000029802322,150.00000596046448,150.00000596046448,63,150.0000029802322,150.0000029802322,150.00000596046448,150.00000596046448
Hold_Clamp,6626,0.0331299863755703,0.08312998712062836,0.0,150.0000029802322,150.0000029802322,150.0000029802322,150.00000596046448,150.00000596046448,150.00000596046448,0,,,,,0.0,21,150.0000029802322,150.0000029802322,150.00000596046448,150.00000596046448,42,150.0000029802322,150.0000029802322,150.00000596046448,150.00000596046448,63,150.0000029802322,150.0000029802322,150.00000596046448,150.00000596046448
Hold_Clamp,6751,0.03375498577952385,0.08375498652458191,0.0,150.0000029802322,150.0000029802322,150.0000029802322,150.00000596046448,150.00000596046448,150.00000596046448,0,,,,,0.0,21,150.0000029802322,150.0000029802322,150.00000596046448,150.00000596046448,42,150.0000029802322,150.0000029802322,150.00000596046448,150.00000596046448,63,150.0000029802322,150.0000029802322,150.00000596046448,150.00000596046448
Hold_Clamp,6876,0.0343799851834774,0.08437998592853546,0.0,150.0000029802322,150.0000029802322,150.0000029802322,150.00000596046448,150.00000596046448,150.00000596046448,0,,,,,0.0,21,150.0000029802322,150.0000029802322,150.00000596046448,150.00000596046448,42,150.0000029802322,150.0000029802322,150.00000596046448,150.00000596046448,63,150.0000029802322,150.0000029802322,150.00000596046448,150.00000596046448
Hold_Clamp,7001,0.035004984587430954,0.08500498533248901,0.0,150.0000029802322,150.0000029802322,150.0000029802322,150.00000596046448,150.00000596046448,150.00000596046448,0,,,,,0.0,21,150.0000029802322,150.0000029802322,150.00000596046448,150.00000596046448,42,150.0000029802322,150.0000029802322,150.00000596046448,150.00000596046448,63,150.0000029802322,150.0000029802322,150.00000596046448,150.00000596046448
Hold_Clamp,7126,0.035629983991384506,0.08562998473644257,0.0,150.0000029802322,150.0000029802322,150.0000029802322,150.00000596046448,150.00000596046448,150.00000596046448,0,,,,,0.0,21,150.0000029802322,150.0000029802322,150.00000596046448,150.00000596046448,42,150.0000029802322,150.0000029802322,150.00000596046448,150.00000596046448,63,150.0000029802322,150.0000029802322,150.00000596046448,150.00000596046448
Hold_Clamp,7251,0.03625498339533806,0.08625498414039612,0.0,150.0000029802322,150.0000029802322,150.0000029802322,150.00000596046448,150.00000596046448,150.00000596046448,0,,,,,0.0,21,150.0000029802322,150.0000029802322,150.00000596046448,150.00000596046448,42,150.0000029802322,150.0000029802322,150.00000596046448,150.00000596046448,63,150.0000029802322,150.0000029802322,150.00000596046448,150.00000596046448
Hold_Clamp,7376,0.03687998279929161,0.08687998354434967,0.0,150.0000029802322,150.0000029802322,150.0000029802322,150.00000596046448,150.00000596046448,150.00000596046448,0,,,,,0.0,21,150.0000029802322,150.0000029802322,150.00000596046448,150.00000596046448,42,150.0000029802322,150.0000029802322,150.00000596046448,150.00000596046448,63,150.0000029802322,150.0000029802322,150.00000596046448,150.00000596046448
Hold_Clamp,7501,0.03750498220324516,0.08750498294830322,0.0,150.0000029802322,150.0000029802322,150.0000029802322,150.00000596046448,150.00000596046448,150.00000596046448,0,,,,,0.0,21,150.0000029802322,150.0000029802322,150.00000596046448,150.00000596046448,42,150.0000029802322,150.0000029802322,150.00000596046448,150.00000596046448,63,150.0000029802322,150.0000029802322,150.00000596046448,150.00000596046448
Hold_Clamp,7626,0.038129981607198715,0.08812998235225677,0.0,150.0000029802322,150.0000029802322,150.0000029802322,150.00000596046448,150.00000596046448,150.00000596046448,0,,,,,0.0,21,150.0000029802322,150.0000029802322,150.00000596046448,150.00000596046448,42,150.0000029802322,150.0000029802322,150.00000596046448,150.00000596046448,63,150.0000029802322,150.0000029802322,150.00000596046448,150.00000596046448
Hold_Clamp,7751,0.038754984736442566,0.08875498548150063,0.0,150.0000029802322,150.0000029802322,150.0000029802322,150.00000596046448,150.00000596046448,150.00000596046448,0,,,,,0.0,21,150.0000029802322,150.0000029802322,150.00000596046448,150.00000596046448,42,150.0000029802322,150.0000029802322,150.00000596046448,150.00000596046448,63,150.0000029802322,150.0000029802322,150.00000596046448,150.00000596046448
Hold_Clamp,7876,0.03937998414039612,0.08937998488545418,0.0,150.0000029802322,150.0000029802322,150.0000029802322,150.00000596046448,150.00000596046448,150.00000596046448,0,,,,,0.0,21,150.0000029802322,150.0000029802322,150.00000596046448,150.00000596046448,42,150.0000029802322,150.0000029802322,150.00000596046448,150.00000596046448,63,150.0000029802322,150.0000029802322,150.00000596046448,150.00000596046448
Hold_Clamp,8001,0.04000498354434967,0.09000498428940773,0.0,150.0000029802322,150.0000029802322,150.0000029802322,150.00000596046448,150.00000596046448,150.00000596046448,0,,,,,0.0,21,150.0000029802322,150.0000029802322,150.00000596046448,150.00000596046448,42,150.0000029802322,150.0000029802322,150.00000596046448,150.00000596046448,63,150.0000029802322,150.0000029802322,150.00000596046448,150.00000596046448
Hold_Clamp,8126,0.04062998294830322,0.09062998369336128,0.0,150.0000029802322,150.0000029802322,150.0000029802322,150.00000596046448,150.00000596046448,150.00000596046448,0,,,,,0.0,21,150.0000029802322,150.0000029802322,150.00000596046448,150.00000596046448,42,150.0000029802322,150.0000029802322,150.00000596046448,150.00000596046448,63,150.0000029802322,150.0000029802322,150.00000596046448,150.00000596046448
Hold_Clamp,8251,0.041254982352256775,0.09125498309731483,0.0,150.0000029802322,150.0000029802322,150.0000029802322,150.00000596046448,150.00000596046448,150.00000596046448,0,,,,,0.0,21,150.0000029802322,150.0000029802322,150.00000596046448,150.00000596046448,42,150.0000029802322,150.0000029802322,150.00000596046448,150.00000596046448,63,150.0000029802322,150.0000029802322,150.00000596046448,150.00000596046448
Hold_Clamp,8376,0.04187998175621033,0.09187998250126839,0.0,150.0000029802322,150.0000029802322,150.0000029802322,150.00000596046448,150.00000596046448,150.00000596046448,0,,,,,0.0,21,150.0000029802322,150.0000029802322,150.00000596046448,150.00000596046448,42,150.0000029802322,150.0000029802322,150.00000596046448,150.00000596046448,63,150.0000029802322,150.0000029802322,150.00000596046448,150.00000596046448
Hold_Clamp,8501,0.04250498116016388,0.09250498190522194,0.0,150.0000029802322,150.0000029802322,150.0000029802322,150.00000596046448,150.00000596046448,150.00000596046448,0,,,,,0.0,21,150.0000029802322,150.0000029802322,150.00000596046448,150.00000596046448,42,150.0000029802322,150.0000029802322,150.00000596046448,150.00000596046448,63,150.0000029802322,150.0000029802322,150.00000596046448,150.00000596046448
Hold_Clamp,8626,0.04312998056411743,0.09312998130917549,0.0,150.0000029802322,150.0000029802322,150.0000029802322,150.00000596046448,150.00000596046448,150.00000596046448,0,,,,,0.0,21,150.0000029802322,150.0000029802322,150.00000596046448,150.00000596046448,42,150.0000029802322,150.0000029802322,150.00000596046448,150.00000596046448,63,150.0000029802322,150.0000029802322,150.00000596046448,150.00000596046448
Hold_Clamp,8751,0.04375498369336128,0.09375498443841934,0.0,150.0000029802322,150.0000029802322,150.0000029802322,150.00000596046448,150.00000596046448,150.00000596046448,0,,,,,0.0,21,150.0000029802322,150.0000029802322,150.00000596046448,150.00000596046448,42,150.0000029802322,150.0000029802322,150.00000596046448,150.00000596046448,63,150.0000029802322,150.0000029802322,150.00000596046448,150.00000596046448
Hold_Clamp,8876,0.044379983097314835,0.0943799838423729,0.0,150.0000029802322,150.0000029802322,150.0000029802322,150.00000596046448,150.00000596046448,150.00000596046448,0,,,,,0.0,21,150.0000029802322,150.0000029802322,150.00000596046448,150.00000596046448,42,150.0000029802322,150.0000029802322,150.00000596046448,150.00000596046448,63,150.0000029802322,150.0000029802322,150.00000596046448,150.00000596046448
Hold_Clamp,9001,0.04500498250126839,0.09500498324632645,0.0,150.0000029802322,150.0000029802322,150.0000029802322,150.00000596046448,150.00000596046448,150.00000596046448,0,,,,,0.0,21,150.0000029802322,150.0000029802322,150.00000596046448,150.00000596046448,42,150.0000029802322,150.0000029802322,150.00000596046448,150.00000596046448,63,150.0000029802322,150.0000029802322,150.00000596046448,150.00000596046448
Hold_Clamp,9126,0.04562998190522194,0.09562998265028,0.0,150.0000029802322,150.0000029802322,150.0000029802322,150.00000596046448,150.00000596046448,150.00000596046448,0,,,,,0.0,21,150.0000029802322,150.0000029802322,150.00000596046448,150.00000596046448,42,150.0000029802322,150.0000029802322,150.00000596046448,150.00000596046448,63,150.0000029802322,150.0000029802322,150.00000596046448,150.00000596046448
Hold_Clamp,9251,0.04625498130917549,0.09625498205423355,0.0,150.0000029802322,150.0000029802322,150.0000029802322,150.00000596046448,150.00000596046448,150.00000596046448,0,,,,,0.0,21,150.0000029802322,150.0000029802322,150.00000596046448,150.00000596046448,42,150.0000029802322,150.0000029802322,150.00000596046448,150.00000596046448,63,150.0000029802322,150.0000029802322,150.00000596046448,150.00000596046448
Hold_Clamp,9376,0.046879980713129044,0.0968799814581871,0.0,150.0000029802322,150.0000029802322,150.0000029802322,150.00000596046448,150.00000596046448,150.00000596046448,0,,,,,0.0,21,150.0000029802322,150.0000029802322,150.00000596046448,150.00000596046448,42,150.0000029802322,150.0000029802322,150.00000596046448,150.00000596046448,63,150.0000029802322,150.0000029802322,150.00000596046448,150.00000596046448
Hold_Clamp,9501,0.047504980117082596,0.09750498086214066,0.0,150.0000029802322,150.0000029802322,150.0000029802322,150.00000596046448,150.00000596046448,150.00000596046448,0,,,,,0.0,21,150.0000029802322,150.0000029802322,150.00000596046448,150.00000596046448,42,150.0000029802322,150.0000029802322,150.00000596046448,150.00000596046448,63,150.0000029802322,150.0000029802322,150.00000596046448,150.00000596046448
Hold_Clamp,9626,0.04812997952103615,0.09812998026609421,0.0,150.0000029802322,150.0000029802322,150.0000029802322,150.00000596046448,150.00000596046448,150.00000596046448,0,,,,,0.0,21,150.0000029802322,150.0000029802322,150.00000596046448,150.00000596046448,42,150.0000029802322,150.0000029802322,150.00000596046448,150.00000596046448,63,150.0000029802322,150.0000029802322,150.00000596046448,150.00000596046448
Hold_Clamp,9751,0.0487549789249897,0.09875497967004776,0.0,150.0000029802322,150.0000029802322,150.0000029802322,150.00000596046448,150.00000596046448,150.00000596046448,0,,,,,0.0,21,150.0000029802322,150.0000029802322,150.00000596046448,150.00000596046448,42,150.0000029802322,150.0000029802322,150.00000596046448,150.00000596046448,63,150.0000029802322,150.0000029802322,150.00000596046448,150.00000596046448
Hold_Clamp,9876,0.04937998205423355,0.09937998279929161,0.0,150.0000029802322,150.0000029802322,150.0000029802322,150.00000596046448,150.00000596046448,150.00000596046448,0,,,,,0.0,21,150.0000029802322,150.0000029802322,150.00000596046448,150.00000596046448,42,150.0000029802322,150.0000029802322,150.00000596046448,150.00000596046448,63,150.0000029802322,150.0000029802322,150.00000596046448,150.00000596046448
Hold_Clamp,10001,0.05000000074505806,0.10000000149011612,0.0,150.0000029802322,150.0000029802322,150.0000029802322,150.00000596046448,150.00000596046448,150.00000596046448,0,,,,,0.0,21,150.0000029802322,150.0000029802322,150.00000596046448,150.00000596046448,42,150.0000029802322,150.0000029802322,150.00000596046448,150.00000596046448,63,150.0000029802322,150.0000029802322,150.00000596046448,150.00000596046448
Rolling,0,0.0,0.10000000149011612,0.0,150.0000029802322,150.0000029802322,150.0000029802322,150.00000596046448,150.00000596046448,150.00000596046448,0,,,,,0.0,21,150.0000029802322,150.0000029802322,150.00000596046448,150.00000596046448,42,150.0000029802322,150.0000029802322,150.00000596046448,150.00000596046448,63,150.0000029802322,150.0000029802322,150.00000596046448,150.00000596046448
Rolling,1876,0.009379994124174118,0.10937999561429024,0.0,150.0000029802322,150.0000029802322,150.0000029802322,150.00000596046448,150.00000596046448,150.00000596046448,0,,,,,0.0,21,150.0000029802322,150.0000029802322,150.00000596046448,150.00000596046448,42,150.0000029802322,150.0000029802322,150.00000596046448,150.00000596046448,63,150.0000029802322,150.0000029802322,150.00000596046448,150.00000596046448
Rolling,3751,0.018754992634058,0.11875499412417412,0.0,150.0000029802322,150.0000029802322,150.0000029802322,150.00000596046448,150.00000596046448,150.00000596046448,0,,,,,0.0,21,150.0000029802322,150.0000029802322,150.00000596046448,150.00000596046448,42,150.0000029802322,150.0000029802322,150.00000596046448,150.00000596046448,63,150.0000029802322,150.0000029802322,150.00000596046448,150.00000596046448
Rolling,5626,0.02812998741865158,0.1281299889087677,0.0,150.0000029802322,150.0000029802322,150.0000029802322,150.00000596046448,150.00000596046448,150.00000596046448,0,,,,,0.0,21,150.0000029802322,150.0000029802322,150.00000596046448,150.00000596046448,42,150.0000029802322,150.0000029802322,150.00000596046448,150.00000596046448,63,150.0000029802322,150.0000029802322,150.00000596046448,150.00000596046448
Rolling,7501,0.03750498592853546,0.13750498741865158,0.0,150.0000029802322,150.0000029802322,150.0000029802322,150.00000596046448,150.00000596046448,150.00000596046448,0,,,,,0.0,21,150.0000029802322,150.0000029802322,150.00000596046448,150.00000596046448,42,150.0000029802322,150.0000029802322,150.00000596046448,150.00000596046448,63,150.0000029802322,150.0000029802322,150.00000596046448,150.00000596046448
Rolling,9376,0.046879980713129044,0.14687998220324516,0.0,150.0000029802322,150.0000029802322,150.0000029802322,150.00000596046448,150.00000596046448,150.00000596046448,0,,,,,0.0,21,150.0000029802322,150.0000029802322,150.00000596046448,150.00000596046448,42,150.0000029802322,150.0000029802322,150.00000596046448,150.00000596046448,63,150.0000029802322,150.0000029802322,150.00000596046448,150.00000596046448
Rolling,11251,0.056254979223012924,0.15625498071312904,0.0,150.0000029802322,150.0000029802322,150.0000029802322,150.00000596046448,150.00000596046448,150.00000596046448,0,,,,,0.0,21,150.0000029802322,150.0000029802322,150.00000596046448,150.00000596046448,42,150.0000029802322,150.0000029802322,150.00000596046448,150.00000596046448,63,150.0000029802322,150.0000029802322,150.00000596046448,150.00000596046448
Rolling,13126,0.0656299740076065,0.16562997549772263,0.0,150.0000029802322,150.0000029802322,150.0000029802322,150.00000596046448,150.00000596046448,150.00000596046448,0,,,,,0.0,21,150.0000029802322,150.0000029802322,150.00000596046448,150.00000596046448,42,150.0000029802322,150.0000029802322,150.00000596046448,150.00000596046448,63,150.0000029802322,150.0000029802322,150.00000596046448,150.00000596046448
Rolling,15001,0.07500497251749039,0.1750049740076065,0.0,150.0000029802322,150.0000029802322,150.0000029802322,150.00000596046448,150.00000596046448,150.00000596046448,0,,,,,0.0,21,150.0000029802322,150.0000029802322,150.00000596046448,150.00000596046448,42,150.0000029802322,150.0000029802322,150.00000596046448,150.00000596046448,63,150.0000029802322,150.0000029802322,150.00000596046448,150.00000596046448
Rolling,16876,0.08437996357679367,0.1843799650669098,0.0,150.0000029802322,150.0000029802322,150.0000029802322,150.00000596046448,150.00000596046448,150.00000596046448,0,,,,,0.0,21,150.0000029802322,150.0000029802322,150.00000596046448,150.00000596046448,42,150.0000029802322,150.0000029802322,150.00000596046448,150.00000596046448,63,150.0000029802322,150.0000029802322,150.00000596046448,150.00000596046448
Rolling,18751,0.09375496208667755,0.19375496357679367,0.0,150.0000029802322,150.0000029802322,150.0000029802322,150.00000596046448,150.00000596046448,150.00000596046448,0,,,,,0.0,21,150.0000029802322,150.0000029802322,150.00000596046448,150.00000596046448,42,150.0000029802322,150.0000029802322,150.00000596046448,150.00000596046448,63,150.0000029802322,150.0000029802322,150.00000596046448,150.00000596046448
Rolling,20626,0.10312996059656143,0.20312996208667755,0.0,150.0000029802322,150.0000029802322,150.0000029802322,150.00000596046448,150.00000596046448,150.00000596046448,0,,,,,0.0,21,150.0000029802322,150.0000029802322,150.00000596046448,150.00000596046448,42,150.0000029802322,150.0000029802322,150.00000596046448,150.00000596046448,63,150.0000029802322,150.0000029802322,150.00000596046448,150.00000596046448
Rolling,22501,0.11250495910644531,0.21250496059656143,0.0,150.0000029802322,150.0000029802322,150.0000029802322,150.00000596046448,150.00000596046448,150.00000596046448,0,,,,,0.0,21,150.0000029802322,150.0000029802322,150.00000596046448,150.00000596046448,42,150.0000029802322,150.0000029802322,150.00000596046448,150.00000596046448,63,150.0000029802322,150.0000029802322,150.00000596046448,150.00000596046448
Rolling,24376,0.1218799501657486,0.22187995165586472,0.0,150.0000029802322,150.0000029802322,150.0000029802322,150.00000596046448,150.00000596046448,150.00000596046448,0,,,,,0.0,21,150.0000029802322,150.0000029802322,150.00000596046448,150.00000596046448,42,150.0000029802322,150.0000029802322,150.00000596046448,150.00000596046448,63,150.0000029802322,150.0000029802322,150.00000596046448,150.00000596046448
Rolling,26304,0.1312531977891922,0.23125319927930832,0.0,150.00000400189475,149.99918341414386,150.00077908035453,149.999997244982,149.99911189079285,150.00078082084656,0,,,,,0.0,21,150.0002273843667,149.9998415509023,150.0001528433391,149.99976754188538,42,149.99999824906723,149.99918341414386,149.9999240040779,149.99911189079285,63,150.00006418087654,149.99918341414386,149.9999901131978,149.99911189079285
Rolling,28179,0.14062808454036713,0.24062808603048325,0.0,150.00000410491,149.99927033803218,150.00061144306812,149.9999759267576,149.9990075826645,150.00036358833313,0,,,,,0.0,21,150.00007393771745,149.99965528607495,149.99982643695105,149.99940991401672,42,149.9999815441518,149.99927033803218,149.99972745066597,149.9990075826645,63,150.00000958246375,149.99927033803218,149.9997554790406,149.9990075826645
Rolling,30054,0.15000297129154205,0.2500029727816582,0.0,150.00000123836332,149.99938209724314,150.00053072875227,149.99994927126428,149.9989628791809,150.0001698732376,0,,,,,0.0,21,150.00004791987323,149.99971116554744,149.99962562606447,149.99929070472717,42,149.99998583137545,149.99938209724314,149.99956424747194,149.9989628791809,63,150.0000027825064,149.99938209724314,149.9995875453192,149.9989628791809
Rolling,31929,0.1593778431415558,0.2593778446316719,0.0,150.00000364863715,149.99946281217706,150.000450014393,149.9999280455937,149.99891817569733,150.00008046627045,0,,,,,0.0,21,150.0000393458538,149.99973600086187,149.9994879677182,149.99918639659882,42,149.99998583153632,149.99946281217706,149.9994368780227,149.99891817569733,63,150.00000278265824,149.99946281217706,149.99946100371224,149.99891817569733
Rolling,33804,0.16875270009040833,0.26875270158052444,0.0,150.00000127695608,149.99951869172122,150.00041276159718,149.99990351883767,149.99887347221375,150.00003576278687,0,,,,,0.0,21,150.00002544996474,149.99973600086187,149.9993751446406,149.99908208847046,42,149.99998524029567,149.99951869172122,149.9993371821585,149.99887347221375,63,149.9999964753601,149.99951869172122,149.99935338421474,149.99887347221375
Rolling,35690,0.17812767624855042,0.27812767773866653,0.009788190014660358,150.00000055404766,149.99621555402203,150.00316944350138,149.99987982506585,149.99538660049438,150.00274777412415,4,149.99768396779263,149.9969357932553,149.9970108270645,149.99613165855408,0.009788190014660358,21,150.0000535257667,149.9971531061379,149.99902957961672,149.99613165855408,42,149.99990184906426,149.99621555402203,149.99898132823762,149.99538660049438,63,149.99995457579863,149.99621555402203,149.99916321701474,149.99538660049438
Rolling,37600,0.18750067055225372,0.28750067204236984,0.0,150.0000009229362,149.99830796360314,150.00131924366968,149.99993990790523,149.99815821647644,150.0011682510376,0,,,,,0.0,21,150.00016618153077,149.9992641291847,150.0000102179391,149.99911189079285,42,149.99995360137854,149.99830796360314,149.99980124689284,149.99815821647644,63,150.0000232786727,149.99830796360314,149.99987232306646,149.99815821647644
Rolling,39523,0.1968761384487152,0.29687613993883133,0.08520874381065369,149.99998823640715,149.98524389602449,150.0104644721365,149.99992028650044,149.98476207256317,150.00976622104645,24,149.99552510960163,149.98524389602449,149.99514694015184,149.98476207256317,0.08520874381065369,21,150.0015854084669,149.99291234358125,150.00088796729133,149.9922126531601,42,149.99952668091743,149.98524389602449,149.99893378643762,149.98476207256317,63,150.00003004391758,149.98524389602449,149.99957004236796,149.98476207256317
Rolling,41477,0.2062515765428543,0.30625157803297043,0.0786827877163887,149.99994636549425,149.98113940794792,150.01508343875676,149.99983311625002,149.97899532318115,150.01294016838074,35,149.9908069662744,149.98113940794792,149.98932225363595,149.97899532318115,0.0786827877163887,21,149.9979541245464,149.98113940794792,149.99581376711527,149.97899532318115,42,149.99901834295122,149.98113940794792,149.99724073069436,149.97899532318115,63,149.9991522575685,149.98113940794792,149.9978086305043,149.97899532318115
Rolling,43431,0.2156270146369934,0.3156270161271095,0.03656449913978577,149.9999783946078,149.98321339932065,150.01548076257563,149.9998049490447,149.9807834625244,150.0125527381897,28,149.99192419523408,149.98321339932065,149.98905467135566,149.9807834625244,0.03656449913978577,21,150.0003486077193,149.98652303274017,149.99679582459586,149.9829739332199,42,149.99925385934233,149.98321339932065,149.99626399505706,149.9807834625244,63,149.99969689715243,149.98321339932065,149.99740582609934,149.9807834625244
Rolling,45323,0.22500431537628174,0.32500431686639786,0.0,149.9999758001422,149.98810020571162,150.0113584767754,149.9999011741415,149.98702704906464,150.01028776168823,0,,,,,0.0,21,149.99938434223586,149.98810020571162,149.99831290472122,149.98702704906464,42,149.99951285894,149.98810020571162,149.99857686814806,149.98702704906464,63,149.9995728278743,149.98810020571162,149.9988018047242,149.98702704906464
Rolling,47198,0.23437908291816711,0.33437908440828323,0.0,149.99998317348062,149.99174502625533,150.00921037331668,149.99995770908538,149.9914526939392,150.0089168548584,0,,,,,0.0,21,150.00001604157157,149.99174502625533,149.9997235479809,149.9914526939392,42,149.99962476786612,149.99174502625533,149.99937904732568,149.9914526939392,63,149.9998318363144,149.99174502625533,149.9996350871192,149.9914526939392
Rolling,49073,0.24375395476818085,0.34375395625829697,0.0,149.99998680071968,149.99286267068862,150.00776380076536,149.99997618899334,149.99285340309143,150.00773966312408,0,,,,,0.0,21,149.99999186208595,149.9929558073488,149.99996622403464,149.9929279088974,42,149.99967359878468,149.99286267068862,149.99965720233462,149.99285340309143,63,149.9998339384719,149.99286267068862,149.99982312558188,149.99285340309143
Rolling,50948,0.25312888622283936,0.3531288877129555,0.0,149.99998690596206,149.99376919838986,150.00658418192134,149.9999696639507,149.99374747276306,150.00656247138977,0,,,,,0.0,21,149.99989463515388,149.99376919838986,149.99987610748835,149.99374747276306,42,149.99971503745707,149.99376919838986,149.99969055255255,149.99374747276306,63,149.99982648327014,149.99376919838986,149.99979592504957,149.99374747276306
Rolling,52823,0.26250380277633667,0.3625038042664528,0.0,149.99998945937307,149.99481231937628,150.0054728483136,149.99995335905695,149.99468624591827,150.00534057617188,0,,,,,0.0,21,149.99990561566761,149.99481231937628,149.99977676641373,149.99468624591827,42,149.9997674042845,149.99481231937628,149.99963165748687,149.99468624591827,63,149.99985459672465,149.99481231937628,149.9997124312416,149.99468624591827
Rolling,54698,0.271878719329834,0.3718787208199501,0.0,149.99999077810878,149.995582237356,150.00468435523004,149.99992775250666,149.99529719352722,150.00440180301666,0,,,,,0.0,21,149.99991953676005,149.995582237356,149.99963485059283,149.99529719352722,42,149.99980468022846,149.995582237356,149.99951351256598,149.99529719352722,63,149.9998742255316,149.995582237356,149.9995787938436,149.99529719352722
Rolling,56573,0.2812536656856537,0.3812536671757698,0.0,149.99999202588185,149.99628385271842,150.003957944548,149.99989572889316,149.995818734169,150.00349283218384,0,,,,,0.0,21,149.9999361132573,149.99628385271842,149.9994709378197,149.995818734169,42,149.9998354462905,149.99628385271842,149.99936450095404,149.995818734169,63,149.99989700412004,149.99628385271842,149.99942386907244,149.995818734169
Rolling,58448,0.290628582239151,0.3906285837292671,0.0,149.9999938647118,149.99686128590878,150.00334328660796,149.99985983344587,149.99620616436005,150.00268816947937,0,,,,,0.0,21,149.99995179682207,149.99686128590878,149.9992942526227,149.99620616436005,42,149.99986325050537,149.99686128590878,149.9992027169182,149.99620616436005,63,149.9999143584426,149.99686128590878,149.99925498924557,149.99620616436005
Rolling,60323,0.3000034987926483,0.40000350028276443,0.0,149.9999955362579,149.99734558299957,150.00284659148312,149.9998211768103,149.99650418758392,150.00200271606445,0,,,,,0.0,21,149.99996215463807,149.99734558299957,149.99911827700478,149.99650418758392,42,149.99988218148462,149.99734558299957,149.99903525624956,149.99650418758392,63,149.99992895072833,149.99734558299957,149.99908303457593,149.99650418758392
Rolling,62198,0.30937838554382324,0.40937838703393936,0.0,149.9999962242999,149.99776778944397,150.0024181906169,149.99978046856558,149.99674260616302,150.0013917684555,0,,,,,0.0,21,149.99997871854603,149.99776778944397,149.99895507381075,149.99674260616302,42,149.99990244046674,149.99776778944397,149.99887914884658,149.99674260616302,63,149.99994176726793,149.99776778944397,149.998920540961,149.99674260616302
Rolling,64073,0.31875330209732056,0.4187533035874367,0.0,149.99999710507078,149.99810927908112,150.00204566713003,149.99973928212626,149.99692142009735,150.00085532665253,0,,,,,0.0,21,149.99998434107388,149.99810927908112,149.99879754724958,149.99692142009735,42,149.99991914968712,149.99810927908112,149.99873226597197,149.99692142009735,63,149.99995359692585,149.99810927908112,149.9987698736645,149.99692142009735
Rolling,65948,0.3281281888484955,0.4281281903386116,0.0,149.9999975487175,149.99841972353116,150.0017290214388,149.99969786430245,149.99708533287048,150.00039339065552,0,,,,,0.0,21,149.99999528403606,149.99841972353116,149.99866059848242,149.99708533287048,42,149.99993083143278,149.99841972353116,149.9985960267839,149.99708533287048,63,149.99996177917672,149.99841972353116,149.99863103268638,149.99708533287048
Rolling,67823,0.337503045797348,0.43750304728746414,0.0,149.99999863505414,149.99866186975615,150.00147446265333,149.99965672414,149.99718964099884,150.00000596046448,0,,,,,0.0,21,150.00000356503602,149.99866186975615,149.9985335838227,149.99718964099884,42,149.99994251226795,149.99866186975615,149.99847468875703,149.99718964099884,63,149.99996986221254,149.99866186975615,149.9985054371849,149.99718964099884
Rolling,69698,0.34687793254852295,0.44687793403863907,0.0,149.99999947712047,149.99886676241044,150.001250947266,149.999616154726,149.997279047966,150.00002086162567,0,,,,,0.0,21,150.00001125402545,149.9988853890015,149.9984214703242,149.9972939491272,42,149.9999531576512,149.99886676241044,149.99836328483764,149.997279047966,63,149.99997538240095,149.99886676241044,149.99838977579086,149.997279047966
Rolling,71573,0.3562528192996979,0.456252820789814,0.0,149.99999979211742,149.9990406105037,150.00108951927913,149.9995755544607,149.99733865261078,150.00002086162567,0,,,,,0.0,21,150.00001835109956,149.99905302821696,149.9983143238794,149.99735355377197,42,149.9999626198784,149.9990406105037,149.99826004107794,149.99733865261078,63,149.9999833660242,149.9990406105037,149.99828499460978,149.99733865261078
Rolling,73448,0.3656276762485504,0.46562767773866653,0.0,150.00000081410877,149.99918341414386,150.00091567356048,149.99953692867643,149.99738335609436,150.00000596046448,0,,,,,0.0,21,150.00002692613762,149.99920204069562,149.99822136901673,149.99739825725555,42,149.99997089917096,149.99918341414386,149.99816495747794,149.99738335609436,63,149.99999016679462,149.99918341414386,149.99818778227245,149.99738335609436
Rolling,75323,0.37500256299972534,0.47500256448984146,0.0,150.00000011355843,149.9992889645731,150.00078528913932,149.99949779384625,149.99739825725555,150.00002086162567,0,,,,,0.0,21,150.0000289964305,149.9993386353377,149.99812983331225,149.99744296073914,42,149.9999745955093,149.9992889645731,149.99807626008987,149.99739825725555,63,149.99999223685057,149.9992889645731,149.9980976657262,149.99739825725555
Rolling,77198,0.3843774199485779,0.484377421438694,0.0,150.0000020032193,149.9993945149281,150.00067973976297,149.99946143562997,149.99741315841675,150.00000596046448,0,,,,,0.0,21,150.00003491004227,149.99945039449776,149.998053198769,149.99747276306152,42,149.99997903080344,149.9993945149281,149.99799856117792,149.99741315841675,63,149.99999706623956,149.9993945149281,149.99801842939286,149.99741315841675
Rolling,79073,0.3937522768974304,0.49375227838754654,0.0,150.0000014440571,149.9994814386941,150.00057419031234,149.99942455294217,149.99742805957794,150.00000596046448,0,,,,,0.0,21,150.00003904963847,149.99954973590346,149.99797940254211,149.99748766422272,42,149.99998523995586,149.9994814386941,149.99792618410928,149.99742805957794,63,149.99999943174885,149.9994814386941,149.997944633166,149.99742805957794
Rolling,80948,0.40312713384628296,0.5031271353363991,0.0,150.0000026588358,149.99955594473911,150.00049347597647,149.99938969101225,149.99742805957794,150.00000596046448,0,,,,,0.0,21,150.00004082382466,149.99961803308173,149.9979134116854,149.99748766422272,42,149.9999876054445,149.99955594473911,149.997859838463,149.99742805957794,63,150.00000337402207,149.99955594473911,149.9978769866247,149.99742805957794
Rolling,82823,0.4125019907951355,0.5125019922852516,0.0,150.0000025495798,149.99961182424863,150.00044380559436,149.9993541966314,149.99741315841675,150.00000596046448,0,,,,,0.0,21,150.0000399370392,149.9996863302289,149.99784387293317,149.99748766422272,42,149.99998997087027,149.99961182424863,149.99779349281675,149.99741315841675,63,150.00000376834925,149.99961182424863,149.99780910355705,149.99741315841675
Rolling,84698,0.4218768775463104,0.5218768790364265,0.0,150.00000314732816,149.99965528607495,150.00037550879205,149.99932134003373,149.99739825725555,150.00002086162567,0,,,,,0.0,21,150.00004821557846,149.99972979203363,149.997788525763,149.99747276306152,42,149.99999514499626,149.99965528607495,149.99773530733017,149.99739825725555,63,150.000007611986,149.99965528607495,149.99775044501774,149.99739825725555
Rolling,86573,0.43125173449516296,0.5312517359852791,0.0,150.000002581726,149.99970495671818,150.00033204717442,149.99928748076994,149.99738335609436,150.00000596046448,0,,,,,0.0,21,150.00004732868558,149.99979188030426,149.99772679238092,149.99747276306152,42,149.99999484941765,149.99970495671818,149.99767392873764,149.99738335609436,63,150.0000077105971,149.99970495671818,149.99768894816202,149.99738335609436
Rolling,88448,0.4406265914440155,0.5406265929341316,0.0,150.00000373865103,149.99974841851756,150.00029479434926,149.99925649067384,149.99736845493317,150.00000596046448,0,,,,,0.0,21,150.0000488070461,149.99982292442996,149.99767144521078,149.99744296073914,42,149.9999972147471,149.99974841851756,149.9976200007257,149.99736845493317,63,150.00001047011864,149.99974841851756,149.99763572972918,149.99736845493317
Rolling,90323,0.45000144839286804,0.5500014498829842,0.0,150.0000023053544,149.99976704499912,150.00026375032124,149.99922405056824,149.99733865261078,150.00000596046448,0,,,,,0.0,21,150.0000505810389,149.99987259501768,149.99761893635704,149.99744296073914,42,149.99999662346713,149.99976704499912,149.99756607271377,149.99733865261078,63,150.00000840054068,149.99976704499912,149.99757896340083,149.99733865261078
Rolling,92198,0.4593763053417206,0.5593763068318367,0.0,150.00000388005594,149.99979808912994,150.00022649747916,149.9991954977221,149.99732375144958,150.00000596046448,0,,,,,0.0,21,150.00005412896138,149.99989122148386,149.99757352329436,149.99741315841675,42,149.9999975104686,149.99979808912994,149.99751995007196,149.99732375144958,63,150.00001125858765,149.99979808912994,149.99753425991724,149.99732375144958
Rolling,94073,0.4687511920928955,0.5687511935830116,0.0,150.0000034558526,149.99981671560533,150.0002078710546,149.99916601933802,149.9972939491272,150.00000596046448,0,,,,,0.0,21,150.00005117240968,149.99990363912667,149.99752740065256,149.99738335609436,42,150.00000076273034,149.99981671560533,149.99747702053614,149.9972939491272,63,150.00001145571056,149.99981671560533,149.99748884685457,149.9972939491272
Rolling,95948,0.47812604904174805,0.5781260505318642,0.0,150.00000395718652,149.99985396854922,150.00018303581834,149.9991393175678,149.9972939491272,150.00000596046448,0,,,,,0.0,21,150.00005235506174,149.99994089204895,149.9974890833809,149.99738335609436,42,150.00000312801484,149.99985396854922,149.99744047721228,149.9972939491272,63,150.00001421519963,149.99985396854922,149.99745313137296,149.9972939491272
Rolling,97823,0.487500935792923,0.5875009372830391,0.0,150.00000302522136,149.99986017737228,150.0001582005779,149.99911161313145,149.9972641468048,150.00000596046448,0,,,,,0.0,21,150.00005915520418,149.99994710086844,149.99746353853317,149.99735355377197,42,150.00000401499716,149.99986017737228,149.997408191363,149.9972641468048,63,150.0000130325743,149.99986017737228,149.99741978115506,149.9972641468048
Rolling,99698,0.4968758225440979,0.596875824034214,0.0,150.000004876298,149.99986638619512,150.00015199176715,149.9990877651033,149.99724924564362,150.00000596046448,0,,,,,0.0,21,150.00005353771385,149.9999719361438,149.99743373621078,149.99735355377197,42,150.00000342369123,149.99986638619512,149.99738335609436,149.99724924564362,63,150.00001549639717,149.99986638619512,149.9973956554655,149.99724924564362
Rolling,101573,0.5062506794929504,0.6062506809830666,0.0,150.00000368723886,149.99987259501768,150.0001333653334,149.99906242078876,149.99723434448242,150.00000596046448,0,,,,,0.0,21,150.0000499898254,149.999978144962,149.99741173925855,149.99733865261078,42,150.00000061494575,149.99987259501768,149.99736277830033,149.99723434448242,63,150.00001332824283,149.99987259501768,149.99737507767148,149.99723434448242
Rolling,103448,0.5156255960464478,0.6156255975365639,0.0,150.00000444566552,149.99988501266205,150.00012715652161,149.9990409791593,149.99723434448242,150.00000596046448,0,,,,,0.0,21,150.00005678995856,149.99999056259762,149.9974039338884,149.99733865261078,42,150.0000025367232,149.99988501266205,149.9973496510869,149.99723434448242,63,150.0000131311385,149.99988501266205,149.99736088608938,149.99723434448242
Rolling,105323,0.5250004529953003,0.6250004544854164,0.0,150.0000036165389,149.99989743030537,150.0001147388973,149.9990184885868,149.99723434448242,150.00000596046448,0,,,,,0.0,21,150.00006122483015,150.00001539786578,149.99739541893913,149.99735355377197,42,150.0000063802807,149.99989743030537,149.9973422005063,149.99723434448242,63,150.0000164819316,149.99989743030537,149.99735308071925,149.99723434448242
Rolling,107198,0.5343753695487976,0.6343753710389137,0.0,150.00000486344365,149.99990363912667,150.00010232127198,149.99899858952062,149.99723434448242,150.00000596046448,0,,,,,0.0,21,150.0000550160187,150.00000918904914,149.99738619441078,149.99733865261078,42,150.00000091061156,149.99990363912667,149.99733262118838,149.99723434448242,63,150.00001253982774,149.99990363912667,149.99734409271724,149.99723434448242
Rolling,109073,0.5437502264976501,0.6437502279877663,0.0,150.0000035329833,149.9999098479477,150.00010232127198,149.99897802715222,149.99723434448242,150.00002086162567,0,,,,,0.0,21,150.00005797259826,150.00002781549833,149.99738264651526,149.99735355377197,42,150.00000445850858,149.9999098479477,149.99732942808242,149.99723434448242,63,150.00001638338196,149.9999098479477,149.99734125440082,149.99723434448242
Rolling,110948,0.5531251430511475,0.6531251445412636,0.0,150.00000470918735,149.9999098479477,150.0000961124589,149.99895991745942,149.99723434448242,150.00000596046448,0,,,,,0.0,21,150.00005767694043,150.00002781549833,149.99737980819884,149.99735355377197,42,150.00000534548326,149.9999098479477,149.99732836371376,149.99723434448242,63,150.00001579206693,149.9999098479477,149.99733936218988,149.99723434448242
Rolling,112823,0.5625,0.6625000014901161,0.0,150.00000316662474,149.99991605676846,150.0000961124589,149.99894015722393,149.99723434448242,150.00000596046448,0,,,,,0.0,21,150.00005590299443,150.00002781549833,149.9973755507242,149.99735355377197,42,150.00000386719472,149.99991605676846,149.9973223322914,149.99723434448242,63,150.00001480654137,149.99991605676846,149.99733321250432,149.99723434448242
Rolling,114699,0.5718799233436584,0.6718799248337746,0.0,150.0000047220429,149.99991605676846,150.0000961124589,149.99892342041244,149.99723434448242,150.00000596046448,0,,,,,0.0,21,150.0000535377328,150.0000340243142,149.99737200282868,149.99735355377197,42,150.00000490199957,149.99991605676846,149.99732268708092,149.99723434448242,63,150.00001618627974,149.99991605676846,149.9973339220834,149.99723434448242
Rolling,116574,0.5812548398971558,0.6812548413872719,0.0,150.00000393790611,149.99991605676846,150.00010232127198,149.9989049559301,149.99723434448242,150.00000596046448,0,,,,,0.0,21,150.00005885957358,150.0000340243142,149.9973748411451,149.99735355377197,42,150.00000800640697,149.99991605676846,149.99732339666002,149.99723434448242,63,150.0000172703582,149.99991605676846,149.99733155681974,149.99723434448242
Rolling,118449,0.5906296968460083,0.6906296983361244,0.0,150.00000458706762,149.99992226558896,150.0000899036456,149.99888804943666,149.99723434448242,150.00000596046448,0,,,,,0.0,21,150.00005826825836,150.00004023312982,149.99736845493317,149.99735355377197,42,150.0000046063401,149.99992226558896,149.99731523650033,149.99723434448242,63,150.000016087726,149.99992226558896,149.99732540713416,149.99723434448242
Rolling,120324,0.6000046133995056,0.7000046148896217,0.0,150.00000326946198,149.99992847440922,150.00008369483203,149.9988686439907,149.99723434448242,150.00000596046448,0,,,,,0.0,21,150.0000594508899,150.0000340243142,149.99736348787943,149.99733865261078,42,150.00000519765607,149.99992847440922,149.9973088502884,149.99723434448242,63,150.00001529930506,149.99992847440922,149.99731807481675,149.99723434448242
Rolling,122199,0.6093795299530029,0.709379531443119,0.0,150.00000483773383,149.99994089204895,150.0000899036456,149.99885257048143,149.99723434448242,150.00000596046448,0,,,,,0.0,21,150.0000499898382,150.0000216066822,149.99734716756004,149.99732375144958,42,150.0000034237109,149.99994089204895,149.99729891618094,149.99723434448242,63,150.00001520075404,149.99994089204895,149.9973102694466,149.99723434448242
Rolling,124074,0.6187544465065002,0.7187544479966164,0.0,150.00000456778616,149.99991605676846,150.00006506838974,149.9988345379168,149.99720454216003,150.00000596046448,0,,,,,0.0,21,150.00005678996968,150.0000340243142,149.99734503882271,149.99732375144958,42,150.00000519765723,149.99991605676846,149.99729288475854,149.99720454216003,63,150.00001677759553,149.99991605676846,149.99730341018193,149.99720454216003
Rolling,125949,0.6281293630599976,0.7281293645501137,0.0,150.00000489558062,149.99992847440922,150.0000774860182,149.9988168447161,149.99720454216003,150.00000596046448,0,,,,,0.0,21,150.0000594508902,150.0000464419452,149.99733581429436,149.99732375144958,42,150.00000652811772,149.99992847440922,149.99728224107199,149.99720454216003,63,150.00001697470046,149.99992847440922,149.9972908742844,149.99720454216003
Rolling,127824,0.6375042200088501,0.7375042214989662,0.0,150.00000341729165,149.99992847440922,150.0000774860182,149.9987977015059,149.99718964099884,150.00000596046448,0,,,,,0.0,21,150.00005678997007,150.0000340243142,149.99732091313317,149.9972939491272,42,150.00000490199938,149.99992847440922,149.99726840427942,149.99718964099884,63,150.00001490509564,149.99992847440922,149.99727715575506,149.99718964099884
Rolling,129699,0.6468791365623474,0.7468791380524635,0.0,150.00000504340957,149.99992226558896,150.0000712772041,149.99878022426404,149.99717473983765,150.00000596046448,0,,,,,0.0,21,150.0000576769434,150.0000464419452,149.9973074311302,149.9972939491272,42,150.00000697160553,149.99992226558896,149.99725705101378,149.99717473983765,63,150.00001766456955,149.99992226558896,149.997265565963,149.99717473983765
Rolling,131574,0.6562540531158447,0.7562540546059608,0.0,150.00000354583815,149.9999346832292,150.0000774860182,149.99876051030543,149.99717473983765,150.00000596046448,0,,,,,0.0,21,150.00006092917977,150.00004023312982,149.9972939491272,149.997279047966,42,150.00000874555263,149.9999346832292,149.99724285943168,149.99717473983765,63,150.00001983272736,149.9999346832292,149.99725279353913,149.99717473983765
Rolling,133449,0.665628969669342,0.7656289711594582,0.0,150.00000450993969,149.99992847440922,150.0000774860182,149.99874292508414,149.99714493751526,150.00000596046448,0,,,,,0.0,21,150.0000606335215,150.00004023312982,149.99728117670332,149.9972641468048,42,150.00000711943343,149.99992847440922,149.99722760348092,149.99714493751526,63,150.0000175660163,149.99992847440922,149.99723765585156,149.99714493751526
Rolling,135324,0.6750038862228394,0.7750038877129555,0.0,150.0000032180435,149.99994089204895,150.0000712772041,149.99872281005912,149.99714493751526,150.00000596046448,0,,,,,0.0,21,150.00005797260147,150.0000526507603,149.99726698512123,149.9972641468048,42,150.00000711943463,149.99994089204895,149.9972151858466,149.99714493751526,63,150.00001746746455,149.99994089204895,149.99722511995407,149.99714493751526
Rolling,137199,0.6843788027763367,0.7843788042664528,0.0,150.00000447137614,149.99994710086844,150.00006506838974,149.998705595053,149.99714493751526,150.00000596046448,0,,,,,0.0,21,150.00005531168048,150.0000340243142,149.99725563185555,149.99723434448242,42,150.00000504982904,149.99994710086844,149.99720312300184,149.99714493751526,63,150.00001717180663,149.99994710086844,149.99721400321476,149.99714493751526
Rolling,139074,0.693753719329834,0.7937537208199501,0.0,150.00000402788856,149.99994089204895,150.0000774860182,149.99868595822258,149.99713003635406,150.00000596046448,0,,,,,0.0,21,150.00005531168054,150.0000464419452,149.99724356901078,149.99723434448242,42,150.0000071194355,149.99994089204895,149.99719425326302,149.99713003635406,63,150.00001658049126,149.99994089204895,149.99720383258094,149.99713003635406
Rolling,140949,0.7031286358833313,0.8031286373734474,0.0,150.00000513982013,149.9999346832292,150.00008369483203,149.99866902087786,149.99711513519287,150.00000596046448,0,,,,,0.0,21,150.000060337864,150.0000526507603,149.99724285943168,149.99723434448242,42,150.0000081542367,149.9999346832292,149.99718928620928,149.99711513519287,63,150.00001894575362,149.9999346832292,149.99720028468542,149.99711513519287
Rolling,142824,0.7125035524368286,0.8125035539269447,0.0,150.00000319876125,149.9999346832292,150.00008369483203,149.99865021703158,149.99711513519287,150.00000596046448,0,,,,,0.0,21,150.0000576769434,150.00004023312982,149.99724002111526,149.99721944332123,42,150.00000504982808,149.9999346832292,149.99718502873466,149.99711513519287,63,150.0000164819373,149.9999346832292,149.99719697331625,149.99711513519287
Rolling,144727,0.7218755483627319,0.821875549852848,0.09321901947259903,149.99999809178,149.990534235388,150.00506928937915,149.99857847241387,149.98754858970642,150.00151097774506,17,149.99913369768385,149.990534235388,149.99556278481202,149.98754858970642,0.09321901947259903,21,149.99888064667363,149.9948992457977,149.99525390920184,149.99131858348846,42,150.00013807866753,149.9948992457977,149.99636759360632,149.99131858348846,63,149.99964797870237,149.9948992457977,149.9956278573899,149.99131858348846
Rolling,146668,0.7312500476837158,0.8312500491738319,0.0,149.9999924485634,149.99365743499678,150.00527417328155,149.99835316562258,149.98899400234222,150.00219643115997,0,,,,,0.0,21,149.99910595023277,149.99805339901187,149.99006120931534,149.98899400234222,42,149.99999100208575,149.99805339901187,149.99090028660638,149.98899400234222,63,149.99967036037904,149.99769949142322,149.99072419272528,149.98899400234222
Rolling,148622,0.7406255006790161,0.8406255021691322,0.0341561995446682,149.999986225639,149.9915028688638,150.00614337460402,149.9984984905083,149.98859167099,150.00322461128235,4,149.9997731440003,149.9915028688638,149.99550953507423,149.98859167099,0.0341561995446682,21,149.99902819192425,149.9983327991499,149.99001082919892,149.98933672904968,42,149.99998701035642,149.9983327991499,149.9910390093213,149.98933672904968,63,149.99965833556985,149.99739525440765,149.99106479069545,149.98933672904968
Rolling,150576,0.75,0.8500000014901161,0.0,149.99998820679292,149.99381266190912,150.00491407411528,149.99893804391226,149.99209344387054,150.00319480895996,0,,,,,0.0,21,149.99926117138716,149.99841972353116,149.99444427944366,149.99359846115112,42,149.9999750374678,149.99841972353116,149.99523900804064,149.99359846115112,63,149.9997321532044,149.9978112518046,149.99521086140285,149.99359846115112
