x0,z0,bottom_label,top_label,bottom_y_def,top_y_def,thickness_y,thickness_vec,reduction_y_mm,reduction_y_pct,top_u2,bottom_u2
-50.0,-50.0,23,21,0.0007343663,0.1492654,0.14853103,0.14853103458881378,0.0014689654111862127,0.9793102741241418,-0.0007346059,0.0007343663
-50.0,-47.5,727,640,0.00073438,0.1492654,0.14853102,0.1485310196876526,0.0014689803123474066,0.9793202082316044,-0.0007346101,0.00073438
-50.0,-44.999996,726,641,0.0007344026,0.14926538,0.14853097,0.148530974984169,0.001469025015830988,0.9793500105539921,-0.0007346239,0.0007344026
-50.0,-42.5,725,642,0.000734424,0.14926536,0.14853095,0.14853094518184662,0.0014690548181533758,0.9793698787689172,-0.00073463813,0.000734424
-50.0,-40.0,724,643,0.0007344354,0.14926535,0.14853092,0.14853091537952423,0.0014690846204757635,0.9793897469838424,-0.000734658,0.0007344354
-50.0,-37.5,723,644,0.00073445175,0.14926533,0.14853089,0.14853088557720184,0.0014691144227981512,0.9794096151987675,-0.00073466933,0.00073445175
-50.0,-35.0,722,645,0.00073446747,0.14926533,0.14853087,0.14853087067604065,0.001469129323959345,0.9794195493062301,-0.0007346766,0.00073446747
-50.0,-32.5,721,646,0.0007344806,0.14926532,0.14853084,0.14853084087371826,0.0014691591262817327,0.9794394175211552,-0.0007346824,0.0007344806
-50.0,-30.0,720,647,0.00073449174,0.14926532,0.14853083,0.14853082597255707,0.0014691740274429266,0.9794493516286178,-0.0007346858,0.00073449174
-50.0,-27.500002,719,648,0.00073449506,0.14926532,0.14853083,0.14853082597255707,0.0014691740274429266,0.9794493516286178,-0.0007346938,0.00073449506
-50.0,-25.0,718,649,0.00073449884,0.1492653,0.14853081,0.14853081107139587,0.0014691889286041204,0.9794592857360803,-0.0007346986,0.00073449884
-50.0,-22.499998,717,650,0.00073450967,0.14926532,0.14853081,0.14853081107139587,0.0014691889286041204,0.9794592857360803,-0.0007346943,0.00073450967
-50.0,-20.0,716,651,0.0007345129,0.1492653,0.1485308,0.14853079617023468,0.0014692038297653143,0.9794692198435428,-0.00073469564,0.0007345129
-50.0,-17.5,715,652,0.0007345182,0.14926532,0.1485308,0.14853079617023468,0.0014692038297653143,0.9794692198435428,-0.0007346938,0.0007345182
-50.0,-15.0,714,653,0.00073452765,0.14926532,0.1485308,0.14853079617023468,0.0014692038297653143,0.9794692198435428,-0.0007346866,0.00073452765
-50.0,-12.5,713,654,0.0007345375,0.14926533,0.1485308,0.14853079617023468,0.0014692038297653143,0.9794692198435428,-0.0007346787,0.0007345375
-50.0,-10.0,712,655,0.0007345526,0.14926533,0.14853078,0.1485307812690735,0.0014692187309265081,0.9794791539510055,-0.00073466473,0.0007345526
-50.0,-7.5,711,656,0.0007345637,0.14926535,0.14853078,0.1485307812690735,0.0014692187309265081,0.9794791539510055,-0.0007346546,0.0007345637
-50.0,-5.0,710,657,0.00073457474,0.14926536,0.1485308,0.14853079617023468,0.0014692038297653143,0.9794692198435428,-0.00073464395,0.00073457474
-50.0,-2.5,709,658,0.0007345905,0.14926538,0.14853078,0.1485307812690735,0.0014692187309265081,0.9794791539510055,-0.00073462847,0.0007345905
-50.0,0.0,708,659,0.00073460554,0.1492654,0.14853078,0.1485307812690735,0.0014692187309265081,0.9794791539510055,-0.00073461345,0.00073460554
-50.0,2.5,707,660,0.00073462003,0.14926541,0.14853078,0.1485307812690735,0.0014692187309265081,0.9794791539510055,-0.00073459896,0.00073462003
-50.0,5.0,706,661,0.00073463237,0.14926542,0.1485308,0.14853079617023468,0.0014692038297653143,0.9794692198435428,-0.00073458627,0.00073463237
-50.0,7.5,705,662,0.0007346485,0.14926544,0.1485308,0.14853079617023468,0.0014692038297653143,0.9794692198435428,-0.00073456974,0.0007346485
-50.0,10.0,704,663,0.0007346686,0.14926545,0.14853078,0.1485307812690735,0.0014692187309265081,0.9794791539510055,-0.00073454867,0.0007346686
-50.0,12.5,703,664,0.00073467963,0.14926547,0.14853078,0.1485307812690735,0.0014692187309265081,0.9794791539510055,-0.00073453644,0.00073467963
-50.0,15.0,702,665,0.0007346825,0.14926547,0.14853078,0.1485307812690735,0.0014692187309265081,0.9794791539510055,-0.0007345317,0.0007346825
-50.0,17.5,701,666,0.00073469104,0.14926548,0.1485308,0.14853079617023468,0.0014692038297653143,0.9794692198435428,-0.00073452084,0.00073469104
-50.0,20.0,700,667,0.0007346983,0.1492655,0.1485308,0.14853079617023468,0.0014692038297653143,0.9794692198435428,-0.0007345101,0.0007346983
-50.0,22.499998,699,668,0.0007346989,0.1492655,0.1485308,0.14853079617023468,0.0014692038297653143,0.9794692198435428,-0.00073450495,0.0007346989
-50.0,25.0,698,669,0.0007346948,0.1492655,0.1485308,0.14853079617023468,0.0014692038297653143,0.9794692198435428,-0.00073450257,0.0007346948
-50.0,27.500002,697,670,0.00073469325,0.14926551,0.14853083,0.14853082597255707,0.0014691740274429266,0.9794493516286178,-0.0007344955,0.00073469325
-50.0,30.0,696,671,0.0007346917,0.14926553,0.14853084,0.14853084087371826,0.0014691591262817327,0.9794394175211552,-0.0007344857,0.0007346917
-50.0,32.5,695,672,0.0007346831,0.14926553,0.14853084,0.14853084087371826,0.0014691591262817327,0.9794394175211552,-0.0007344798,0.0007346831
-50.0,35.0,694,673,0.00073467795,0.14926554,0.14853087,0.14853087067604065,0.001469129323959345,0.9794195493062301,-0.000734466,0.00073467795
-50.0,37.5,693,674,0.0007346703,0.14926556,0.14853089,0.14853088557720184,0.0014691144227981512,0.9794096151987675,-0.00073445064,0.0007346703
-50.0,40.0,692,675,0.00073465734,0.14926557,0.14853092,0.14853091537952423,0.0014690846204757635,0.9793897469838424,-0.000734436,0.00073465734
-50.0,42.5,691,676,0.00073464523,0.14926559,0.14853095,0.14853094518184662,0.0014690548181533758,0.9793698787689172,-0.00073441677,0.00073464523
-50.0,44.999996,690,677,0.00073462736,0.1492656,0.14853097,0.148530974984169,0.001469025015830988,0.9793500105539921,-0.00073439913,0.00073462736
-50.0,47.5,689,678,0.00073461165,0.14926563,0.14853102,0.1485310196876526,0.0014689803123474066,0.9793202082316044,-0.00073437823,0.00073461165
-50.0,50.0,24,22,0.0007346076,0.14926565,0.14853103,0.14853103458881378,0.0014689654111862127,0.9793102741241418,-0.00073436444,0.0007346076
-47.5,-50.0,684,639,0.00069538073,0.14930439,0.14860901,0.1486090123653412,0.001390987634658808,0.9273250897725387,-0.0006956198,0.00069538073
-47.5,-47.5,5788,5593,0.00069539464,0.14930438,0.14860898,0.1486089825630188,0.0013910174369811956,0.9273449579874637,-0.0006956242,0.00069539464
-47.5,-44.999996,5787,5592,0.0006954175,0.14930436,0.14860894,0.14860893785953522,0.0013910621404647772,0.9273747603098514,-0.0006956385,0.0006954175
-47.5,-42.5,5786,5591,0.00069543894,0.14930436,0.14860892,0.14860892295837402,0.001391077041625971,0.9273846944173141,-0.00069565285,0.00069543894
-47.5,-40.0,5785,5590,0.0006954506,0.14930433,0.14860888,0.14860887825489044,0.0013911217451095526,0.9274144967397018,-0.0006956727,0.0006954506
-47.5,-37.5,5784,5589,0.000695467,0.14930432,0.14860885,0.14860884845256805,0.0013911515474319402,0.9274343649546268,-0.0006956841,0.000695467
-47.5,-35.0,5783,5588,0.0006954827,0.14930432,0.14860883,0.14860883355140686,0.001391166448593134,0.9274442990620895,-0.00069569156,0.0006954827
-47.5,-32.5,5782,5587,0.0006954958,0.14930432,0.14860882,0.14860881865024567,0.001391181349754328,0.927454233169552,-0.00069569744,0.0006954958
-47.5,-30.0,5781,5586,0.000695507,0.1493043,0.14860879,0.14860878884792328,0.0013912111520767156,0.9274741013844772,-0.0006957008,0.000695507
-47.5,-27.500002,5780,5585,0.0006955105,0.1493043,0.14860879,0.14860878884792328,0.0013912111520767156,0.9274741013844772,-0.00069570873,0.0006955105
-47.5,-25.0,5779,5584,0.0006955142,0.14930429,0.14860877,0.14860877394676208,0.0013912260532379095,0.9274840354919397,-0.0006957136,0.0006955142
-47.5,-22.499998,5778,5583,0.0006955251,0.1493043,0.14860877,0.14860877394676208,0.0013912260532379095,0.9274840354919397,-0.0006957094,0.0006955251
-47.5,-20.0,5777,5582,0.00069552835,0.1493043,0.14860877,0.14860877394676208,0.0013912260532379095,0.9274840354919397,-0.00069571065,0.00069552835
-47.5,-17.5,5776,5581,0.0006955336,0.1493043,0.14860877,0.14860877394676208,0.0013912260532379095,0.9274840354919397,-0.0006957089,0.0006955336
-47.5,-15.0,5775,5580,0.000695543,0.1493043,0.14860876,0.1486087590456009,0.0013912409543991033,0.9274939695994022,-0.0006957017,0.000695543
-47.5,-12.5,5774,5579,0.00069555285,0.14930432,0.14860876,0.1486087590456009,0.0013912409543991033,0.9274939695994022,-0.0006956938,0.00069555285
-47.5,-10.0,5773,5578,0.000695568,0.14930433,0.14860876,0.1486087590456009,0.0013912409543991033,0.9274939695994022,-0.0006956798,0.000695568
-47.5,-7.5,5772,5577,0.0006955791,0.14930433,0.14860874,0.1486087441444397,0.0013912558555602972,0.9275039037068649,-0.0006956697,0.0006955791
-47.5,-5.0,5771,5576,0.00069559016,0.14930435,0.14860876,0.1486087590456009,0.0013912409543991033,0.9274939695994022,-0.00069565896,0.00069559016
-47.5,-2.5,5770,5575,0.00069560594,0.14930436,0.14860876,0.1486087590456009,0.0013912409543991033,0.9274939695994022,-0.00069564354,0.00069560594
-47.5,0.0,5769,5574,0.0006956209,0.14930438,0.14860876,0.1486087590456009,0.0013912409543991033,0.9274939695994022,-0.0006956285,0.0006956209
-47.5,2.5,5768,5573,0.00069563533,0.14930439,0.14860876,0.1486087590456009,0.0013912409543991033,0.9274939695994022,-0.0006956141,0.00069563533
-47.5,5.0,5767,5572,0.00069564773,0.1493044,0.14860876,0.1486087590456009,0.0013912409543991033,0.9274939695994022,-0.00069560134,0.00069564773
-47.5,7.5,5766,5571,0.0006956638,0.14930442,0.14860876,0.1486087590456009,0.0013912409543991033,0.9274939695994022,-0.00069558487,0.0006956638
-47.5,10.0,5765,5570,0.0006956839,0.14930445,0.14860876,0.1486087590456009,0.0013912409543991033,0.9274939695994022,-0.0006955638,0.0006956839
-47.5,12.5,5764,5569,0.00069569494,0.14930445,0.14860876,0.1486087590456009,0.0013912409543991033,0.9274939695994022,-0.0006955516,0.00069569494
-47.5,15.0,5763,5568,0.00069569785,0.14930446,0.14860877,0.14860877394676208,0.0013912260532379095,0.9274840354919397,-0.0006955468,0.00069569785
-47.5,17.5,5762,5567,0.00069570635,0.14930446,0.14860876,0.1486087590456009,0.0013912409543991033,0.9274939695994022,-0.000695536,0.00069570635
-47.5,20.0,5761,5566,0.00069571374,0.14930448,0.14860876,0.1486087590456009,0.0013912409543991033,0.9274939695994022,-0.00069552514,0.00069571374
-47.5,22.499998,5760,5565,0.0006957142,0.14930448,0.14860876,0.1486087590456009,0.0013912409543991033,0.9274939695994022,-0.0006955201,0.0006957142
-47.5,25.0,5759,5564,0.00069571007,0.1493045,0.14860879,0.14860878884792328,0.0013912111520767156,0.9274741013844772,-0.00069551764,0.00069571007
-47.5,27.500002,5758,5563,0.0006957085,0.1493045,0.14860879,0.14860878884792328,0.0013912111520767156,0.9274741013844772,-0.00069551065,0.0006957085
-47.5,30.0,5757,5562,0.00069570704,0.14930451,0.1486088,0.14860880374908447,0.0013911962509155218,0.9274641672770145,-0.0006955007,0.00069570704
-47.5,32.5,5756,5561,0.00069569837,0.14930451,0.1486088,0.14860880374908447,0.0013911962509155218,0.9274641672770145,-0.00069549476,0.00069569837
-47.5,35.0,5755,5560,0.00069569313,0.14930452,0.14860883,0.14860883355140686,0.001391166448593134,0.9274442990620895,-0.00069548097,0.00069569313
-47.5,37.5,5754,5559,0.00069568545,0.14930454,0.14860885,0.14860884845256805,0.0013911515474319402,0.9274343649546268,-0.0006954656,0.00069568545
-47.5,40.0,5753,5558,0.00069567235,0.14930455,0.14860888,0.14860887825489044,0.0013911217451095526,0.9274144967397018,-0.0006954508,0.00069567235
-47.5,42.5,5752,5557,0.0006956602,0.14930457,0.14860891,0.14860890805721283,0.0013910919427871649,0.9273946285247766,-0.00069543155,0.0006956602
-47.5,44.999996,5751,5556,0.0006956422,0.1493046,0.14860895,0.1486089527606964,0.0013910472393035833,0.9273648262023889,-0.00069541374,0.0006956422
-47.5,47.5,5750,5555,0.00069562625,0.14930461,0.14860898,0.1486089825630188,0.0013910174369811956,0.9273449579874637,-0.0006953925,0.00069562625
-47.5,50.0,732,679,0.00069562194,0.14930463,0.14860901,0.1486090123653412,0.001390987634658808,0.9273250897725387,-0.00069537846,0.00069562194
-44.999996,-50.0,685,638,0.0005951206,0.14940464,0.14880952,0.1488095223903656,0.0011904776096343939,0.7936517397562626,-0.0005953589,0.0005951206
-44.999996,-47.5,5749,5554,0.000595135,0.14940464,0.14880951,0.1488095074892044,0.0011904925107955877,0.7936616738637252,-0.00059536396,0.000595135
-44.999996,-44.999996,5748,5553,0.0005951584,0.14940463,0.14880948,0.14880947768688202,0.0011905223131179754,0.7936815420786503,-0.00059537916,0.0005951584
-44.999996,-42.5,5747,5552,0.0005951799,0.14940462,0.14880943,0.14880943298339844,0.001190567016601557,0.793711344401038,-0.00059539394,0.0005951799
-44.999996,-40.0,5746,5551,0.00059519196,0.14940459,0.14880939,0.14880938827991486,0.0011906117200851385,0.7937411467234257,-0.00059541373,0.00059519196
-44.999996,-37.5,5745,5550,0.0005952086,0.14940459,0.14880937,0.14880937337875366,0.0011906266212463323,0.7937510808308883,-0.0005954252,0.0005952086
-44.999996,-35.0,5744,5549,0.0005952242,0.14940457,0.14880934,0.14880934357643127,0.00119065642356872,0.7937709490458134,-0.00059543294,0.0005952242
-44.999996,-32.5,5743,5548,0.00059523724,0.14940457,0.14880933,0.14880932867527008,0.0011906713247299139,0.793780883153276,-0.00059543905,0.00059523724
-44.999996,-30.0,5742,5547,0.0005952486,0.14940457,0.14880933,0.14880932867527008,0.0011906713247299139,0.793780883153276,-0.0005954424,0.0005952486
-44.999996,-27.500002,5741,5546,0.0005952523,0.14940456,0.1488093,0.1488092988729477,0.0011907011270523016,0.793800751368201,-0.0005954501,0.0005952523
-44.999996,-25.0,5740,5545,0.00059525593,0.14940456,0.1488093,0.1488092988729477,0.0011907011270523016,0.793800751368201,-0.00059545523,0.00059525593
-44.999996,-22.499998,5739,5544,0.00059526676,0.14940456,0.14880928,0.1488092839717865,0.0011907160282134954,0.7938106854756637,-0.000595451,0.00059526676
-44.999996,-20.0,5738,5543,0.00059527013,0.14940456,0.14880928,0.1488092839717865,0.0011907160282134954,0.7938106854756637,-0.0005954522,0.00059527013
-44.999996,-17.5,5737,5542,0.00059527514,0.14940456,0.14880928,0.1488092839717865,0.0011907160282134954,0.7938106854756637,-0.0005954507,0.00059527514
-44.999996,-15.0,5736,5541,0.00059528474,0.14940456,0.14880927,0.1488092690706253,0.0011907309293746893,0.7938206195831262,-0.0005954434,0.00059528474
-44.999996,-12.5,5735,5540,0.0005952946,0.14940457,0.14880927,0.1488092690706253,0.0011907309293746893,0.7938206195831262,-0.00059543544,0.0005952946
-44.999996,-10.0,5734,5539,0.00059530966,0.14940459,0.14880927,0.1488092690706253,0.0011907309293746893,0.7938206195831262,-0.0005954216,0.00059530966
-44.999996,-7.5,5733,5538,0.0005953209,0.1494046,0.14880928,0.1488092839717865,0.0011907160282134954,0.7938106854756637,-0.00059541134,0.0005953209
-44.999996,-5.0,5732,5537,0.00059533207,0.1494046,0.14880927,0.1488092690706253,0.0011907309293746893,0.7938206195831262,-0.0005954005,0.00059533207
-44.999996,-2.5,5731,5536,0.0005953478,0.14940462,0.14880927,0.1488092690706253,0.0011907309293746893,0.7938206195831262,-0.00059538515,0.0005953478
-44.999996,0.0,5730,5535,0.0005953627,0.14940463,0.14880927,0.1488092690706253,0.0011907309293746893,0.7938206195831262,-0.00059537025,0.0005953627
-44.999996,2.5,5729,5534,0.00059537694,0.14940464,0.14880927,0.1488092690706253,0.0011907309293746893,0.7938206195831262,-0.000595356,0.00059537694
-44.999996,5.0,5728,5533,0.0005953895,0.14940466,0.14880927,0.1488092690706253,0.0011907309293746893,0.7938206195831262,-0.000595343,0.0005953895
-44.999996,7.5,5727,5532,0.0005954055,0.14940467,0.14880927,0.1488092690706253,0.0011907309293746893,0.7938206195831262,-0.0005953266,0.0005954055
-44.999996,10.0,5726,5531,0.0005954256,0.1494047,0.14880928,0.1488092839717865,0.0011907160282134954,0.7938106854756637,-0.0005953056,0.0005954256
-44.999996,12.5,5725,5530,0.0005954365,0.14940472,0.14880928,0.1488092839717865,0.0011907160282134954,0.7938106854756637,-0.0005952935,0.0005954365
-44.999996,15.0,5724,5529,0.0005954395,0.14940472,0.14880928,0.1488092839717865,0.0011907160282134954,0.7938106854756637,-0.0005952885,0.0005954395
-44.999996,17.5,5723,5528,0.00059544796,0.14940473,0.14880928,0.1488092839717865,0.0011907160282134954,0.7938106854756637,-0.00059527776,0.00059544796
-44.999996,20.0,5722,5527,0.0005954555,0.14940473,0.14880928,0.1488092839717865,0.0011907160282134954,0.7938106854756637,-0.00059526676,0.0005954555
-44.999996,22.499998,5721,5526,0.0005954558,0.14940475,0.1488093,0.1488092988729477,0.0011907011270523016,0.793800751368201,-0.0005952618,0.0005954558
-44.999996,25.0,5720,5525,0.00059545157,0.14940475,0.1488093,0.1488092988729477,0.0011907011270523016,0.793800751368201,-0.0005952595,0.00059545157
-44.999996,27.500002,5719,5524,0.00059544994,0.14940475,0.1488093,0.1488092988729477,0.0011907011270523016,0.793800751368201,-0.0005952525,0.00059544994
-44.999996,30.0,5718,5523,0.00059544866,0.14940476,0.14880931,0.1488093137741089,0.0011906862258911077,0.7937908172607385,-0.00059524225,0.00059544866
-44.999996,32.5,5717,5522,0.00059544,0.14940476,0.14880933,0.14880932867527008,0.0011906713247299139,0.793780883153276,-0.00059523626,0.00059544
-44.999996,35.0,5716,5521,0.00059543457,0.14940478,0.14880934,0.14880934357643127,0.00119065642356872,0.7937709490458134,-0.0005952225,0.00059543457
-44.999996,37.5,5715,5520,0.00059542665,0.1494048,0.14880937,0.14880937337875366,0.0011906266212463323,0.7937510808308883,-0.00059520704,0.00059542665
-44.999996,40.0,5714,5519,0.0005954134,0.14940481,0.14880939,0.14880938827991486,0.0011906117200851385,0.7937411467234257,-0.00059519225,0.0005954134
-44.999996,42.5,5713,5518,0.000595401,0.14940484,0.14880943,0.14880943298339844,0.001190567016601557,0.793711344401038,-0.0005951728,0.000595401
-44.999996,44.999996,5712,5517,0.0005953829,0.14940485,0.14880948,0.14880947768688202,0.0011905223131179754,0.7936815420786503,-0.00059515465,0.0005953829
-44.999996,47.5,5711,5516,0.00059536635,0.14940487,0.14880951,0.1488095074892044,0.0011904925107955877,0.7936616738637252,-0.00059513253,0.00059536635
-44.999996,50.0,731,680,0.0005953614,0.14940488,0.14880952,0.1488095223903656,0.0011904776096343939,0.7936517397562626,-0.0005951179,0.0005953614
-42.5,-50.0,686,637,0.00046502333,0.14953475,0.14906973,0.14906972646713257,0.0009302735328674261,0.6201823552449508,-0.00046526056,0.00046502333
-42.5,-47.5,5710,5515,0.0004650385,0.14953473,0.1490697,0.14906969666481018,0.0009303033351898138,0.6202022234598759,-0.00046526652,0.0004650385
-42.5,-44.999996,5709,5514,0.00046506242,0.14953472,0.14906965,0.1490696519613266,0.0009303480386733953,0.6202320257822636,-0.00046528297,0.00046506242
-42.5,-42.5,5708,5513,0.00046508395,0.1495347,0.14906962,0.1490696221590042,0.000930377840995783,0.6202518939971887,-0.00046529804,0.00046508395
-42.5,-40.0,5707,5512,0.00046509644,0.14953469,0.14906959,0.14906959235668182,0.0009304076433181707,0.6202717622121139,-0.00046531777,0.00046509644
-42.5,-37.5,5706,5511,0.00046511338,0.14953467,0.14906956,0.14906956255435944,0.0009304374456405584,0.6202916304270389,-0.0004653293,0.00046511338
-42.5,-35.0,5705,5510,0.00046512883,0.14953467,0.14906955,0.14906954765319824,0.0009304523468017523,0.6203015645345016,-0.0004653375,0.00046512883
-42.5,-32.5,5704,5509,0.00046514184,0.14953466,0.14906952,0.14906951785087585,0.00093048214912414,0.6203214327494266,-0.00046534385,0.00046514184
-42.5,-30.0,5703,5508,0.0004651534,0.14953466,0.1490695,0.14906950294971466,0.0009304970502853338,0.6203313668568893,-0.0004653471,0.0004651534
-42.5,-27.500002,5702,5507,0.0004651575,0.14953466,0.1490695,0.14906950294971466,0.0009304970502853338,0.6203313668568893,-0.00046535453,0.0004651575
-42.5,-25.0,5701,5506,0.00046516088,0.14953464,0.14906949,0.14906948804855347,0.0009305119514465277,0.6203413009643518,-0.00046535992,0.00046516088
-42.5,-22.499998,5700,5505,0.0004651717,0.14953466,0.14906949,0.14906948804855347,0.0009305119514465277,0.6203413009643518,-0.00046535576,0.0004651717
-42.5,-20.0,5699,5504,0.00046517525,0.14953464,0.14906947,0.14906947314739227,0.0009305268526077215,0.6203512350718143,-0.00046535686,0.00046517525
-42.5,-17.5,5698,5503,0.00046517988,0.14953466,0.14906947,0.14906947314739227,0.0009305268526077215,0.6203512350718143,-0.0004653557,0.00046517988
-42.5,-15.0,5697,5502,0.00046518972,0.14953466,0.14906947,0.14906947314739227,0.0009305268526077215,0.6203512350718143,-0.00046534813,0.00046518972
-42.5,-12.5,5696,5501,0.0004651995,0.14953467,0.14906947,0.14906947314739227,0.0009305268526077215,0.6203512350718143,-0.00046534024,0.0004651995
-42.5,-10.0,5695,5500,0.00046521454,0.14953467,0.14906946,0.14906945824623108,0.0009305417537689153,0.620361169179277,-0.0004653264,0.00046521454
-42.5,-7.5,5694,5499,0.0004652258,0.14953469,0.14906946,0.14906945824623108,0.0009305417537689153,0.620361169179277,-0.0004653161,0.0004652258
-42.5,-5.0,5693,5498,0.0004652371,0.1495347,0.14906946,0.14906945824623108,0.0009305417537689153,0.620361169179277,-0.0004653052,0.0004652371
-42.5,-2.5,5692,5497,0.00046525276,0.14953472,0.14906946,0.14906945824623108,0.0009305417537689153,0.620361169179277,-0.00046528986,0.00046525276
-42.5,0.0,5691,5496,0.00046526748,0.14953473,0.14906946,0.14906945824623108,0.0009305417537689153,0.620361169179277,-0.0004652751,0.00046526748
-42.5,2.5,5690,5495,0.00046528163,0.14953475,0.14906946,0.14906945824623108,0.0009305417537689153,0.620361169179277,-0.000465261,0.00046528163
-42.5,5.0,5689,5494,0.00046529452,0.14953476,0.14906947,0.14906947314739227,0.0009305268526077215,0.6203512350718143,-0.00046524778,0.00046529452
-42.5,7.5,5688,5493,0.00046531038,0.14953478,0.14906947,0.14906947314739227,0.0009305268526077215,0.6203512350718143,-0.00046523148,0.00046531038
-42.5,10.0,5687,5492,0.00046533043,0.14953479,0.14906946,0.14906945824623108,0.0009305417537689153,0.620361169179277,-0.00046521044,0.00046533043
-42.5,12.5,5686,5491,0.00046534126,0.1495348,0.14906946,0.14906945824623108,0.0009305417537689153,0.620361169179277,-0.00046519845,0.00046534126
-42.5,15.0,5685,5490,0.00046534446,0.1495348,0.14906946,0.14906945824623108,0.0009305417537689153,0.620361169179277,-0.00046519336,0.00046534446
-42.5,17.5,5684,5489,0.00046535282,0.14953482,0.14906947,0.14906947314739227,0.0009305268526077215,0.6203512350718143,-0.00046518267,0.00046535282
-42.5,20.0,5683,5488,0.0004653606,0.14953484,0.14906947,0.14906947314739227,0.0009305268526077215,0.6203512350718143,-0.00046517147,0.0004653606
-42.5,22.499998,5682,5487,0.00046536067,0.14953484,0.14906947,0.14906947314739227,0.0009305268526077215,0.6203512350718143,-0.00046516673,0.00046536067
-42.5,25.0,5681,5486,0.00046535634,0.14953484,0.14906947,0.14906947314739227,0.0009305268526077215,0.6203512350718143,-0.00046516446,0.00046535634
-42.5,27.500002,5680,5485,0.00046535453,0.14953485,0.1490695,0.14906950294971466,0.0009304970502853338,0.6203313668568893,-0.00046515753,0.00046535453
-42.5,30.0,5679,5484,0.0004653536,0.14953487,0.14906952,0.14906951785087585,0.00093048214912414,0.6203214327494266,-0.0004651469,0.0004653536
-42.5,32.5,5678,5483,0.00046534475,0.14953487,0.14906952,0.14906951785087585,0.00093048214912414,0.6203214327494266,-0.0004651409,0.00046534475
-42.5,35.0,5677,5482,0.00046533908,0.14953488,0.14906955,0.14906954765319824,0.0009304523468017523,0.6203015645345016,-0.00046512723,0.00046533908
-42.5,37.5,5676,5481,0.00046533102,0.1495349,0.14906956,0.14906956255435944,0.0009304374456405584,0.6202916304270389,-0.00046511163,0.00046533102
-42.5,40.0,5675,5480,0.00046531745,0.14953491,0.14906959,0.14906959235668182,0.0009304076433181707,0.6202717622121139,-0.0004650968,0.00046531745
-42.5,42.5,5674,5479,0.0004653048,0.14953493,0.14906962,0.1490696221590042,0.000930377840995783,0.6202518939971887,-0.00046507726,0.0004653048
-42.5,44.999996,5673,5478,0.00046528672,0.14953494,0.14906965,0.1490696519613266,0.0009303480386733953,0.6202320257822636,-0.00046505872,0.00046528672
-42.5,47.5,5672,5477,0.00046526946,0.14953497,0.1490697,0.14906969666481018,0.0009303033351898138,0.6202022234598759,-0.00046503553,0.00046526946
-42.5,50.0,730,681,0.00046526364,0.14953499,0.14906973,0.14906972646713257,0.0009302735328674261,0.6201823552449508,-0.0004650202,0.00046526364
-40.0,-50.0,687,636,0.0003321069,0.14966767,0.14933556,0.1493355631828308,0.0006644368171691839,0.4429578781127893,-0.0003323434,0.0003321069
-40.0,-47.5,5671,5476,0.0003321229,0.14966765,0.14933553,0.14933553338050842,0.0006644666194915716,0.4429777463277144,-0.00033235044,0.0003321229
-40.0,-44.999996,5670,5475,0.0003321473,0.14966764,0.14933549,0.14933548867702484,0.0006645113229751531,0.4430075486501021,-0.00033236813,0.0003321473
-40.0,-42.5,5669,5474,0.00033216865,0.14966762,0.14933546,0.14933545887470245,0.0006645411252975408,0.4430274168650272,-0.00033238335,0.00033216865
-40.0,-40.0,5668,5473,0.00033218152,0.1496676,0.14933543,0.14933542907238007,0.0006645709276199285,0.4430472850799524,-0.00033240294,0.00033218152
-40.0,-37.5,5667,5472,0.0003321986,0.14966759,0.1493354,0.14933539927005768,0.0006646007299423162,0.4430671532948775,-0.00033241443,0.0003321986
-40.0,-35.0,5666,5471,0.00033221385,0.14966758,0.14933537,0.1493353694677353,0.0006646305322647039,0.4430870215098026,-0.00033242302,0.00033221385
-40.0,-32.5,5665,5470,0.00033222674,0.14966758,0.14933535,0.1493353545665741,0.0006646454334258978,0.4430969556172652,-0.0003324296,0.00033222674
-40.0,-30.0,5664,5469,0.0003322386,0.14966758,0.14933534,0.1493353396654129,0.0006646603345870916,0.4431068897247278,-0.00033243268,0.0003322386
-40.0,-27.500002,5663,5468,0.00033224313,0.14966756,0.14933532,0.1493353247642517,0.0006646752357482855,0.4431168238321903,-0.00033243973,0.00033224313
-40.0,-25.0,5662,5467,0.0003322462,0.14966756,0.14933531,0.14933530986309052,0.0006646901369094793,0.4431267579396529,-0.0003324455,0.0003322462
-40.0,-22.499998,5661,5466,0.00033225698,0.14966756,0.14933531,0.14933530986309052,0.0006646901369094793,0.4431267579396529,-0.00033244138,0.00033225698
-40.0,-20.0,5660,5465,0.00033226074,0.14966756,0.1493353,0.14933529496192932,0.0006647050380706732,0.4431366920471155,-0.00033244232,0.00033226074
-40.0,-17.5,5659,5464,0.000332265,0.14966756,0.1493353,0.14933529496192932,0.0006647050380706732,0.4431366920471155,-0.00033244147,0.000332265
-40.0,-15.0,5658,5463,0.0003322751,0.14966758,0.1493353,0.14933529496192932,0.0006647050380706732,0.4431366920471155,-0.0003324337,0.0003322751
-40.0,-12.5,5657,5462,0.00033228484,0.14966758,0.1493353,0.14933529496192932,0.0006647050380706732,0.4431366920471155,-0.0003324258,0.00033228484
-40.0,-10.0,5656,5461,0.00033229985,0.14966759,0.1493353,0.14933529496192932,0.0006647050380706732,0.4431366920471155,-0.000332412,0.00033229985
-40.0,-7.5,5655,5460,0.0003323111,0.1496676,0.1493353,0.14933529496192932,0.0006647050380706732,0.4431366920471155,-0.00033240166,0.0003323111
-40.0,-5.0,5654,5459,0.0003323224,0.14966762,0.1493353,0.14933529496192932,0.0006647050380706732,0.4431366920471155,-0.00033239071,0.0003323224
-40.0,-2.5,5653,5458,0.000332338,0.14966764,0.1493353,0.14933529496192932,0.0006647050380706732,0.4431366920471155,-0.0003323754,0.000332338
-40.0,0.0,5652,5457,0.00033235253,0.14966765,0.1493353,0.14933529496192932,0.0006647050380706732,0.4431366920471155,-0.00033236083,0.00033235253
-40.0,2.5,5651,5456,0.00033236653,0.14966767,0.1493353,0.14933529496192932,0.0006647050380706732,0.4431366920471155,-0.00033234688,0.00033236653
-40.0,5.0,5650,5455,0.00033237977,0.14966767,0.14933528,0.14933528006076813,0.000664719939231867,0.443146626154578,-0.00033233335,0.00033237977
-40.0,7.5,5649,5454,0.00033239558,0.1496677,0.1493353,0.14933529496192932,0.0006647050380706732,0.4431366920471155,-0.00033231714,0.00033239558
-40.0,10.0,5648,5453,0.00033241566,0.14966771,0.1493353,0.14933529496192932,0.0006647050380706732,0.4431366920471155,-0.0003322961,0.00033241566
-40.0,12.5,5647,5452,0.00033242634,0.14966772,0.1493353,0.14933529496192932,0.0006647050380706732,0.4431366920471155,-0.00033228425,0.00033242634
-40.0,15.0,5646,5451,0.0003324298,0.14966772,0.1493353,0.14933529496192932,0.0006647050380706732,0.4431366920471155,-0.00033227896,0.0003324298
-40.0,17.5,5645,5450,0.00033243798,0.14966774,0.1493353,0.14933529496192932,0.0006647050380706732,0.4431366920471155,-0.00033226842,0.00033243798
-40.0,20.0,5644,5449,0.00033244595,0.14966775,0.14933531,0.14933530986309052,0.0006646901369094793,0.4431267579396529,-0.00033225704,0.00033244595
-40.0,22.499998,5643,5448,0.00033244584,0.14966775,0.14933531,0.14933530986309052,0.0006646901369094793,0.4431267579396529,-0.00033225247,0.00033244584
-40.0,25.0,5642,5447,0.00033244138,0.14966775,0.14933531,0.14933530986309052,0.0006646901369094793,0.4431267579396529,-0.00033225032,0.00033244138
-40.0,27.500002,5641,5446,0.0003324394,0.14966777,0.14933532,0.1493353247642517,0.0006646752357482855,0.4431168238321903,-0.00033224348,0.0003324394
-40.0,30.0,5640,5445,0.0003324388,0.14966777,0.14933532,0.1493353247642517,0.0006646752357482855,0.4431168238321903,-0.0003322325,0.0003324388
-40.0,32.5,5639,5444,0.0003324299,0.14966778,0.14933535,0.1493353545665741,0.0006646454334258978,0.4430969556172652,-0.00033222645,0.0003324299
-40.0,35.0,5638,5443,0.00033242395,0.1496678,0.14933537,0.1493353694677353,0.0006646305322647039,0.4430870215098026,-0.00033221292,0.00033242395
-40.0,37.5,5637,5442,0.00033241577,0.14966781,0.1493354,0.14933539927005768,0.0006646007299423162,0.4430671532948775,-0.00033219726,0.00033241577
-40.0,40.0,5636,5441,0.000332402,0.14966783,0.14933543,0.14933542907238007,0.0006645709276199285,0.4430472850799524,-0.00033218248,0.000332402
-40.0,42.5,5635,5440,0.00033238917,0.14966784,0.14933546,0.14933545887470245,0.0006645411252975408,0.4430274168650272,-0.0003321629,0.00033238917
-40.0,44.999996,5634,5439,0.0003323713,0.14966786,0.14933549,0.14933548867702484,0.0006645113229751531,0.4430075486501021,-0.0003321442,0.0003323713
-40.0,47.5,5633,5438,0.00033235335,0.14966789,0.14933553,0.14933553338050842,0.0006644666194915716,0.4429777463277144,-0.00033212,0.00033235335
-40.0,50.0,729,682,0.00033234648,0.1496679,0.14933556,0.1493355631828308,0.0006644368171691839,0.4429578781127893,-0.00033210378,0.00033234648
-37.5,-50.0,688,635,0.00021784275,0.14978193,0.14956409,0.14956408739089966,0.00043591260910033625,0.29060840606689087,-0.00021808088,0.00021784275
-37.5,-47.5,5632,5437,0.00021785972,0.14978191,0.14956406,0.14956405758857727,0.00043594241142272394,0.290628274281816,-0.00021808916,0.00021785972
-37.5,-44.999996,5631,5436,0.00021788444,0.1497819,0.14956401,0.1495640128850937,0.0004359871149063055,0.2906580766042037,-0.00021810789,0.00021788444
-37.5,-42.5,5630,5435,0.0002179053,0.14978188,0.14956398,0.1495639830827713,0.0004360169172286932,0.2906779448191288,-0.00021812282,0.0002179053
-37.5,-40.0,5629,5434,0.00021791816,0.14978187,0.14956395,0.1495639532804489,0.0004360467195510809,0.29069781303405395,-0.00021814201,0.00021791816
-37.5,-37.5,5628,5433,0.00021793492,0.14978185,0.14956392,0.14956392347812653,0.00043607652187346857,0.29071768124897907,-0.00021815317,0.00021793492
-37.5,-35.0,5627,5432,0.00021794961,0.14978184,0.1495639,0.14956389367580414,0.00043610632419585627,0.2907375494639042,-0.00021816173,0.00021794961
-37.5,-32.5,5626,5431,0.00021796205,0.14978184,0.14956388,0.14956387877464294,0.0004361212253570501,0.29074748357136676,-0.00021816824,0.00021796205
-37.5,-30.0,5625,5430,0.00021797401,0.14978184,0.14956386,0.14956386387348175,0.00043613612651824396,0.29075741767882934,-0.00021817077,0.00021797401
-37.5,-27.500002,5624,5429,0.0002179787,0.14978182,0.14956385,0.14956384897232056,0.0004361510276794378,0.29076735178629187,-0.00021817716,0.0002179787
-37.5,-25.0,5623,5428,0.00021798139,0.14978182,0.14956385,0.14956384897232056,0.0004361510276794378,0.29076735178629187,-0.00021818305,0.00021798139
-37.5,-22.499998,5622,5427,0.00021799191,0.14978182,0.14956383,0.14956383407115936,0.00043616592884063166,0.29077728589375446,-0.00021817899,0.00021799191
-37.5,-20.0,5621,5426,0.00021799578,0.14978182,0.14956383,0.14956383407115936,0.00043616592884063166,0.29077728589375446,-0.0002181798,0.00021799578
-37.5,-17.5,5620,5425,0.00021799978,0.14978182,0.14956382,0.14956381916999817,0.0004361808300018255,0.29078722000121704,-0.0002181792,0.00021799978
-37.5,-15.0,5619,5424,0.00021801014,0.14978184,0.14956383,0.14956383407115936,0.00043616592884063166,0.29077728589375446,-0.00021817118,0.00021801014
-37.5,-12.5,5618,5423,0.00021801982,0.14978184,0.14956382,0.14956381916999817,0.0004361808300018255,0.29078722000121704,-0.00021816329,0.00021801982
-37.5,-10.0,5617,5422,0.00021803487,0.14978185,0.14956382,0.14956381916999817,0.0004361808300018255,0.29078722000121704,-0.00021814939,0.00021803487
-37.5,-7.5,5616,5421,0.00021804597,0.14978187,0.14956382,0.14956381916999817,0.0004361808300018255,0.29078722000121704,-0.0002181391,0.00021804597
-37.5,-5.0,5615,5420,0.0002180573,0.14978188,0.14956382,0.14956381916999817,0.0004361808300018255,0.29078722000121704,-0.00021812816,0.0002180573
-37.5,-2.5,5614,5419,0.00021807285,0.1497819,0.14956382,0.14956381916999817,0.0004361808300018255,0.29078722000121704,-0.00021811288,0.00021807285
-37.5,0.0,5613,5418,0.00021808724,0.14978191,0.14956382,0.14956381916999817,0.0004361808300018255,0.29078722000121704,-0.00021809849,0.00021808724
-37.5,2.5,5612,5417,0.00021810106,0.14978193,0.14956382,0.14956381916999817,0.0004361808300018255,0.29078722000121704,-0.00021808468,0.00021810106
-37.5,5.0,5611,5416,0.00021811457,0.14978194,0.14956383,0.14956383407115936,0.00043616592884063166,0.29077728589375446,-0.00021807091,0.00021811457
-37.5,7.5,5610,5415,0.00021813033,0.14978196,0.14956383,0.14956383407115936,0.00043616592884063166,0.29077728589375446,-0.00021805473,0.00021813033
-37.5,10.0,5609,5414,0.00021815047,0.14978197,0.14956382,0.14956381916999817,0.0004361808300018255,0.29078722000121704,-0.00021803376,0.00021815047
-37.5,12.5,5608,5413,0.00021816106,0.14978199,0.14956382,0.14956381916999817,0.0004361808300018255,0.29078722000121704,-0.00021802205,0.00021816106
-37.5,15.0,5607,5412,0.00021816479,0.14978199,0.14956382,0.14956381916999817,0.0004361808300018255,0.29078722000121704,-0.00021801655,0.00021816479
-37.5,17.5,5606,5411,0.00021817276,0.149782,0.14956383,0.14956383407115936,0.00043616592884063166,0.29077728589375446,-0.00021800621,0.00021817276
-37.5,20.0,5605,5410,0.00021818088,0.14978202,0.14956383,0.14956383407115936,0.00043616592884063166,0.29077728589375446,-0.00021799476,0.00021818088
-37.5,22.499998,5604,5409,0.00021818063,0.14978202,0.14956383,0.14956383407115936,0.00043616592884063166,0.29077728589375446,-0.00021799032,0.00021818063
-37.5,25.0,5603,5408,0.00021817618,0.14978202,0.14956383,0.14956383407115936,0.00043616592884063166,0.29077728589375446,-0.00021798836,0.00021817618
-37.5,27.500002,5602,5407,0.00021817423,0.14978202,0.14956385,0.14956384897232056,0.0004361510276794378,0.29076735178629187,-0.00021798177,0.00021817423
-37.5,30.0,5601,5406,0.00021817411,0.14978203,0.14956386,0.14956386387348175,0.00043613612651824396,0.29075741767882934,-0.00021797078,0.00021817411
-37.5,32.5,5600,5405,0.00021816544,0.14978205,0.14956388,0.14956387877464294,0.0004361212253570501,0.29074748357136676,-0.00021796492,0.00021816544
-37.5,35.0,5599,5404,0.00021815962,0.14978206,0.14956391,0.14956390857696533,0.0004360914230346624,0.29072761535644165,-0.00021795179,0.00021815962
-37.5,37.5,5598,5403,0.00021815172,0.14978208,0.14956392,0.14956392347812653,0.00043607652187346857,0.29071768124897907,-0.00021793647,0.00021815172
-37.5,40.0,5597,5402,0.00021813817,0.14978208,0.14956394,0.14956393837928772,0.0004360616207122747,0.2907077471415165,-0.00021792213,0.00021813817
-37.5,42.5,5596,5401,0.00021812544,0.1497821,0.14956398,0.1495639830827713,0.0004360169172286932,0.2906779448191288,-0.00021790281,0.00021812544
-37.5,44.999996,5595,5400,0.00021810817,0.14978212,0.14956401,0.1495640128850937,0.0004359871149063055,0.2906580766042037,-0.00021788434,0.00021810817
-37.5,47.5,5594,5399,0.00021808961,0.14978215,0.14956406,0.14956405758857727,0.00043594241142272394,0.290628274281816,-0.00021785934,0.00021808961
-37.5,50.0,728,683,0.0002180816,0.14978217,0.14956409,0.14956408739089966,0.00043591260910033625,0.29060840606689087,-0.00021784208,0.0002180816
-35.0,-50.0,19,17,0.00013696545,0.1498628,0.14972582,0.14972582459449768,0.0002741754055023138,0.1827836036682092,-0.00013720713,0.00013696545
-35.0,-47.5,617,522,0.00013698365,0.1498628,0.14972581,0.1497258096933365,0.00027419030666350763,0.18279353777567175,-0.00013721698,0.00013698365
-35.0,-44.999996,616,523,0.00013700947,0.14986277,0.14972575,0.1497257500886917,0.000274249911308283,0.18283327420552203,-0.0001372374,0.00013700947
-35.0,-42.5,615,524,0.0001370312,0.14986275,0.14972572,0.14972572028636932,0.0002742797136306707,0.18285314242044715,-0.00013725326,0.0001370312
-35.0,-40.0,614,525,0.00013704562,0.14986274,0.14972569,0.14972569048404694,0.0002743095159530584,0.18287301063537229,-0.00013727389,0.00013704562
-35.0,-37.5,613,526,0.00013706369,0.14986272,0.14972566,0.14972566068172455,0.0002743393182754461,0.18289287885029742,-0.00013728652,0.00013706369
-35.0,-35.0,612,527,0.0001370794,0.1498627,0.14972563,0.14972563087940216,0.0002743691205978338,0.18291274706522254,-0.00013729643,0.0001370794
-35.0,-32.5,611,528,0.00013709249,0.1498627,0.14972562,0.14972561597824097,0.00027438402175902765,0.18292268117268512,-0.0001373038,0.00013709249
-35.0,-30.0,610,529,0.00013710551,0.1498627,0.1497256,0.14972560107707977,0.0002743989229202215,0.18293261528014768,-0.00013730665,0.00013710551
-35.0,-27.500002,609,530,0.000137111,0.14986269,0.14972559,0.14972558617591858,0.00027441382408141535,0.18294254938761023,-0.00013731328,0.000137111
-35.0,-25.0,608,531,0.00013711391,0.14986269,0.14972557,0.14972557127475739,0.0002744287252426092,0.18295248349507282,-0.00013731979,0.00013711391
-35.0,-22.499998,607,532,0.0001371244,0.14986269,0.14972557,0.14972557127475739,0.0002744287252426092,0.18295248349507282,-0.00013731608,0.0001371244
-35.0,-20.0,606,533,0.00013712839,0.14986269,0.14972556,0.1497255563735962,0.00027444362640380304,0.18296241760253537,-0.00013731688,0.00013712839
-35.0,-17.5,605,534,0.0001371322,0.14986269,0.14972556,0.1497255563735962,0.00027444362640380304,0.18296241760253537,-0.00013731635,0.0001371322
-35.0,-15.0,604,535,0.00013714272,0.14986269,0.14972556,0.1497255563735962,0.00027444362640380304,0.18296241760253537,-0.0001373082,0.00013714272
-35.0,-12.5,603,536,0.00013715243,0.1498627,0.14972556,0.1497255563735962,0.00027444362640380304,0.18296241760253537,-0.00013730032,0.00013715243
-35.0,-10.0,602,537,0.00013716766,0.14986272,0.14972556,0.1497255563735962,0.00027444362640380304,0.18296241760253537,-0.00013728635,0.00013716766
-35.0,-7.5,601,538,0.00013717866,0.14986274,0.14972556,0.1497255563735962,0.00027444362640380304,0.18296241760253537,-0.00013727623,0.00013717866
-35.0,-5.0,600,539,0.00013718999,0.14986274,0.14972554,0.149725541472435,0.0002744585275649969,0.18297235170999793,-0.0001372654,0.00013718999
-35.0,-2.5,599,540,0.00013720557,0.14986275,0.14972554,0.149725541472435,0.0002744585275649969,0.18297235170999793,-0.00013725007,0.00013720557
-35.0,0.0,598,541,0.00013721983,0.14986277,0.14972554,0.149725541472435,0.0002744585275649969,0.18297235170999793,-0.00013723581,0.00013721983
-35.0,2.5,597,542,0.00013723357,0.14986278,0.14972554,0.149725541472435,0.0002744585275649969,0.18297235170999793,-0.00013722213,0.00013723357
-35.0,5.0,596,543,0.00013724722,0.1498628,0.14972554,0.149725541472435,0.0002744585275649969,0.18297235170999793,-0.00013720825,0.00013724722
-35.0,7.5,595,544,0.00013726292,0.14986281,0.14972554,0.149725541472435,0.0002744585275649969,0.18297235170999793,-0.00013719208,0.00013726292
-35.0,10.0,594,545,0.00013728299,0.14986284,0.14972556,0.1497255563735962,0.00027444362640380304,0.18296241760253537,-0.00013717114,0.00013728299
-35.0,12.5,593,546,0.00013729339,0.14986284,0.14972554,0.149725541472435,0.0002744585275649969,0.18297235170999793,-0.00013715948,0.00013729339
-35.0,15.0,592,547,0.00013729736,0.14986286,0.14972556,0.1497255563735962,0.00027444362640380304,0.18296241760253537,-0.00013715371,0.00013729736
-35.0,17.5,591,548,0.00013730512,0.14986286,0.14972556,0.1497255563735962,0.00027444362640380304,0.18296241760253537,-0.00013714354,0.00013730512
-35.0,20.0,590,549,0.0001373133,0.14986287,0.14972556,0.1497255563735962,0.00027444362640380304,0.18296241760253537,-0.00013713213,0.0001373133
-35.0,22.499998,589,550,0.00013731302,0.14986289,0.14972557,0.14972557127475739,0.0002744287252426092,0.18295248349507282,-0.00013712762,0.00013731302
-35.0,25.0,588,551,0.00013730835,0.14986289,0.14972557,0.14972557127475739,0.0002744287252426092,0.18295248349507282,-0.00013712556,0.00013730835
-35.0,27.500002,587,552,0.00013730588,0.14986289,0.14972559,0.14972558617591858,0.00027441382408141535,0.18294254938761023,-0.00013711868,0.00013730588
-35.0,30.0,586,553,0.00013730531,0.1498629,0.1497256,0.14972560107707977,0.0002743989229202215,0.18293261528014768,-0.00013710714,0.00013730531
-35.0,32.5,585,554,0.00013729611,0.1498629,0.1497256,0.14972560107707977,0.0002743989229202215,0.18293261528014768,-0.0001371005,0.00013729611
-35.0,35.0,584,555,0.00013728945,0.14986292,0.14972563,0.14972563087940216,0.0002743691205978338,0.18291274706522254,-0.00013708675,0.00013728945
-35.0,37.5,583,556,0.00013728035,0.14986293,0.14972565,0.14972564578056335,0.00027435421943663996,0.18290281295775998,-0.00013707027,0.00013728035
-35.0,40.0,582,557,0.00013726538,0.14986295,0.14972568,0.14972567558288574,0.00027432441711425226,0.18288294474283484,-0.00013705462,0.00013726538
-35.0,42.5,581,558,0.00013725107,0.14986297,0.14972572,0.14972572028636932,0.0002742797136306707,0.18285314242044715,-0.00013703387,0.00013725107
-35.0,44.999996,580,559,0.00013723306,0.14986299,0.14972575,0.1497257500886917,0.000274249911308283,0.18283327420552203,-0.00013701433,0.00013723306
-35.0,47.5,579,560,0.00013721311,0.14986302,0.14972581,0.1497258096933365,0.00027419030666350763,0.18279353777567175,-0.00013698793,0.00013721311
-35.0,50.0,20,18,0.00013720362,0.14986303,0.14972582,0.14972582459449768,0.0002741754055023138,0.1827836036682092,-0.0001369693,0.00013720362
-33.5,-50.0,570,521,5.492266e-05,0.14994484,0.14988992,0.14988991618156433,0.0001100838184356634,0.07338921229044226,-5.5159548e-05,5.492266e-05
-33.5,-47.5,5170,4819,5.4941647e-05,0.14994484,0.1498899,0.14988990128040314,0.00011009871959685724,0.07339914639790483,-5.51708e-05,5.4941647e-05
-33.5,-44.999996,5169,4818,5.4966247e-05,0.14994481,0.14988984,0.14988984167575836,0.00011015832424163263,0.0734388828277551,-5.5190736e-05,5.4966247e-05
-33.5,-42.5,5168,4817,5.4985954e-05,0.1499448,0.14988981,0.14988981187343597,0.00011018812656402033,0.07345875104268022,-5.5204608e-05,5.4985954e-05
-33.5,-40.0,5167,4816,5.4999204e-05,0.14994478,0.14988978,0.1498897820711136,0.00011021792888640802,0.07347861925760535,-5.5224213e-05,5.4999204e-05
-33.5,-37.5,5166,4815,5.5015615e-05,0.14994477,0.14988975,0.1498897522687912,0.00011024773120879572,0.07349848747253049,-5.523562e-05,5.5015615e-05
-33.5,-35.0,5165,4814,5.5030454e-05,0.14994477,0.14988974,0.14988973736763,0.00011026263236998957,0.07350842157999304,-5.5244785e-05,5.5030454e-05
-33.5,-32.5,5164,4813,5.5042827e-05,0.14994475,0.14988971,0.14988970756530762,0.00011029243469237726,0.07352828979491818,-5.5251574e-05,5.5042827e-05
-33.5,-30.0,5163,4812,5.5056047e-05,0.14994475,0.1498897,0.14988969266414642,0.00011030733585357111,0.07353822390238074,-5.5253287e-05,5.5056047e-05
-33.5,-27.500002,5162,4811,5.506141e-05,0.14994475,0.1498897,0.14988969266414642,0.00011030733585357111,0.07353822390238074,-5.525928e-05,5.506141e-05
-33.5,-25.0,5161,4810,5.5063934e-05,0.14994474,0.14988968,0.14988967776298523,0.00011032223701476496,0.07354815800984331,-5.5265937e-05,5.5063934e-05
-33.5,-22.499998,5160,4809,5.507404e-05,0.14994474,0.14988966,0.14988966286182404,0.0001103371381759588,0.07355809211730588,-5.5262564e-05,5.507404e-05
-33.5,-20.0,5159,4808,5.5078177e-05,0.14994474,0.14988966,0.14988966286182404,0.0001103371381759588,0.07355809211730588,-5.526351e-05,5.5078177e-05
-33.5,-17.5,5158,4807,5.5082022e-05,0.14994474,0.14988966,0.14988966286182404,0.0001103371381759588,0.07355809211730588,-5.526309e-05,5.5082022e-05
-33.5,-15.0,5157,4806,5.50927e-05,0.14994475,0.14988966,0.14988966286182404,0.0001103371381759588,0.07355809211730588,-5.5254895e-05,5.50927e-05
-33.5,-12.5,5156,4805,5.5102435e-05,0.14994475,0.14988965,0.14988964796066284,0.00011035203933715265,0.07356802622476843,-5.52469e-05,5.5102435e-05
-33.5,-10.0,5155,4804,5.5117882e-05,0.14994477,0.14988965,0.14988964796066284,0.00011035203933715265,0.07356802622476843,-5.5232606e-05,5.5117882e-05
-33.5,-7.5,5154,4803,5.512846e-05,0.14994478,0.14988965,0.14988964796066284,0.00011035203933715265,0.07356802622476843,-5.5222652e-05,5.512846e-05
-33.5,-5.0,5153,4802,5.5139462e-05,0.1499448,0.14988966,0.14988966286182404,0.0001103371381759588,0.07355809211730588,-5.5211887e-05,5.5139462e-05
-33.5,-2.5,5152,4801,5.51551e-05,0.14994481,0.14988966,0.14988966286182404,0.0001103371381759588,0.07355809211730588,-5.5196288e-05,5.51551e-05
-33.5,0.0,5151,4800,5.5169203e-05,0.14994483,0.14988966,0.14988966286182404,0.0001103371381759588,0.07355809211730588,-5.51822e-05,5.5169203e-05
-33.5,2.5,5150,4799,5.5182823e-05,0.14994484,0.14988966,0.14988966286182404,0.0001103371381759588,0.07355809211730588,-5.5168606e-05,5.5182823e-05
-33.5,5.0,5149,4798,5.5196593e-05,0.14994486,0.14988966,0.14988966286182404,0.0001103371381759588,0.07355809211730588,-5.5154815e-05,5.5196593e-05
-33.5,7.5,5148,4797,5.5212407e-05,0.14994487,0.14988966,0.14988966286182404,0.0001103371381759588,0.07355809211730588,-5.5138753e-05,5.5212407e-05
-33.5,10.0,5147,4796,5.52325e-05,0.14994489,0.14988965,0.14988964796066284,0.00011035203933715265,0.07356802622476843,-5.5118046e-05,5.52325e-05
-33.5,12.5,5146,4795,5.5242843e-05,0.1499449,0.14988966,0.14988966286182404,0.0001103371381759588,0.07355809211730588,-5.5106582e-05,5.5242843e-05
-33.5,15.0,5145,4794,5.5247303e-05,0.1499449,0.14988965,0.14988964796066284,0.00011035203933715265,0.07356802622476843,-5.5100412e-05,5.5247303e-05
-33.5,17.5,5144,4793,5.525477e-05,0.14994492,0.14988966,0.14988966286182404,0.0001103371381759588,0.07355809211730588,-5.509045e-05,5.525477e-05
-33.5,20.0,5143,4792,5.5262786e-05,0.14994493,0.14988966,0.14988966286182404,0.0001103371381759588,0.07355809211730588,-5.507909e-05,5.5262786e-05
-33.5,22.499998,5142,4791,5.5262542e-05,0.14994493,0.14988966,0.14988966286182404,0.0001103371381759588,0.07355809211730588,-5.5074255e-05,5.5262542e-05
-33.5,25.0,5141,4790,5.5257828e-05,0.14994493,0.14988968,0.14988967776298523,0.00011032223701476496,0.07354815800984331,-5.5072323e-05,5.5257828e-05
-33.5,27.500002,5140,4789,5.525519e-05,0.14994495,0.1498897,0.14988969266414642,0.00011030733585357111,0.07353822390238074,-5.5065837e-05,5.525519e-05
-33.5,30.0,5139,4788,5.525486e-05,0.14994495,0.1498897,0.14988969266414642,0.00011030733585357111,0.07353822390238074,-5.505489e-05,5.525486e-05
-33.5,32.5,5138,4787,5.524637e-05,0.14994496,0.14988971,0.14988970756530762,0.00011029243469237726,0.07352828979491818,-5.504842e-05,5.524637e-05
-33.5,35.0,5137,4786,5.5240256e-05,0.14994498,0.14988974,0.14988973736763,0.00011026263236998957,0.07350842157999304,-5.5035354e-05,5.5240256e-05
-33.5,37.5,5136,4785,5.5232056e-05,0.14994499,0.14988975,0.1498897522687912,0.00011024773120879572,0.07349848747253049,-5.5019646e-05,5.5232056e-05
-33.5,40.0,5135,4784,5.5218567e-05,0.149945,0.14988978,0.1498897820711136,0.00011021792888640802,0.07347861925760535,-5.500543e-05,5.5218567e-05
-33.5,42.5,5134,4783,5.520525e-05,0.14994502,0.14988981,0.14988981187343597,0.00011018812656402033,0.07345875104268022,-5.4986e-05,5.520525e-05
-33.5,44.999996,5133,4782,5.5189455e-05,0.14994504,0.14988984,0.14988984167575836,0.00011015832424163263,0.0734388828277551,-5.4968317e-05,5.5189455e-05
-33.5,47.5,5132,4781,5.5170214e-05,0.14994507,0.1498899,0.14988990128040314,0.00011009871959685724,0.07339914639790483,-5.4942957e-05,5.5170214e-05
-33.5,50.0,626,561,5.515956e-05,0.14994508,0.14988992,0.14988991618156433,0.0001100838184356634,0.07338921229044226,-5.4923305e-05,5.515956e-05
-32.0,-50.0,571,520,1.18421585e-05,0.14998794,0.14997609,0.14997608959674835,2.3910403251642398e-05,0.015940268834428267,-1.2068545e-05,1.18421585e-05
-32.0,-47.5,5131,4780,1.1862182e-05,0.14998792,0.14997606,0.14997605979442596,2.3940205574030093e-05,0.015960137049353396,-1.2081359e-05,1.1862182e-05
-32.0,-44.999996,5130,4779,1.1887258e-05,0.1499879,0.14997602,0.14997601509094238,2.3984909057611636e-05,0.01598993937174109,-1.2102152e-05,1.1887258e-05
-32.0,-42.5,5129,4778,1.19072965e-05,0.14998789,0.14997599,0.14997598528862,2.4014711379999332e-05,0.016009807586666223,-1.2116301e-05,1.19072965e-05
-32.0,-40.0,5128,4777,1.192085e-05,0.14998788,0.14997596,0.1499759554862976,2.4044513702387027e-05,0.016029675801591352,-1.213656e-05,1.192085e-05
-32.0,-37.5,5127,4776,1.1936333e-05,0.14998786,0.14997593,0.14997592568397522,2.4074316024774722e-05,0.01604954401651648,-1.2147655e-05,1.1936333e-05
-32.0,-35.0,5126,4775,1.1950524e-05,0.14998785,0.1499759,0.14997589588165283,2.4104118347162418e-05,0.016069412231441614,-1.2156034e-05,1.1950524e-05
-32.0,-32.5,5125,4774,1.1961751e-05,0.14998785,0.14997588,0.14997588098049164,2.4119019508356265e-05,0.016079346338904177,-1.216154e-05,1.1961751e-05
-32.0,-30.0,5124,4773,1.1974132e-05,0.14998785,0.14997587,0.14997586607933044,2.4133920669550113e-05,0.016089280446366743,-1.2161147e-05,1.1974132e-05
-32.0,-27.500002,5123,4772,1.1978009e-05,0.14998785,0.14997587,0.14997586607933044,2.4133920669550113e-05,0.016089280446366743,-1.2165408e-05,1.1978009e-05
-32.0,-25.0,5122,4771,1.1979032e-05,0.14998783,0.14997585,0.14997585117816925,2.414882183074396e-05,0.01609921455382931,-1.21709545e-05,1.1979032e-05
-32.0,-22.499998,5121,4770,1.1987609e-05,0.14998785,0.14997587,0.14997586607933044,2.4133920669550113e-05,0.016089280446366743,-1.2166762e-05,1.1987609e-05
-32.0,-20.0,5120,4769,1.1990717e-05,0.14998785,0.14997585,0.14997585117816925,2.414882183074396e-05,0.01609921455382931,-1.21667945e-05,1.1990717e-05
-32.0,-17.5,5119,4768,1.1993694e-05,0.14998785,0.14997585,0.14997585117816925,2.414882183074396e-05,0.01609921455382931,-1.2165415e-05,1.1993694e-05
-32.0,-15.0,5118,4767,1.2003729e-05,0.14998785,0.14997584,0.14997583627700806,2.4163722991937808e-05,0.016109148661291872,-1.2156621e-05,1.2003729e-05
-32.0,-12.5,5117,4766,1.2013048e-05,0.14998786,0.14997585,0.14997585117816925,2.414882183074396e-05,0.01609921455382931,-1.2147998e-05,1.2013048e-05
-32.0,-10.0,5116,4765,1.2028368e-05,0.14998788,0.14997585,0.14997585117816925,2.414882183074396e-05,0.01609921455382931,-1.2133115e-05,1.2028368e-05
-32.0,-7.5,5115,4764,1.2038502e-05,0.14998788,0.14997584,0.14997583627700806,2.4163722991937808e-05,0.016109148661291872,-1.2123261e-05,1.2038502e-05
-32.0,-5.0,5114,4763,1.2049239e-05,0.14998789,0.14997584,0.14997583627700806,2.4163722991937808e-05,0.016109148661291872,-1.2112699e-05,1.2049239e-05
-32.0,-2.5,5113,4762,1.2065029e-05,0.1499879,0.14997584,0.14997583627700806,2.4163722991937808e-05,0.016109148661291872,-1.209687e-05,1.2065029e-05
-32.0,0.0,5112,4761,1.2078994e-05,0.14998792,0.14997584,0.14997583627700806,2.4163722991937808e-05,0.016109148661291872,-1.2082919e-05,1.2078994e-05
-32.0,2.5,5111,4760,1.2092505e-05,0.14998794,0.14997584,0.14997583627700806,2.4163722991937808e-05,0.016109148661291872,-1.2069401e-05,1.2092505e-05
-32.0,5.0,5110,4759,1.2106184e-05,0.14998795,0.14997585,0.14997585117816925,2.414882183074396e-05,0.01609921455382931,-1.2055738e-05,1.2106184e-05
-32.0,7.5,5109,4758,1.2122088e-05,0.14998797,0.14997585,0.14997585117816925,2.414882183074396e-05,0.01609921455382931,-1.2039645e-05,1.2122088e-05
-32.0,10.0,5108,4757,1.2142233e-05,0.14998798,0.14997584,0.14997583627700806,2.4163722991937808e-05,0.016109148661291872,-1.2019241e-05,1.2142233e-05
-32.0,12.5,5107,4756,1.2152891e-05,0.149988,0.14997584,0.14997583627700806,2.4163722991937808e-05,0.016109148661291872,-1.2008156e-05,1.2152891e-05
-32.0,15.0,5106,4755,1.2158293e-05,0.14998801,0.14997585,0.14997585117816925,2.414882183074396e-05,0.01609921455382931,-1.2002053e-05,1.2158293e-05
-32.0,17.5,5105,4754,1.2166235e-05,0.14998801,0.14997585,0.14997585117816925,2.414882183074396e-05,0.01609921455382931,-1.199287e-05,1.2166235e-05
-32.0,20.0,5104,4753,1.2175054e-05,0.14998803,0.14997585,0.14997585117816925,2.414882183074396e-05,0.01609921455382931,-1.1982614e-05,1.2175054e-05
-32.0,22.499998,5103,4752,1.2176072e-05,0.14998803,0.14997585,0.14997585117816925,2.414882183074396e-05,0.01609921455382931,-1.1978515e-05,1.2176072e-05
-32.0,25.0,5102,4751,1.2172486e-05,0.14998803,0.14997585,0.14997585117816925,2.414882183074396e-05,0.01609921455382931,-1.1977847e-05,1.2172486e-05
-32.0,27.500002,5101,4750,1.2170805e-05,0.14998804,0.14997587,0.14997586607933044,2.4133920669550113e-05,0.016089280446366743,-1.1972977e-05,1.2170805e-05
-32.0,30.0,5100,4749,1.2171679e-05,0.14998804,0.14997587,0.14997586607933044,2.4133920669550113e-05,0.016089280446366743,-1.1964043e-05,1.2171679e-05
-32.0,32.5,5099,4748,1.2164938e-05,0.14998804,0.14997588,0.14997588098049164,2.4119019508356265e-05,0.016079346338904177,-1.1958787e-05,1.2164938e-05
-32.0,35.0,5098,4747,1.2160062e-05,0.14998806,0.1499759,0.14997589588165283,2.4104118347162418e-05,0.016069412231441614,-1.194694e-05,1.2160062e-05
-32.0,37.5,5097,4746,1.2152711e-05,0.14998807,0.14997591,0.14997591078281403,2.408921718596857e-05,0.016059478123979048,-1.1931823e-05,1.2152711e-05
-32.0,40.0,5096,4745,1.2139921e-05,0.14998809,0.14997594,0.1499759405851364,2.4059414863580875e-05,0.01603960990905392,-1.1918031e-05,1.2139921e-05
-32.0,42.5,5095,4744,1.2125861e-05,0.14998811,0.14997599,0.14997598528862,2.4014711379999332e-05,0.016009807586666223,-1.1898306e-05,1.2125861e-05
-32.0,44.999996,5094,4743,1.21097955e-05,0.14998813,0.14997602,0.14997601509094238,2.3984909057611636e-05,0.01598993937174109,-1.1880186e-05,1.21097955e-05
-32.0,47.5,5093,4742,1.20896375e-05,0.14998814,0.14997606,0.14997605979442596,2.3940205574030093e-05,0.015960137049353396,-1.1854385e-05,1.20896375e-05
-32.0,50.0,625,562,1.2077595e-05,0.14998817,0.14997609,0.14997608959674835,2.3910403251642398e-05,0.015940268834428267,-1.1833451e-05,1.2077595e-05
-30.499998,-50.0,572,519,-1.4501987e-07,0.14999993,0.15000008,0.15000008046627045,-8.046627045232846e-08,-5.364418030155231e-05,-7.165834e-08,-1.4501987e-07
-30.499998,-47.5,5092,4741,-1.2895825e-07,0.14999993,0.15000007,0.15000006556510925,-6.55651092584808e-08,-4.37100728389872e-05,-8.084269e-08,-1.2895825e-07
-30.499998,-44.999996,5091,4740,-1.1086057e-07,0.14999992,0.15000002,0.15000002086162567,-2.0861625676937834e-08,-1.390775045129189e-05,-9.461318e-08,-1.1086057e-07
-30.499998,-42.5,5090,4739,-9.67049e-08,0.1499999,0.14999999,0.14999999105930328,8.940696710757479e-09,5.96046447383832e-06,-1.02824934e-07,-9.67049e-08
-30.499998,-40.0,5089,4738,-8.8170665e-08,0.14999989,0.14999998,0.1499999761581421,2.3841857904605135e-08,1.5894571936403423e-05,-1.18507344e-07,-8.8170665e-08
-30.499998,-37.5,5088,4737,-7.657697e-08,0.14999989,0.14999996,0.1499999612569809,3.874301909845279e-08,2.582867939896853e-05,-1.2644475e-07,-7.657697e-08
-30.499998,-35.0,5087,4736,-6.454912e-08,0.14999987,0.14999993,0.1499999314546585,6.85453414861481e-08,4.5696894324098736e-05,-1.3234741e-07,-6.454912e-08
-30.499998,-32.5,5086,4735,-5.4391652e-08,0.14999987,0.14999993,0.1499999314546585,6.85453414861481e-08,4.5696894324098736e-05,-1.3642476e-07,-5.4391652e-08
-30.499998,-30.0,5085,4734,-4.1610974e-08,0.14999987,0.14999992,0.14999991655349731,8.344650267999576e-08,5.5631001786663844e-05,-1.3535056e-07,-4.1610974e-08
-30.499998,-27.500002,5084,4733,-3.769606e-08,0.14999987,0.14999992,0.14999991655349731,8.344650267999576e-08,5.5631001786663844e-05,-1.3961653e-07,-3.769606e-08
-30.499998,-25.0,5083,4732,-3.688829e-08,0.14999986,0.14999989,0.14999988675117493,1.1324882506769107e-07,7.549921671179405e-05,-1.4515655e-07,-3.688829e-08
-30.499998,-22.499998,5082,4731,-2.8714789e-08,0.14999987,0.1499999,0.14999990165233612,9.834766387384342e-08,6.556510924922895e-05,-1.411342e-07,-2.8714789e-08
-30.499998,-20.0,5081,4730,-2.5731628e-08,0.14999987,0.1499999,0.14999990165233612,9.834766387384342e-08,6.556510924922895e-05,-1.4130765e-07,-2.5731628e-08
-30.499998,-17.5,5080,4729,-2.2525114e-08,0.14999987,0.1499999,0.14999990165233612,9.834766387384342e-08,6.556510924922895e-05,-1.4007267e-07,-2.2525114e-08
-30.499998,-15.0,5079,4728,-1.23455965e-08,0.14999987,0.14999989,0.14999988675117493,1.1324882506769107e-07,7.549921671179405e-05,-1.3163137e-07,-1.23455965e-08
-30.499998,-12.5,5078,4727,-2.6986529e-09,0.14999989,0.14999989,0.14999988675117493,1.1324882506769107e-07,7.549921671179405e-05,-1.2298965e-07,-2.6986529e-09
-30.499998,-10.0,5077,4726,1.2992609e-08,0.1499999,0.14999989,0.14999988675117493,1.1324882506769107e-07,7.549921671179405e-05,-1.0818387e-07,1.2992609e-08
-30.499998,-7.5,5076,4725,2.3097163e-08,0.1499999,0.14999987,0.14999987185001373,1.2814998626153873e-07,8.543332417435916e-05,-9.859494e-08,2.3097163e-08
-30.499998,-5.0,5075,4724,3.3701713e-08,0.14999992,0.14999989,0.14999988675117493,1.1324882506769107e-07,7.549921671179405e-05,-8.830607e-08,3.3701713e-08
-30.499998,-2.5,5074,4723,4.9732204e-08,0.14999993,0.14999989,0.14999988675117493,1.1324882506769107e-07,7.549921671179405e-05,-7.236002e-08,4.9732204e-08
-30.499998,0.0,5073,4722,6.363146e-08,0.14999995,0.14999989,0.14999988675117493,1.1324882506769107e-07,7.549921671179405e-05,-5.8576216e-08,6.363146e-08
-30.499998,2.5,5072,4721,7.6989764e-08,0.14999996,0.14999989,0.14999988675117493,1.1324882506769107e-07,7.549921671179405e-05,-4.514596e-08,7.6989764e-08
-30.499998,5.0,5071,4720,9.0405486e-08,0.14999998,0.14999989,0.14999988675117493,1.1324882506769107e-07,7.549921671179405e-05,-3.1712787e-08,9.0405486e-08
-30.499998,7.5,5070,4719,1.06299034e-07,0.14999999,0.14999989,0.14999988675117493,1.1324882506769107e-07,7.549921671179405e-05,-1.5521161e-08,1.06299034e-07
-30.499998,10.0,5069,4718,1.2617528e-07,0.15,0.14999989,0.14999988675117493,1.1324882506769107e-07,7.549921671179405e-05,4.8479776e-09,1.2617528e-07
-30.499998,12.5,5068,4717,1.3665058e-07,0.15000002,0.14999989,0.14999988675117493,1.1324882506769107e-07,7.549921671179405e-05,1.6188368e-08,1.3665058e-07
-30.499998,15.0,5067,4716,1.4229873e-07,0.15000004,0.14999989,0.14999988675117493,1.1324882506769107e-07,7.549921671179405e-05,2.2782077e-08,1.4229873e-07
-30.499998,17.5,5066,4715,1.4993584e-07,0.15000004,0.14999989,0.14999988675117493,1.1324882506769107e-07,7.549921671179405e-05,3.2196617e-08,1.4993584e-07
-30.499998,20.0,5065,4714,1.5839822e-07,0.15000005,0.14999989,0.14999988675117493,1.1324882506769107e-07,7.549921671179405e-05,4.261048e-08,1.5839822e-07
-30.499998,22.499998,5064,4713,1.5962043e-07,0.15000005,0.14999989,0.14999988675117493,1.1324882506769107e-07,7.549921671179405e-05,4.7056403e-08,1.5962043e-07
-30.499998,25.0,5063,4712,1.5606581e-07,0.15000005,0.1499999,0.14999990165233612,9.834766387384342e-08,6.556510924922895e-05,4.7642374e-08,1.5606581e-07
-30.499998,27.500002,5062,4711,1.5412711e-07,0.15000005,0.1499999,0.14999990165233612,9.834766387384342e-08,6.556510924922895e-05,5.2092247e-08,1.5412711e-07
-30.499998,30.0,5061,4710,1.54443e-07,0.15000007,0.14999992,0.14999991655349731,8.344650267999576e-08,5.5631001786663844e-05,6.054541e-08,1.54443e-07
-30.499998,32.5,5060,4709,1.4798194e-07,0.15000007,0.14999992,0.14999991655349731,8.344650267999576e-08,5.5631001786663844e-05,6.5902135e-08,1.4798194e-07
-30.499998,35.0,5059,4708,1.4437063e-07,0.15000008,0.14999993,0.1499999314546585,6.85453414861481e-08,4.5696894324098736e-05,7.662035e-08,1.4437063e-07
-30.499998,37.5,5058,4707,1.3951349e-07,0.1500001,0.14999996,0.1499999612569809,3.874301909845279e-08,2.582867939896853e-05,8.965201e-08,1.3951349e-07
-30.499998,40.0,5057,4706,1.3048317e-07,0.15000011,0.14999998,0.1499999761581421,2.3841857904605135e-08,1.5894571936403423e-05,1.0017809e-07,1.3048317e-07
-30.499998,42.5,5056,4705,1.2098519e-07,0.15000013,0.15,0.15000000596046448,-5.960464483090178e-09,-3.973642988726786e-06,1.14799924e-07,1.2098519e-07
-30.499998,44.999996,5055,4704,1.10846294e-07,0.15000014,0.15000004,0.15000003576278687,-3.576278687078549e-08,-2.3841857913856995e-05,1.270011e-07,1.10846294e-07
-30.499998,47.5,5054,4703,9.74775e-08,0.15000015,0.15000005,0.15000005066394806,-5.0663948064633146e-08,-3.37759653764221e-05,1.4552936e-07,9.74775e-08
-30.499998,50.0,624,563,8.921563e-08,0.15000017,0.15000008,0.15000008046627045,-8.046627045232846e-08,-5.364418030155231e-05,1.6259894e-07,8.921563e-08
-29.0,-50.0,573,518,-1.927861e-07,0.14999999,0.15000018,0.1500001847743988,-1.8477439880926205e-07,-0.00012318293253950804,-1.7169958e-08,-1.927861e-07
-29.0,-47.5,5053,4702,-1.8346138e-07,0.14999999,0.15000017,0.1500001698732376,-1.698732376154144e-07,-0.00011324882507694294,-1.9732596e-08,-1.8346138e-07
-29.0,-44.999996,5052,4701,-1.751745e-07,0.14999998,0.15000015,0.15000015497207642,-1.5497207642156674e-07,-0.00010331471761437783,-2.3334536e-08,-1.751745e-07
-29.0,-42.5,5051,4700,-1.6955055e-07,0.14999998,0.15000014,0.15000014007091522,-1.4007091522771908e-07,-9.338061015181273e-05,-2.3100995e-08,-1.6955055e-07
-29.0,-40.0,5050,4699,-1.7047888e-07,0.14999998,0.15000014,0.15000014007091522,-1.4007091522771908e-07,-9.338061015181273e-05,-2.9694785e-08,-1.7047888e-07
-29.0,-37.5,5049,4698,-1.6786389e-07,0.14999998,0.15000014,0.15000014007091522,-1.4007091522771908e-07,-9.338061015181273e-05,-2.940229e-08,-1.6786389e-07
-29.0,-35.0,5048,4697,-1.6381776e-07,0.14999998,0.15000014,0.15000014007091522,-1.4007091522771908e-07,-9.338061015181273e-05,-2.6943013e-08,-1.6381776e-07
-29.0,-32.5,5047,4696,-1.6066971e-07,0.14999998,0.15000014,0.15000014007091522,-1.4007091522771908e-07,-9.338061015181273e-05,-2.3468344e-08,-1.6066971e-07
-29.0,-30.0,5046,4695,-1.5351098e-07,0.14999999,0.15000014,0.15000014007091522,-1.4007091522771908e-07,-9.338061015181273e-05,-1.6034386e-08,-1.5351098e-07
-29.0,-27.500002,5045,4694,-1.5432205e-07,0.14999999,0.15000014,0.15000014007091522,-1.4007091522771908e-07,-9.338061015181273e-05,-1.5679158e-08,-1.5432205e-07
-29.0,-25.0,5044,4693,-1.571722e-07,0.14999999,0.15000015,0.15000015497207642,-1.5497207642156674e-07,-0.00010331471761437783,-1.7642064e-08,-1.571722e-07
-29.0,-22.499998,5043,4692,-1.5181078e-07,0.14999999,0.15000014,0.15000014007091522,-1.4007091522771908e-07,-9.338061015181273e-05,-1.1245887e-08,-1.5181078e-07
-29.0,-20.0,5042,4691,-1.5092505e-07,0.14999999,0.15000014,0.15000014007091522,-1.4007091522771908e-07,-9.338061015181273e-05,-9.588264e-09,-1.5092505e-07
-29.0,-17.5,5041,4690,-1.4921085e-07,0.15,0.15000015,0.15000015497207642,-1.5497207642156674e-07,-0.00010331471761437783,-6.740045e-09,-1.4921085e-07
-29.0,-15.0,5040,4689,-1.4023843e-07,0.15,0.15000014,0.15000014007091522,-1.4007091522771908e-07,-9.338061015181273e-05,2.703621e-09,-1.4023843e-07
-29.0,-12.5,5039,4688,-1.3091552e-07,0.15000002,0.15000015,0.15000015497207642,-1.5497207642156674e-07,-0.00010331471761437783,1.2137293e-08,-1.3091552e-07
-29.0,-10.0,5038,4687,-1.1541075e-07,0.15000004,0.15000015,0.15000015497207642,-1.5497207642156674e-07,-0.00010331471761437783,2.7066886e-08,-1.1541075e-07
-29.0,-7.5,5037,4686,-1.05360925e-07,0.15000004,0.15000014,0.15000014007091522,-1.4007091522771908e-07,-9.338061015181273e-05,3.6662147e-08,-1.05360925e-07
-29.0,-5.0,5036,4685,-9.491348e-08,0.15000005,0.15000014,0.15000014007091522,-1.4007091522771908e-07,-9.338061015181273e-05,4.6830614e-08,-9.491348e-08
-29.0,-2.5,5035,4684,-7.884943e-08,0.15000007,0.15000014,0.15000014007091522,-1.4007091522771908e-07,-9.338061015181273e-05,6.29933e-08,-7.884943e-08
-29.0,0.0,5034,4683,-6.503621e-08,0.15000008,0.15000014,0.15000014007091522,-1.4007091522771908e-07,-9.338061015181273e-05,7.670259e-08,-6.503621e-08
-29.0,2.5,5033,4682,-5.1816436e-08,0.1500001,0.15000014,0.15000014007091522,-1.4007091522771908e-07,-9.338061015181273e-05,9.0049106e-08,-5.1816436e-08
-29.0,5.0,5032,4681,-3.8660826e-08,0.15000011,0.15000015,0.15000015497207642,-1.5497207642156674e-07,-0.00010331471761437783,1.0317463e-07,-3.8660826e-08
-29.0,7.5,5031,4680,-2.2832669e-08,0.15000013,0.15000015,0.15000015497207642,-1.5497207642156674e-07,-0.00010331471761437783,1.1935961e-07,-2.2832669e-08
-29.0,10.0,5030,4679,-3.1651441e-09,0.15000014,0.15000014,0.15000014007091522,-1.4007091522771908e-07,-9.338061015181273e-05,1.3948103e-07,-3.1651441e-09
-29.0,12.5,5029,4678,7.542131e-09,0.15000015,0.15000014,0.15000014007091522,-1.4007091522771908e-07,-9.338061015181273e-05,1.5074794e-07,7.542131e-09
-29.0,15.0,5028,4677,1.3955097e-08,0.15000017,0.15000015,0.15000015497207642,-1.5497207642156674e-07,-0.00010331471761437783,1.5710616e-07,1.3955097e-08
-29.0,17.5,5027,4676,2.2694811e-08,0.15000017,0.15000014,0.15000014007091522,-1.4007091522771908e-07,-9.338061015181273e-05,1.6547892e-07,2.2694811e-08
-29.0,20.0,5026,4675,3.2760976e-08,0.15000018,0.15000015,0.15000015497207642,-1.5497207642156674e-07,-0.00010331471761437783,1.7432711e-07,3.2760976e-08
-29.0,22.499998,5025,4674,3.6220595e-08,0.15000018,0.15000015,0.15000015497207642,-1.5497207642156674e-07,-0.00010331471761437783,1.7703621e-07,3.6220595e-08
-29.0,25.0,5024,4673,3.5325158e-08,0.15000018,0.15000015,0.15000015497207642,-1.5497207642156674e-07,-0.00010331471761437783,1.7499603e-07,3.5325158e-08
-29.0,27.500002,5023,4672,3.6660094e-08,0.15000018,0.15000015,0.15000015497207642,-1.5497207642156674e-07,-0.00010331471761437783,1.754448e-07,3.6660094e-08
-29.0,30.0,5022,4671,4.108748e-08,0.15000018,0.15000014,0.15000014007091522,-1.4007091522771908e-07,-9.338061015181273e-05,1.7868236e-07,4.108748e-08
-29.0,32.5,5021,4670,4.069978e-08,0.15000018,0.15000014,0.15000014007091522,-1.4007091522771908e-07,-9.338061015181273e-05,1.7810338e-07,4.069978e-08
-29.0,35.0,5020,4669,4.449271e-08,0.15000018,0.15000014,0.15000014007091522,-1.4007091522771908e-07,-9.338061015181273e-05,1.8163644e-07,4.449271e-08
-29.0,37.5,5019,4668,4.807826e-08,0.1500002,0.15000015,0.15000015497207642,-1.5497207642156674e-07,-0.00010331471761437783,1.8680296e-07,4.807826e-08
-29.0,40.0,5018,4667,4.7979533e-08,0.1500002,0.15000015,0.15000015497207642,-1.5497207642156674e-07,-0.00010331471761437783,1.8914574e-07,4.7979533e-08
-29.0,42.5,5017,4666,4.738608e-08,0.1500002,0.15000015,0.15000015497207642,-1.5497207642156674e-07,-0.00010331471761437783,1.9419143e-07,4.738608e-08
-29.0,44.999996,5016,4665,4.5615035e-08,0.1500002,0.15000015,0.15000015497207642,-1.5497207642156674e-07,-0.00010331471761437783,1.9781345e-07,4.5615035e-08
-29.0,47.5,5015,4664,4.2035055e-08,0.15000021,0.15000017,0.1500001698732376,-1.698732376154144e-07,-0.00011324882507694294,2.0619093e-07,4.2035055e-08
-29.0,50.0,623,564,4.0415507e-08,0.15000023,0.15000018,0.1500001847743988,-1.8477439880926205e-07,-0.00012318293253950804,2.1654562e-07,4.0415507e-08
-27.500002,-50.0,574,517,-1.3316469e-07,0.14999993,0.15000007,0.15000006556510925,-6.55651092584808e-08,-4.37100728389872e-05,-7.281594e-08,-1.3316469e-07
-27.500002,-47.5,5014,4663,-1.2569282e-07,0.14999993,0.15000005,0.15000005066394806,-5.0663948064633146e-08,-3.37759653764221e-05,-7.346726e-08,-1.2569282e-07
-27.500002,-44.999996,5013,4662,-1.17509444e-07,0.14999993,0.15000005,0.15000005066394806,-5.0663948064633146e-08,-3.37759653764221e-05,-7.648347e-08,-1.17509444e-07
-27.500002,-42.5,5012,4661,-1.10257595e-07,0.14999993,0.15000004,0.15000003576278687,-3.576278687078549e-08,-2.3841857913856995e-05,-7.815382e-08,-1.10257595e-07
-27.500002,-40.0,5011,4660,-1.0904262e-07,0.14999992,0.15000002,0.15000002086162567,-2.0861625676937834e-08,-1.390775045129189e-05,-8.705994e-08,-1.0904262e-07
-27.500002,-37.5,5010,4659,-1.0388398e-07,0.14999992,0.15000002,0.15000002086162567,-2.0861625676937834e-08,-1.390775045129189e-05,-8.995089e-08,-1.0388398e-07
-27.500002,-35.0,5009,4658,-9.703823e-08,0.14999992,0.15000002,0.15000002086162567,-2.0861625676937834e-08,-1.390775045129189e-05,-8.989648e-08,-9.703823e-08
-27.500002,-32.5,5008,4657,-9.093662e-08,0.14999992,0.15,0.15000000596046448,-5.960464483090178e-09,-3.973642988726786e-06,-8.875381e-08,-9.093662e-08
-27.500002,-30.0,5007,4656,-8.169508e-08,0.14999992,0.14999999,0.14999999105930328,8.940696710757479e-09,5.96046447383832e-06,-8.31377e-08,-8.169508e-08
-27.500002,-27.500002,5006,4655,-8.102869e-08,0.14999992,0.14999999,0.14999999105930328,8.940696710757479e-09,5.96046447383832e-06,-8.445956e-08,-8.102869e-08
-27.500002,-25.0,5005,4654,-8.259769e-08,0.14999992,0.15,0.15000000596046448,-5.960464483090178e-09,-3.973642988726786e-06,-8.770911e-08,-8.259769e-08
-27.500002,-22.499998,5004,4653,-7.646851e-08,0.14999992,0.14999999,0.14999999105930328,8.940696710757479e-09,5.96046447383832e-06,-8.2331404e-08,-7.646851e-08
-27.500002,-20.0,5003,4652,-7.485206e-08,0.14999993,0.15,0.15000000596046448,-5.960464483090178e-09,-3.973642988726786e-06,-8.1610736e-08,-7.485206e-08
-27.500002,-17.5,5002,4651,-7.244268e-08,0.14999993,0.15,0.15000000596046448,-5.960464483090178e-09,-3.973642988726786e-06,-7.936023e-08,-7.244268e-08
-27.500002,-15.0,5001,4650,-6.3154765e-08,0.14999993,0.14999999,0.14999999105930328,8.940696710757479e-09,5.96046447383832e-06,-7.029889e-08,-6.3154765e-08
-27.500002,-12.5,5000,4649,-5.3525532e-08,0.14999995,0.15,0.15000000596046448,-5.960464483090178e-09,-3.973642988726786e-06,-6.067175e-08,-5.3525532e-08
-27.500002,-10.0,4999,4648,-3.8473136e-08,0.14999996,0.15,0.15000000596046448,-5.960464483090178e-09,-3.973642988726786e-06,-4.5836444e-08,-3.8473136e-08
-27.500002,-7.5,4998,4647,-2.8561823e-08,0.14999998,0.15,0.15000000596046448,-5.960464483090178e-09,-3.973642988726786e-06,-3.600852e-08,-2.8561823e-08
-27.500002,-5.0,4997,4646,-1.8181336e-08,0.14999998,0.14999999,0.14999999105930328,8.940696710757479e-09,5.96046447383832e-06,-2.5872062e-08,-1.8181336e-08
-27.500002,-2.5,4996,4645,-2.0021518e-09,0.14999999,0.14999999,0.14999999105930328,8.940696710757479e-09,5.96046447383832e-06,-9.715973e-09,-2.0021518e-09
-27.500002,0.0,4995,4644,1.1824928e-08,0.15,0.14999999,0.14999999105930328,8.940696710757479e-09,5.96046447383832e-06,4.0111567e-09,1.1824928e-08
-27.500002,2.5,4994,4643,2.5026266e-08,0.15000002,0.14999999,0.14999999105930328,8.940696710757479e-09,5.96046447383832e-06,1.7253798e-08,2.5026266e-08
-27.500002,5.0,4993,4642,3.7947775e-08,0.15000004,0.14999999,0.14999999105930328,8.940696710757479e-09,5.96046447383832e-06,3.013124e-08,3.7947775e-08
-27.500002,7.5,4992,4641,5.37396e-08,0.15000005,0.14999999,0.14999999105930328,8.940696710757479e-09,5.96046447383832e-06,4.610963e-08,5.37396e-08
-27.500002,10.0,4991,4640,7.333849e-08,0.15000007,0.14999999,0.14999999105930328,8.940696710757479e-09,5.96046447383832e-06,6.574523e-08,7.333849e-08
-27.500002,12.5,4990,4639,8.4319154e-08,0.15000008,0.14999999,0.14999999105930328,8.940696710757479e-09,5.96046447383832e-06,7.6943905e-08,8.4319154e-08
-27.500002,15.0,4989,4638,9.084968e-08,0.1500001,0.15,0.15000000596046448,-5.960464483090178e-09,-3.973642988726786e-06,8.344086e-08,9.084968e-08
-27.500002,17.5,4988,4637,9.93785e-08,0.1500001,0.14999999,0.14999999105930328,8.940696710757479e-09,5.96046447383832e-06,9.216883e-08,9.93785e-08
-27.500002,20.0,4987,4636,1.0897267e-07,0.15000011,0.15,0.15000000596046448,-5.960464483090178e-09,-3.973642988726786e-06,1.01876545e-07,1.0897267e-07
-27.500002,22.499998,4986,4635,1.117649e-07,0.15000011,0.14999999,0.14999999105930328,8.940696710757479e-09,5.96046447383832e-06,1.05617715e-07,1.117649e-07
-27.500002,25.0,4985,4634,1.0990568e-07,0.15000011,0.15,0.15000000596046448,-5.960464483090178e-09,-3.973642988726786e-06,1.0461908e-07,1.0990568e-07
-27.500002,27.500002,4984,4633,1.09510566e-07,0.15000011,0.15,0.15000000596046448,-5.960464483090178e-09,-3.973642988726786e-06,1.059865e-07,1.09510566e-07
-27.500002,30.0,4983,4632,1.1176466e-07,0.15000011,0.14999999,0.14999999105930328,8.940696710757479e-09,5.96046447383832e-06,1.10304185e-07,1.1176466e-07
-27.500002,32.5,4982,4631,1.0931422e-07,0.15000011,0.15,0.15000000596046448,-5.960464483090178e-09,-3.973642988726786e-06,1.1155406e-07,1.0931422e-07
-27.500002,35.0,4981,4630,1.106608e-07,0.15000013,0.15000002,0.15000002086162567,-2.0861625676937834e-08,-1.390775045129189e-05,1.1781637e-07,1.106608e-07
-27.500002,37.5,4980,4629,1.12004756e-07,0.15000013,0.15,0.15000000596046448,-5.960464483090178e-09,-3.973642988726786e-06,1.2592967e-07,1.12004756e-07
-27.500002,40.0,4979,4628,1.0958094e-07,0.15000014,0.15000004,0.15000003576278687,-3.576278687078549e-08,-2.3841857913856995e-05,1.3153058e-07,1.0958094e-07
-27.500002,42.5,4978,4627,1.06408464e-07,0.15000014,0.15000004,0.15000003576278687,-3.576278687078549e-08,-2.3841857913856995e-05,1.3843305e-07,1.06408464e-07
-27.500002,44.999996,4977,4626,1.02659044e-07,0.15000015,0.15000005,0.15000005066394806,-5.0663948064633146e-08,-3.37759653764221e-05,1.4361795e-07,1.02659044e-07
-27.500002,47.5,4976,4625,9.932359e-08,0.15000015,0.15000005,0.15000005066394806,-5.0663948064633146e-08,-3.37759653764221e-05,1.515251e-07,9.932359e-08
-27.500002,50.0,622,565,9.955347e-08,0.15000017,0.15000007,0.15000006556510925,-6.55651092584808e-08,-4.37100728389872e-05,1.5992869e-07,9.955347e-08
-26.0,-50.0,575,516,-1.17028534e-07,0.14999992,0.15000004,0.15000003576278687,-3.576278687078549e-08,-2.3841857913856995e-05,-8.924161e-08,-1.17028534e-07
-26.0,-47.5,4975,4624,-1.1306138e-07,0.14999992,0.15000004,0.15000003576278687,-3.576278687078549e-08,-2.3841857913856995e-05,-8.6191356e-08,-1.1306138e-07
-26.0,-44.999996,4974,4623,-1.10048866e-07,0.14999992,0.15000002,0.15000002086162567,-2.0861625676937834e-08,-1.390775045129189e-05,-8.3618446e-08,-1.10048866e-07
-26.0,-42.5,4973,4622,-1.071013e-07,0.14999993,0.15000004,0.15000003576278687,-3.576278687078549e-08,-2.3841857913856995e-05,-8.1521506e-08,-1.071013e-07
-26.0,-40.0,4972,4621,-1.09480006e-07,0.14999992,0.15000002,0.15000002086162567,-2.0861625676937834e-08,-1.390775045129189e-05,-8.680798e-08,-1.09480006e-07
-26.0,-37.5,4971,4620,-1.0738625e-07,0.14999992,0.15000002,0.15000002086162567,-2.0861625676937834e-08,-1.390775045129189e-05,-8.7065544e-08,-1.0738625e-07
-26.0,-35.0,4970,4619,-1.02251214e-07,0.14999992,0.15000002,0.15000002086162567,-2.0861625676937834e-08,-1.390775045129189e-05,-8.49056e-08,-1.02251214e-07
-26.0,-32.5,4969,4618,-9.71068e-08,0.14999992,0.15000002,0.15000002086162567,-2.0861625676937834e-08,-1.390775045129189e-05,-8.214487e-08,-9.71068e-08
-26.0,-30.0,4968,4617,-8.908043e-08,0.14999993,0.15000002,0.15000002086162567,-2.0861625676937834e-08,-1.390775045129189e-05,-7.54135e-08,-8.908043e-08
-26.0,-27.500002,4967,4616,-8.9274124e-08,0.14999993,0.15000002,0.15000002086162567,-2.0861625676937834e-08,-1.390775045129189e-05,-7.609018e-08,-8.9274124e-08
-26.0,-25.0,4966,4615,-9.105897e-08,0.14999993,0.15000002,0.15000002086162567,-2.0861625676937834e-08,-1.390775045129189e-05,-7.909093e-08,-9.105897e-08
-26.0,-22.499998,4965,4614,-8.502642e-08,0.14999993,0.15000002,0.15000002086162567,-2.0861625676937834e-08,-1.390775045129189e-05,-7.380473e-08,-8.502642e-08
-26.0,-20.0,4964,4613,-8.360242e-08,0.14999993,0.15000002,0.15000002086162567,-2.0861625676937834e-08,-1.390775045129189e-05,-7.306844e-08,-8.360242e-08
-26.0,-17.5,4963,4612,-8.1312436e-08,0.14999993,0.15,0.15000000596046448,-5.960464483090178e-09,-3.973642988726786e-06,-7.074047e-08,-8.1312436e-08
-26.0,-15.0,4962,4611,-7.215409e-08,0.14999995,0.15000002,0.15000002086162567,-2.0861625676937834e-08,-1.390775045129189e-05,-6.1629784e-08,-7.215409e-08
-26.0,-12.5,4961,4610,-6.2250194e-08,0.14999996,0.15000002,0.15000002086162567,-2.0861625676937834e-08,-1.390775045129189e-05,-5.179566e-08,-6.2250194e-08
-26.0,-10.0,4960,4609,-4.7542265e-08,0.14999996,0.15,0.15000000596046448,-5.960464483090178e-09,-3.973642988726786e-06,-3.749759e-08,-4.7542265e-08
-26.0,-7.5,4959,4608,-3.75368e-08,0.14999998,0.15000002,0.15000002086162567,-2.0861625676937834e-08,-1.390775045129189e-05,-2.7509685e-08,-3.75368e-08
-26.0,-5.0,4958,4607,-2.706724e-08,0.14999999,0.15000002,0.15000002086162567,-2.0861625676937834e-08,-1.390775045129189e-05,-1.7203735e-08,-2.706724e-08
-26.0,-2.5,4957,4606,-1.0936721e-08,0.15,0.15000002,0.15000002086162567,-2.0861625676937834e-08,-1.390775045129189e-05,-1.0056708e-09,-1.0936721e-08
-26.0,0.0,4956,4605,2.9572051e-09,0.15000002,0.15000002,0.15000002086162567,-2.0861625676937834e-08,-1.390775045129189e-05,1.284954e-08,2.9572051e-09
-26.0,2.5,4955,4604,1.6115617e-08,0.15000004,0.15000002,0.15000002086162567,-2.0861625676937834e-08,-1.390775045129189e-05,2.6062226e-08,1.6115617e-08
-26.0,5.0,4954,4603,2.8875608e-08,0.15000005,0.15000002,0.15000002086162567,-2.0861625676937834e-08,-1.390775045129189e-05,3.8793374e-08,2.8875608e-08
-26.0,7.5,4953,4602,4.446895e-08,0.15000007,0.15000002,0.15000002086162567,-2.0861625676937834e-08,-1.390775045129189e-05,5.458805e-08,4.446895e-08
-26.0,10.0,4952,4601,6.3773285e-08,0.15000008,0.15000002,0.15000002086162567,-2.0861625676937834e-08,-1.390775045129189e-05,7.397016e-08,6.3773285e-08
-26.0,12.5,4951,4600,7.485436e-08,0.1500001,0.15000002,0.15000002086162567,-2.0861625676937834e-08,-1.390775045129189e-05,8.5374964e-08,7.485436e-08
-26.0,15.0,4950,4599,8.135598e-08,0.1500001,0.15000002,0.15000002086162567,-2.0861625676937834e-08,-1.390775045129189e-05,9.196582e-08,8.135598e-08
-26.0,17.5,4949,4598,8.99861e-08,0.15000011,0.15000002,0.15000002086162567,-2.0861625676937834e-08,-1.390775045129189e-05,1.00720236e-07,8.99861e-08
-26.0,20.0,4948,4597,1.0002072e-07,0.15000011,0.15,0.15000000596046448,-5.960464483090178e-09,-3.973642988726786e-06,1.1062454e-07,1.0002072e-07
-26.0,22.499998,4947,4596,1.03007025e-07,0.15000013,0.15000002,0.15000002086162567,-2.0861625676937834e-08,-1.390775045129189e-05,1.14293115e-07,1.03007025e-07
-26.0,25.0,4946,4595,1.01233034e-07,0.15000013,0.15000002,0.15000002086162567,-2.0861625676937834e-08,-1.390775045129189e-05,1.1328828e-07,1.01233034e-07
-26.0,27.500002,4945,4594,1.0066685e-07,0.15000013,0.15000002,0.15000002086162567,-2.0861625676937834e-08,-1.390775045129189e-05,1.1396454e-07,1.0066685e-07
-26.0,30.0,4944,4593,1.0325804e-07,0.15000013,0.15000002,0.15000002086162567,-2.0861625676937834e-08,-1.390775045129189e-05,1.1697498e-07,1.0325804e-07
-26.0,32.5,4943,4592,1.0172203e-07,0.15000013,0.15000002,0.15000002086162567,-2.0861625676937834e-08,-1.390775045129189e-05,1.16701536e-07,1.0172203e-07
-26.0,35.0,4942,4591,1.0447342e-07,0.15000013,0.15000002,0.15000002086162567,-2.0861625676937834e-08,-1.390775045129189e-05,1.2180156e-07,1.0447342e-07
-26.0,37.5,4941,4590,1.08048006e-07,0.15000014,0.15000004,0.15000003576278687,-3.576278687078549e-08,-2.3841857913856995e-05,1.2837103e-07,1.08048006e-07
-26.0,40.0,4940,4589,1.0893806e-07,0.15000014,0.15000004,0.15000003576278687,-3.576278687078549e-08,-2.3841857913856995e-05,1.316441e-07,1.0893806e-07
-26.0,42.5,4939,4588,1.0899758e-07,0.15000014,0.15000004,0.15000003576278687,-3.576278687078549e-08,-2.3841857913856995e-05,1.3462089e-07,1.0899758e-07
-26.0,44.999996,4938,4587,1.09005676e-07,0.15000014,0.15000004,0.15000003576278687,-3.576278687078549e-08,-2.3841857913856995e-05,1.3553006e-07,1.09005676e-07
-26.0,47.5,4937,4586,1.1105591e-07,0.15000014,0.15000004,0.15000003576278687,-3.576278687078549e-08,-2.3841857913856995e-05,1.380765e-07,1.1105591e-07
-26.0,50.0,621,566,1.1483435e-07,0.15000015,0.15000004,0.15000003576278687,-3.576278687078549e-08,-2.3841857913856995e-05,1.4284451e-07,1.1483435e-07
-24.499998,-50.0,576,515,-1.3495517e-07,0.14999993,0.15000007,0.15000006556510925,-6.55651092584808e-08,-4.37100728389872e-05,-7.717227e-08,-1.3495517e-07
-24.499998,-47.5,4936,4585,-1.3026676e-07,0.14999993,0.15000007,0.15000006556510925,-6.55651092584808e-08,-4.37100728389872e-05,-7.455035e-08,-1.3026676e-07
-24.499998,-44.999996,4935,4584,-1.2595035e-07,0.14999993,0.15000005,0.15000005066394806,-5.0663948064633146e-08,-3.37759653764221e-05,-7.2940544e-08,-1.2595035e-07
-24.499998,-42.5,4934,4583,-1.2299445e-07,0.14999993,0.15000005,0.15000005066394806,-5.0663948064633146e-08,-3.37759653764221e-05,-7.14188e-08,-1.2299445e-07
-24.499998,-40.0,4933,4582,-1.2512707e-07,0.14999993,0.15000005,0.15000005066394806,-5.0663948064633146e-08,-3.37759653764221e-05,-7.668771e-08,-1.2512707e-07
-24.499998,-37.5,4932,4581,-1.2300625e-07,0.14999993,0.15000005,0.15000005066394806,-5.0663948064633146e-08,-3.37759653764221e-05,-7.7259116e-08,-1.2300625e-07
-24.499998,-35.0,4931,4580,-1.180523e-07,0.14999993,0.15000005,0.15000005066394806,-5.0663948064633146e-08,-3.37759653764221e-05,-7.460871e-08,-1.180523e-07
-24.499998,-32.5,4930,4579,-1.1343368e-07,0.14999993,0.15000005,0.15000005066394806,-5.0663948064633146e-08,-3.37759653764221e-05,-7.070978e-08,-1.1343368e-07
-24.499998,-30.0,4929,4578,-1.06436865e-07,0.14999995,0.15000005,0.15000005066394806,-5.0663948064633146e-08,-3.37759653764221e-05,-6.336716e-08,-1.06436865e-07
-24.499998,-27.500002,4928,4577,-1.07815566e-07,0.14999995,0.15000005,0.15000005066394806,-5.0663948064633146e-08,-3.37759653764221e-05,-6.3035294e-08,-1.07815566e-07
-24.499998,-25.0,4927,4576,-1.1112344e-07,0.14999995,0.15000005,0.15000005066394806,-5.0663948064633146e-08,-3.37759653764221e-05,-6.4452784e-08,-1.1112344e-07
-24.499998,-22.499998,4926,4575,-1.0664938e-07,0.14999995,0.15000005,0.15000005066394806,-5.0663948064633146e-08,-3.37759653764221e-05,-5.7766577e-08,-1.0664938e-07
-24.499998,-20.0,4925,4574,-1.0647808e-07,0.14999995,0.15000005,0.15000005066394806,-5.0663948064633146e-08,-3.37759653764221e-05,-5.5900113e-08,-1.0647808e-07
-24.499998,-17.5,4924,4573,-1.04895506e-07,0.14999995,0.15000005,0.15000005066394806,-5.0663948064633146e-08,-3.37759653764221e-05,-5.309748e-08,-1.04895506e-07
-24.499998,-15.0,4923,4572,-9.615072e-08,0.14999996,0.15000005,0.15000005066394806,-5.0663948064633146e-08,-3.37759653764221e-05,-4.3751715e-08,-9.615072e-08
-24.499998,-12.5,4922,4571,-8.633664e-08,0.14999998,0.15000007,0.15000006556510925,-6.55651092584808e-08,-4.37100728389872e-05,-3.3431274e-08,-8.633664e-08
-24.499998,-10.0,4921,4570,-7.227883e-08,0.14999999,0.15000007,0.15000006556510925,-6.55651092584808e-08,-4.37100728389872e-05,-1.9493637e-08,-7.227883e-08
-24.499998,-7.5,4920,4569,-6.206793e-08,0.14999999,0.15000005,0.15000005066394806,-5.0663948064633146e-08,-3.37759653764221e-05,-9.350977e-09,-6.206793e-08
-24.499998,-5.0,4919,4568,-5.1221384e-08,0.15,0.15000005,0.15000005066394806,-5.0663948064633146e-08,-3.37759653764221e-05,1.1986796e-09,-5.1221384e-08
-24.499998,-2.5,4918,4567,-3.5116848e-08,0.15000002,0.15000005,0.15000005066394806,-5.0663948064633146e-08,-3.37759653764221e-05,1.7369043e-08,-3.5116848e-08
-24.499998,0.0,4917,4566,-2.099385e-08,0.15000004,0.15000005,0.15000005066394806,-5.0663948064633146e-08,-3.37759653764221e-05,3.1326774e-08,-2.099385e-08
-24.499998,2.5,4916,4565,-7.882751e-09,0.15000005,0.15000007,0.15000006556510925,-6.55651092584808e-08,-4.37100728389872e-05,4.4521002e-08,-7.882751e-09
-24.499998,5.0,4915,4564,4.8791478e-09,0.15000007,0.15000007,0.15000006556510925,-6.55651092584808e-08,-4.37100728389872e-05,5.7147922e-08,4.8791478e-09
-24.499998,7.5,4914,4563,2.0236097e-08,0.15000008,0.15000007,0.15000006556510925,-6.55651092584808e-08,-4.37100728389872e-05,7.265943e-08,2.0236097e-08
-24.499998,10.0,4913,4562,3.9257124e-08,0.1500001,0.15000005,0.15000005066394806,-5.0663948064633146e-08,-3.37759653764221e-05,9.176858e-08,3.9257124e-08
-24.499998,12.5,4912,4561,5.0662397e-08,0.15000011,0.15000007,0.15000006556510925,-6.55651092584808e-08,-4.37100728389872e-05,1.0324254e-07,5.0662397e-08
-24.499998,15.0,4911,4560,5.7388007e-08,0.15000011,0.15000005,0.15000005066394806,-5.0663948064633146e-08,-3.37759653764221e-05,1.0960474e-07,5.7388007e-08
-24.499998,17.5,4910,4559,6.6353415e-08,0.15000013,0.15000007,0.15000006556510925,-6.55651092584808e-08,-4.37100728389872e-05,1.18048526e-07,6.6353415e-08
-24.499998,20.0,4909,4558,7.7310666e-08,0.15000014,0.15000007,0.15000006556510925,-6.55651092584808e-08,-4.37100728389872e-05,1.2778088e-07,7.7310666e-08
-24.499998,22.499998,4908,4557,8.136089e-08,0.15000014,0.15000007,0.15000006556510925,-6.55651092584808e-08,-4.37100728389872e-05,1.3032266e-07,8.136089e-08
-24.499998,25.0,4907,4556,8.116369e-08,0.15000014,0.15000007,0.15000006556510925,-6.55651092584808e-08,-4.37100728389872e-05,1.2780724e-07,8.116369e-08
-24.499998,27.500002,4906,4555,8.1699646e-08,0.15000013,0.15000005,0.15000005066394806,-5.0663948064633146e-08,-3.37759653764221e-05,1.2651873e-07,8.1699646e-08
-24.499998,30.0,4905,4554,8.492952e-08,0.15000014,0.15000005,0.15000005066394806,-5.0663948064633146e-08,-3.37759653764221e-05,1.2812359e-07,8.492952e-08
-24.499998,32.5,4904,4553,8.3773166e-08,0.15000013,0.15000004,0.15000003576278687,-3.576278687078549e-08,-2.3841857913856995e-05,1.2663843e-07,8.3773166e-08
-24.499998,35.0,4903,4552,8.742552e-08,0.15000014,0.15000005,0.15000005066394806,-5.0663948064633146e-08,-3.37759653764221e-05,1.310253e-07,8.742552e-08
-24.499998,37.5,4902,4551,9.1625736e-08,0.15000014,0.15000005,0.15000005066394806,-5.0663948064633146e-08,-3.37759653764221e-05,1.3744062e-07,9.1625736e-08
-24.499998,40.0,4901,4550,9.2786316e-08,0.15000014,0.15000005,0.15000005066394806,-5.0663948064633146e-08,-3.37759653764221e-05,1.4131372e-07,9.2786316e-08
-24.499998,42.5,4900,4549,9.2512295e-08,0.15000015,0.15000007,0.15000006556510925,-6.55651092584808e-08,-4.37100728389872e-05,1.4409231e-07,9.2512295e-08
-24.499998,44.999996,4899,4548,9.20287e-08,0.15000015,0.15000007,0.15000006556510925,-6.55651092584808e-08,-4.37100728389872e-05,1.4498754e-07,9.20287e-08
-24.499998,47.5,4898,4547,9.3168005e-08,0.15000015,0.15000007,0.15000006556510925,-6.55651092584808e-08,-4.37100728389872e-05,1.4877975e-07,9.3168005e-08
-24.499998,50.0,620,567,9.636794e-08,0.15000015,0.15000007,0.15000006556510925,-6.55651092584808e-08,-4.37100728389872e-05,1.5414304e-07,9.636794e-08
-23.0,-50.0,577,514,-9.462518e-08,0.14999987,0.14999996,0.1499999612569809,3.874301909845279e-08,2.582867939896853e-05,-1.2958054e-07,-9.462518e-08
-23.0,-47.5,4897,4546,-9.173511e-08,0.14999989,0.14999998,0.1499999761581421,2.3841857904605135e-08,1.5894571936403423e-05,-1.2481092e-07,-9.173511e-08
-23.0,-44.999996,4896,4545,-8.911602e-08,0.14999989,0.14999998,0.1499999761581421,2.3841857904605135e-08,1.5894571936403423e-05,-1.2123255e-07,-8.911602e-08
-23.0,-42.5,4895,4544,-8.7137984e-08,0.14999989,0.14999998,0.1499999761581421,2.3841857904605135e-08,1.5894571936403423e-05,-1.1912382e-07,-8.7137984e-08
-23.0,-40.0,4894,4543,-8.972581e-08,0.14999989,0.14999998,0.1499999761581421,2.3841857904605135e-08,1.5894571936403423e-05,-1.2354596e-07,-8.972581e-08
-23.0,-37.5,4893,4542,-8.8118774e-08,0.14999989,0.14999998,0.1499999761581421,2.3841857904605135e-08,1.5894571936403423e-05,-1.2381129e-07,-8.8118774e-08
-23.0,-35.0,4892,4541,-8.322154e-08,0.14999989,0.14999998,0.1499999761581421,2.3841857904605135e-08,1.5894571936403423e-05,-1.2097838e-07,-8.322154e-08
-23.0,-32.5,4891,4540,-7.772815e-08,0.14999989,0.14999996,0.1499999612569809,3.874301909845279e-08,2.582867939896853e-05,-1.1754311e-07,-7.772815e-08
-23.0,-30.0,4890,4539,-6.965729e-08,0.14999989,0.14999996,0.1499999612569809,3.874301909845279e-08,2.582867939896853e-05,-1.1187147e-07,-6.965729e-08
-23.0,-27.500002,4889,4538,-6.922537e-08,0.14999989,0.14999996,0.1499999612569809,3.874301909845279e-08,2.582867939896853e-05,-1.1343558e-07,-6.922537e-08
-23.0,-25.0,4888,4537,-7.0684806e-08,0.14999989,0.14999996,0.1499999612569809,3.874301909845279e-08,2.582867939896853e-05,-1.1656861e-07,-7.0684806e-08
-23.0,-22.499998,4887,4536,-6.448912e-08,0.1499999,0.14999996,0.1499999612569809,3.874301909845279e-08,2.582867939896853e-05,-1.1175284e-07,-6.448912e-08
-23.0,-20.0,4886,4535,-6.2934404e-08,0.1499999,0.14999996,0.1499999612569809,3.874301909845279e-08,2.582867939896853e-05,-1.11245186e-07,-6.2934404e-08
-23.0,-17.5,4885,4534,-6.063223e-08,0.1499999,0.14999996,0.1499999612569809,3.874301909845279e-08,2.582867939896853e-05,-1.09279505e-07,-6.063223e-08
-23.0,-15.0,4884,4533,-5.1477215e-08,0.1499999,0.14999995,0.1499999463558197,5.364418029230045e-08,3.5762786861533634e-05,-1.0051188e-07,-5.1477215e-08
-23.0,-12.5,4883,4532,-4.1448825e-08,0.14999992,0.14999996,0.1499999612569809,3.874301909845279e-08,2.582867939896853e-05,-9.022958e-08,-4.1448825e-08
-23.0,-10.0,4882,4531,-2.7950612e-08,0.14999993,0.14999996,0.1499999612569809,3.874301909845279e-08,2.582867939896853e-05,-7.678057e-08,-2.7950612e-08
-23.0,-7.5,4881,4530,-1.7747679e-08,0.14999995,0.14999996,0.1499999612569809,3.874301909845279e-08,2.582867939896853e-05,-6.64068e-08,-1.7747679e-08
-23.0,-5.0,4880,4529,-6.632781e-09,0.14999995,0.14999995,0.1499999463558197,5.364418029230045e-08,3.5762786861533634e-05,-5.529123e-08,-6.632781e-09
-23.0,-2.5,4879,4528,9.409476e-09,0.14999996,0.14999995,0.1499999463558197,5.364418029230045e-08,3.5762786861533634e-05,-3.9121904e-08,9.409476e-09
-23.0,0.0,4878,4527,2.3727312e-08,0.14999998,0.14999995,0.1499999463558197,5.364418029230045e-08,3.5762786861533634e-05,-2.4878613e-08,2.3727312e-08
-23.0,2.5,4877,4526,3.6786627e-08,0.14999999,0.14999996,0.1499999612569809,3.874301909845279e-08,2.582867939896853e-05,-1.1716348e-08,3.6786627e-08
-23.0,5.0,4876,4525,4.950561e-08,0.15,0.14999996,0.1499999612569809,3.874301909845279e-08,2.582867939896853e-05,9.682235e-10,4.950561e-08
-23.0,7.5,4875,4524,6.459952e-08,0.15000002,0.14999996,0.1499999612569809,3.874301909845279e-08,2.582867939896853e-05,1.610389e-08,6.459952e-08
-23.0,10.0,4874,4523,8.335726e-08,0.15000004,0.14999995,0.1499999463558197,5.364418029230045e-08,3.5762786861533634e-05,3.476782e-08,8.335726e-08
-23.0,12.5,4873,4522,9.495484e-08,0.15000005,0.14999996,0.1499999612569809,3.874301909845279e-08,2.582867939896853e-05,4.6378926e-08,9.495484e-08
-23.0,15.0,4872,4521,1.0162764e-07,0.15000007,0.14999996,0.1499999612569809,3.874301909845279e-08,2.582867939896853e-05,5.2795706e-08,1.0162764e-07
-23.0,17.5,4871,4520,1.10213186e-07,0.15000007,0.14999996,0.1499999612569809,3.874301909845279e-08,2.582867939896853e-05,6.157839e-08,1.10213186e-07
-23.0,20.0,4870,4519,1.2068422e-07,0.15000008,0.14999996,0.1499999612569809,3.874301909845279e-08,2.582867939896853e-05,7.25474e-08,1.2068422e-07
-23.0,22.499998,4869,4518,1.2343585e-07,0.15000008,0.14999996,0.1499999612569809,3.874301909845279e-08,2.582867939896853e-05,7.62679e-08,1.2343585e-07
-23.0,25.0,4868,4517,1.2147858e-07,0.15000008,0.14999996,0.1499999612569809,3.874301909845279e-08,2.582867939896853e-05,7.560246e-08,1.2147858e-07
-23.0,27.500002,4867,4516,1.198725e-07,0.15000008,0.14999996,0.1499999612569809,3.874301909845279e-08,2.582867939896853e-05,7.564311e-08,1.198725e-07
-23.0,30.0,4866,4515,1.210791e-07,0.15000008,0.14999996,0.1499999612569809,3.874301909845279e-08,2.582867939896853e-05,7.87455e-08,1.210791e-07
-23.0,32.5,4865,4514,1.1817329e-07,0.15000008,0.14999996,0.1499999612569809,3.874301909845279e-08,2.582867939896853e-05,7.816715e-08,1.1817329e-07
-23.0,35.0,4864,4513,1.2119955e-07,0.1500001,0.14999998,0.1499999761581421,2.3841857904605135e-08,1.5894571936403423e-05,8.335323e-08,1.2119955e-07
-23.0,37.5,4863,4512,1.2558769e-07,0.1500001,0.14999998,0.1499999761581421,2.3841857904605135e-08,1.5894571936403423e-05,8.9769834e-08,1.2558769e-07
-23.0,40.0,4862,4511,1.2745727e-07,0.1500001,0.14999996,0.1499999612569809,3.874301909845279e-08,2.582867939896853e-05,9.360077e-08,1.2745727e-07
-23.0,42.5,4861,4510,1.2773317e-07,0.1500001,0.14999996,0.1499999612569809,3.874301909845279e-08,2.582867939896853e-05,9.563782e-08,1.2773317e-07
-23.0,44.999996,4860,4509,1.2779542e-07,0.1500001,0.14999996,0.1499999612569809,3.874301909845279e-08,2.582867939896853e-05,9.5617764e-08,1.2779542e-07
-23.0,47.5,4859,4508,1.3099202e-07,0.15000011,0.14999998,0.1499999761581421,2.3841857904605135e-08,1.5894571936403423e-05,9.7912e-08,1.3099202e-07
-23.0,50.0,619,568,1.3616257e-07,0.15000011,0.14999998,0.1499999761581421,2.3841857904605135e-08,1.5894571936403423e-05,1.01449444e-07,1.3616257e-07
-21.500002,-50.0,578,513,-1.5213759e-07,0.14999992,0.15000007,0.15000006556510925,-6.55651092584808e-08,-4.37100728389872e-05,-8.951595e-08,-1.5213759e-07
-21.500002,-47.5,4858,4507,-1.4610143e-07,0.14999992,0.15000007,0.15000006556510925,-6.55651092584808e-08,-4.37100728389872e-05,-8.7644636e-08,-1.4610143e-07
-21.500002,-44.999996,4857,4506,-1.401118e-07,0.14999992,0.15000005,0.15000005066394806,-5.0663948064633146e-08,-3.37759653764221e-05,-8.73551e-08,-1.401118e-07
-21.500002,-42.5,4856,4505,-1.378967e-07,0.14999992,0.15000005,0.15000005066394806,-5.0663948064633146e-08,-3.37759653764221e-05,-8.5619575e-08,-1.378967e-07
-21.500002,-40.0,4855,4504,-1.409967e-07,0.14999992,0.15000005,0.15000005066394806,-5.0663948064633146e-08,-3.37759653764221e-05,-8.918194e-08,-1.409967e-07
-21.500002,-37.5,4854,4503,-1.4085123e-07,0.14999992,0.15000005,0.15000005066394806,-5.0663948064633146e-08,-3.37759653764221e-05,-8.816561e-08,-1.4085123e-07
-21.500002,-35.0,4853,4502,-1.3720233e-07,0.14999992,0.15000005,0.15000005066394806,-5.0663948064633146e-08,-3.37759653764221e-05,-8.4076255e-08,-1.3720233e-07
-21.500002,-32.5,4852,4501,-1.3340966e-07,0.14999993,0.15000007,0.15000006556510925,-6.55651092584808e-08,-4.37100728389872e-05,-7.876837e-08,-1.3340966e-07
-21.500002,-30.0,4851,4500,-1.2777673e-07,0.14999993,0.15000007,0.15000006556510925,-6.55651092584808e-08,-4.37100728389872e-05,-7.1338846e-08,-1.2777673e-07
-21.500002,-27.500002,4850,4499,-1.2971687e-07,0.14999993,0.15000007,0.15000006556510925,-6.55651092584808e-08,-4.37100728389872e-05,-7.0504115e-08,-1.2971687e-07
-21.500002,-25.0,4849,4498,-1.331393e-07,0.14999993,0.15000007,0.15000006556510925,-6.55651092584808e-08,-4.37100728389872e-05,-7.1388015e-08,-1.331393e-07
-21.500002,-22.499998,4848,4497,-1.2891788e-07,0.14999995,0.15000008,0.15000008046627045,-8.046627045232846e-08,-5.364418030155231e-05,-6.475125e-08,-1.2891788e-07
-21.500002,-20.0,4847,4496,-1.2862098e-07,0.14999995,0.15000008,0.15000008046627045,-8.046627045232846e-08,-5.364418030155231e-05,-6.279775e-08,-1.2862098e-07
-21.500002,-17.5,4846,4495,-1.2712336e-07,0.14999995,0.15000008,0.15000008046627045,-8.046627045232846e-08,-5.364418030155231e-05,-5.9965785e-08,-1.2712336e-07
-21.500002,-15.0,4845,4494,-1.18539624e-07,0.14999996,0.15000008,0.15000008046627045,-8.046627045232846e-08,-5.364418030155231e-05,-5.0870614e-08,-1.18539624e-07
-21.500002,-12.5,4844,4493,-1.0852432e-07,0.14999996,0.15000007,0.15000006556510925,-6.55651092584808e-08,-4.37100728389872e-05,-4.0561645e-08,-1.0852432e-07
-21.500002,-10.0,4843,4492,-9.5486556e-08,0.14999998,0.15000007,0.15000006556510925,-6.55651092584808e-08,-4.37100728389872e-05,-2.7495414e-08,-9.5486556e-08
-21.500002,-7.5,4842,4491,-8.522038e-08,0.14999999,0.15000008,0.15000008046627045,-8.046627045232846e-08,-5.364418030155231e-05,-1.7137676e-08,-8.522038e-08
-21.500002,-5.0,4841,4490,-7.3660686e-08,0.15,0.15000008,0.15000008046627045,-8.046627045232846e-08,-5.364418030155231e-05,-5.487211e-09,-7.3660686e-08
-21.500002,-2.5,4840,4489,-5.7673503e-08,0.15000002,0.15000008,0.15000008046627045,-8.046627045232846e-08,-5.364418030155231e-05,1.0668401e-08,-5.7673503e-08
-21.500002,0.0,4839,4488,-4.317186e-08,0.15000004,0.15000008,0.15000008046627045,-8.046627045232846e-08,-5.364418030155231e-05,2.5194842e-08,-4.317186e-08
-21.500002,2.5,4838,4487,-3.0108726e-08,0.15000005,0.15000008,0.15000008046627045,-8.046627045232846e-08,-5.364418030155231e-05,3.8204472e-08,-3.0108726e-08
-21.500002,5.0,4837,4486,-1.727411e-08,0.15000005,0.15000007,0.15000006556510925,-6.55651092584808e-08,-4.37100728389872e-05,5.0826596e-08,-1.727411e-08
-21.500002,7.5,4836,4485,-2.446609e-09,0.15000007,0.15000007,0.15000006556510925,-6.55651092584808e-08,-4.37100728389872e-05,6.5482716e-08,-2.446609e-09
-21.500002,10.0,4835,4484,1.595056e-08,0.1500001,0.15000008,0.15000008046627045,-8.046627045232846e-08,-5.364418030155231e-05,8.371195e-08,1.595056e-08
-21.500002,12.5,4834,4483,2.7697158e-08,0.1500001,0.15000007,0.15000006556510925,-6.55651092584808e-08,-4.37100728389872e-05,9.54177e-08,2.7697158e-08
-21.500002,15.0,4833,4482,3.440343e-08,0.15000011,0.15000008,0.15000008046627045,-8.046627045232846e-08,-5.364418030155231e-05,1.01971146e-07,3.440343e-08
-21.500002,17.5,4832,4481,4.3324242e-08,0.15000011,0.15000007,0.15000006556510925,-6.55651092584808e-08,-4.37100728389872e-05,1.1037029e-07,4.3324242e-08
-21.500002,20.0,4831,4480,5.492337e-08,0.15000013,0.15000007,0.15000006556510925,-6.55651092584808e-08,-4.37100728389872e-05,1.207471e-07,5.492337e-08
-21.500002,22.499998,4830,4479,5.901956e-08,0.15000013,0.15000007,0.15000006556510925,-6.55651092584808e-08,-4.37100728389872e-05,1.2310954e-07,5.901956e-08
-21.500002,25.0,4829,4478,5.8898117e-08,0.15000013,0.15000007,0.15000006556510925,-6.55651092584808e-08,-4.37100728389872e-05,1.2075462e-07,5.8898117e-08
-21.500002,27.500002,4828,4477,5.9099857e-08,0.15000013,0.15000007,0.15000006556510925,-6.55651092584808e-08,-4.37100728389872e-05,1.1831236e-07,5.9099857e-08
-21.500002,30.0,4827,4476,6.241015e-08,0.15000013,0.15000007,0.15000006556510925,-6.55651092584808e-08,-4.37100728389872e-05,1.1897193e-07,6.241015e-08
-21.500002,32.5,4826,4475,6.125604e-08,0.15000013,0.15000007,0.15000006556510925,-6.55651092584808e-08,-4.37100728389872e-05,1.16035075e-07,6.125604e-08
-21.500002,35.0,4825,4474,6.6196456e-08,0.15000013,0.15000007,0.15000006556510925,-6.55651092584808e-08,-4.37100728389872e-05,1.1954789e-07,6.6196456e-08
-21.500002,37.5,4824,4473,7.183681e-08,0.15000013,0.15000005,0.15000005066394806,-5.0663948064633146e-08,-3.37759653764221e-05,1.2457068e-07,7.183681e-08
-21.500002,40.0,4823,4472,7.523404e-08,0.15000014,0.15000007,0.15000006556510925,-6.55651092584808e-08,-4.37100728389872e-05,1.2722627e-07,7.523404e-08
-21.500002,42.5,4822,4471,7.63035e-08,0.15000014,0.15000007,0.15000006556510925,-6.55651092584808e-08,-4.37100728389872e-05,1.2867183e-07,7.63035e-08
-21.500002,44.999996,4821,4470,7.592755e-08,0.15000014,0.15000007,0.15000006556510925,-6.55651092584808e-08,-4.37100728389872e-05,1.2883686e-07,7.592755e-08
-21.500002,47.5,4820,4469,7.617513e-08,0.15000014,0.15000007,0.15000006556510925,-6.55651092584808e-08,-4.37100728389872e-05,1.3462791e-07,7.617513e-08
-21.500002,50.0,618,569,7.850849e-08,0.15000014,0.15000007,0.15000006556510925,-6.55651092584808e-08,-4.37100728389872e-05,1.412585e-07,7.850849e-08
-20.0,-50.0,14,16,-1.06528866e-07,0.14999986,0.14999996,0.1499999612569809,3.874301909845279e-08,2.582867939896853e-05,-1.5559596e-07,-1.06528866e-07
-20.0,-47.5,429,454,-1.0473501e-07,0.14999986,0.14999996,0.1499999612569809,3.874301909845279e-08,2.582867939896853e-05,-1.4939702e-07,-1.0473501e-07
-20.0,-44.999996,428,455,-1.029327e-07,0.14999986,0.14999996,0.1499999612569809,3.874301909845279e-08,2.582867939896853e-05,-1.4507435e-07,-1.029327e-07
-20.0,-42.5,427,456,-1.0135162e-07,0.14999986,0.14999996,0.1499999612569809,3.874301909845279e-08,2.582867939896853e-05,-1.426098e-07,-1.0135162e-07
-20.0,-40.0,426,457,-1.0351209e-07,0.14999986,0.14999996,0.1499999612569809,3.874301909845279e-08,2.582867939896853e-05,-1.4690708e-07,-1.0351209e-07
-20.0,-37.5,425,458,-1.0181574e-07,0.14999986,0.14999996,0.1499999612569809,3.874301909845279e-08,2.582867939896853e-05,-1.4756466e-07,-1.0181574e-07
-20.0,-35.0,424,459,-9.694426e-08,0.14999986,0.14999996,0.1499999612569809,3.874301909845279e-08,2.582867939896853e-05,-1.4471588e-07,-9.694426e-08
-20.0,-32.5,423,460,-9.157861e-08,0.14999987,0.14999996,0.1499999612569809,3.874301909845279e-08,2.582867939896853e-05,-1.4102311e-07,-9.157861e-08
-20.0,-30.0,422,461,-8.425687e-08,0.14999987,0.14999996,0.1499999612569809,3.874301909845279e-08,2.582867939896853e-05,-1.358944e-07,-8.425687e-08
-20.0,-27.500002,421,462,-8.3766096e-08,0.14999987,0.14999996,0.1499999612569809,3.874301909845279e-08,2.582867939896853e-05,-1.3737463e-07,-8.3766096e-08
-20.0,-25.0,420,463,-8.490991e-08,0.14999987,0.14999996,0.1499999612569809,3.874301909845279e-08,2.582867939896853e-05,-1.4012511e-07,-8.490991e-08
-20.0,-22.499998,419,464,-7.936307e-08,0.14999987,0.14999995,0.1499999463558197,5.364418029230045e-08,3.5762786861533634e-05,-1.3504051e-07,-7.936307e-08
-20.0,-20.0,418,465,-7.8032414e-08,0.14999987,0.14999995,0.1499999463558197,5.364418029230045e-08,3.5762786861533634e-05,-1.3387633e-07,-7.8032414e-08
-20.0,-17.5,417,466,-7.563044e-08,0.14999987,0.14999995,0.1499999463558197,5.364418029230045e-08,3.5762786861533634e-05,-1.3172505e-07,-7.563044e-08
-20.0,-15.0,416,467,-6.693541e-08,0.14999989,0.14999995,0.1499999463558197,5.364418029230045e-08,3.5762786861533634e-05,-1.2312935e-07,-6.693541e-08
-20.0,-12.5,415,468,-5.6963025e-08,0.14999989,0.14999995,0.1499999463558197,5.364418029230045e-08,3.5762786861533634e-05,-1.1304439e-07,-5.6963025e-08
-20.0,-10.0,414,469,-4.4245947e-08,0.1499999,0.14999995,0.1499999463558197,5.364418029230045e-08,3.5762786861533634e-05,-1.00181424e-07,-4.4245947e-08
-20.0,-7.5,413,470,-3.3965627e-08,0.14999992,0.14999995,0.1499999463558197,5.364418029230045e-08,3.5762786861533634e-05,-8.993342e-08,-3.3965627e-08
-20.0,-5.0,412,471,-2.1908727e-08,0.14999993,0.14999995,0.1499999463558197,5.364418029230045e-08,3.5762786861533634e-05,-7.786392e-08,-2.1908727e-08
-20.0,-2.5,411,472,-5.766134e-09,0.14999995,0.14999995,0.1499999463558197,5.364418029230045e-08,3.5762786861533634e-05,-6.188986e-08,-5.766134e-09
-20.0,0.0,410,473,8.968134e-09,0.14999996,0.14999995,0.1499999463558197,5.364418029230045e-08,3.5762786861533634e-05,-4.7164637e-08,8.968134e-09
-20.0,2.5,409,474,2.1819423e-08,0.14999998,0.14999996,0.1499999612569809,3.874301909845279e-08,2.582867939896853e-05,-3.4226048e-08,2.1819423e-08
-20.0,5.0,408,475,3.4437804e-08,0.14999999,0.14999996,0.1499999612569809,3.874301909845279e-08,2.582867939896853e-05,-2.1452498e-08,3.4437804e-08
-20.0,7.5,407,476,4.872115e-08,0.15,0.14999996,0.1499999612569809,3.874301909845279e-08,2.582867939896853e-05,-7.0142647e-09,4.872115e-08
-20.0,10.0,406,477,6.656666e-08,0.15000002,0.14999996,0.1499999612569809,3.874301909845279e-08,2.582867939896853e-05,1.0903178e-08,6.656666e-08
-20.0,12.5,405,478,7.841914e-08,0.15000004,0.14999996,0.1499999612569809,3.874301909845279e-08,2.582867939896853e-05,2.262865e-08,7.841914e-08
-20.0,15.0,404,479,8.530263e-08,0.15000004,0.14999995,0.1499999463558197,5.364418029230045e-08,3.5762786861533634e-05,2.9373563e-08,8.530263e-08
-20.0,17.5,403,480,9.3955286e-08,0.15000005,0.14999996,0.1499999612569809,3.874301909845279e-08,2.582867939896853e-05,3.7952077e-08,9.3955286e-08
-20.0,20.0,402,481,1.0482971e-07,0.15000005,0.14999995,0.1499999463558197,5.364418029230045e-08,3.5762786861533634e-05,4.913241e-08,1.0482971e-07
-20.0,22.499998,401,482,1.08112445e-07,0.15000007,0.14999996,0.1499999612569809,3.874301909845279e-08,2.582867939896853e-05,5.240239e-08,1.08112445e-07
-20.0,25.0,400,483,1.0662746e-07,0.15000005,0.14999995,0.1499999463558197,5.364418029230045e-08,3.5762786861533634e-05,5.1541416e-08,1.0662746e-07
-20.0,27.500002,399,484,1.04574234e-07,0.15000005,0.14999995,0.1499999463558197,5.364418029230045e-08,3.5762786861533634e-05,5.0843617e-08,1.04574234e-07
-20.0,30.0,398,485,1.0540109e-07,0.15000007,0.14999996,0.1499999612569809,3.874301909845279e-08,2.582867939896853e-05,5.3838395e-08,1.0540109e-07
-20.0,32.5,397,486,1.02199415e-07,0.15000007,0.14999996,0.1499999612569809,3.874301909845279e-08,2.582867939896853e-05,5.269108e-08,1.02199415e-07
-20.0,35.0,396,487,1.0563884e-07,0.15000007,0.14999996,0.1499999612569809,3.874301909845279e-08,2.582867939896853e-05,5.7911567e-08,1.0563884e-07
-20.0,37.5,395,488,1.0967803e-07,0.15000007,0.14999996,0.1499999612569809,3.874301909845279e-08,2.582867939896853e-05,6.393647e-08,1.0967803e-07
-20.0,40.0,394,489,1.11413954e-07,0.15000008,0.14999998,0.1499999761581421,2.3841857904605135e-08,1.5894571936403423e-05,6.815218e-08,1.11413954e-07
-20.0,42.5,393,490,1.11955046e-07,0.15000008,0.14999996,0.1499999612569809,3.874301909845279e-08,2.582867939896853e-05,7.065086e-08,1.11955046e-07
-20.0,44.999996,392,491,1.12136505e-07,0.15000008,0.14999996,0.1499999612569809,3.874301909845279e-08,2.582867939896853e-05,7.003765e-08,1.12136505e-07
-20.0,47.5,391,492,1.166212e-07,0.15000008,0.14999996,0.1499999612569809,3.874301909845279e-08,2.582867939896853e-05,7.1981276e-08,1.166212e-07
-20.0,50.0,13,15,1.233605e-07,0.15000008,0.14999996,0.1499999612569809,3.874301909845279e-08,2.582867939896853e-05,7.456538e-08,1.233605e-07
-19.384615,-50.0,430,504,-1.1595815e-07,0.14999986,0.14999998,0.1499999761581421,2.3841857904605135e-08,1.5894571936403423e-05,-1.535231e-07,-1.1595815e-07
-19.384615,-47.5,3710,4178,-1.3078696e-07,0.14999987,0.15,0.15000000596046448,-5.960464483090178e-09,-3.973642988726786e-06,-1.3079851e-07,-1.3078696e-07
-19.384615,-44.999996,3711,4179,-1.3847723e-07,0.14999989,0.15000002,0.15000002086162567,-2.0861625676937834e-08,-1.390775045129189e-05,-1.1753483e-07,-1.3847723e-07
-19.384615,-42.5,3712,4180,-1.3557928e-07,0.14999989,0.15000002,0.15000002086162567,-2.0861625676937834e-08,-1.390775045129189e-05,-1.15601296e-07,-1.3557928e-07
-19.384615,-40.0,3713,4181,-1.407448e-07,0.14999989,0.15000002,0.15000002086162567,-2.0861625676937834e-08,-1.390775045129189e-05,-1.1659819e-07,-1.407448e-07
-19.384615,-37.5,3714,4182,-1.4071625e-07,0.14999989,0.15000002,0.15000002086162567,-2.0861625676937834e-08,-1.390775045129189e-05,-1.15634506e-07,-1.4071625e-07
-19.384615,-35.0,3715,4183,-1.3865157e-07,0.1499999,0.15000004,0.15000003576278687,-3.576278687078549e-08,-2.3841857913856995e-05,-1.09897925e-07,-1.3865157e-07
-19.384615,-32.5,3716,4184,-1.3465495e-07,0.1499999,0.15000004,0.15000003576278687,-3.576278687078549e-08,-2.3841857913856995e-05,-1.053252e-07,-1.3465495e-07
-19.384615,-30.0,3717,4185,-1.3023272e-07,0.1499999,0.15000004,0.15000003576278687,-3.576278687078549e-08,-2.3841857913856995e-05,-9.863603e-08,-1.3023272e-07
-19.384615,-27.500002,3718,4186,-1.3065927e-07,0.1499999,0.15000004,0.15000003576278687,-3.576278687078549e-08,-2.3841857913856995e-05,-9.874431e-08,-1.3065927e-07
-19.384615,-25.0,3719,4187,-1.3236411e-07,0.1499999,0.15000004,0.15000003576278687,-3.576278687078549e-08,-2.3841857913856995e-05,-9.968325e-08,-1.3236411e-07
-19.384615,-22.499998,3720,4188,-1.2721026e-07,0.14999992,0.15000005,0.15000005066394806,-5.0663948064633146e-08,-3.37759653764221e-05,-9.4964946e-08,-1.2721026e-07
-19.384615,-20.0,3721,4189,-1.2607492e-07,0.14999992,0.15000004,0.15000003576278687,-3.576278687078549e-08,-2.3841857913856995e-05,-9.299214e-08,-1.2607492e-07
-19.384615,-17.5,3722,4190,-1.2359394e-07,0.14999992,0.15000004,0.15000003576278687,-3.576278687078549e-08,-2.3841857913856995e-05,-9.0054485e-08,-1.2359394e-07
-19.384615,-15.0,3723,4191,-1.16005815e-07,0.14999993,0.15000005,0.15000005066394806,-5.0663948064633146e-08,-3.37759653764221e-05,-8.1482916e-08,-1.16005815e-07
-19.384615,-12.5,3724,4192,-1.0683333e-07,0.14999993,0.15000004,0.15000003576278687,-3.576278687078549e-08,-2.3841857913856995e-05,-7.16754e-08,-1.0683333e-07
-19.384615,-10.0,3725,4193,-9.472775e-08,0.14999995,0.15000004,0.15000003576278687,-3.576278687078549e-08,-2.3841857913856995e-05,-5.88698e-08,-9.472775e-08
-19.384615,-7.5,3726,4194,-8.493166e-08,0.14999996,0.15000005,0.15000005066394806,-5.0663948064633146e-08,-3.37759653764221e-05,-4.8605923e-08,-8.493166e-08
-19.384615,-5.0,3727,4195,-7.214611e-08,0.14999998,0.15000005,0.15000005066394806,-5.0663948064633146e-08,-3.37759653764221e-05,-3.538798e-08,-7.214611e-08
-19.384615,-2.5,3728,4196,-5.6131157e-08,0.14999999,0.15000005,0.15000005066394806,-5.0663948064633146e-08,-3.37759653764221e-05,-1.9243796e-08,-5.6131157e-08
-19.384615,0.0,3729,4197,-4.1029754e-08,0.15,0.15000005,0.15000005066394806,-5.0663948064633146e-08,-3.37759653764221e-05,-3.927863e-09,-4.1029754e-08
-19.384615,2.5,3730,4198,-2.8229973e-08,0.15000002,0.15000005,0.15000005066394806,-5.0663948064633146e-08,-3.37759653764221e-05,8.597671e-09,-2.8229973e-08
-19.384615,5.0,3731,4199,-1.5497768e-08,0.15000002,0.15000004,0.15000003576278687,-3.576278687078549e-08,-2.3841857913856995e-05,2.1255579e-08,-1.5497768e-08
-19.384615,7.5,3732,4200,-1.6147323e-09,0.15000004,0.15000004,0.15000003576278687,-3.576278687078549e-08,-2.3841857913856995e-05,3.4786378e-08,-1.6147323e-09
-19.384615,10.0,3733,4201,1.5427666e-08,0.15000005,0.15000004,0.15000003576278687,-3.576278687078549e-08,-2.3841857913856995e-05,5.157245e-08,1.5427666e-08
-19.384615,12.5,3734,4202,2.7628209e-08,0.15000007,0.15000004,0.15000003576278687,-3.576278687078549e-08,-2.3841857913856995e-05,6.3113156e-08,2.7628209e-08
-19.384615,15.0,3735,4203,3.5219816e-08,0.15000008,0.15000005,0.15000005066394806,-5.0663948064633146e-08,-3.37759653764221e-05,7.042221e-08,3.5219816e-08
-19.384615,17.5,3736,4204,4.4191182e-08,0.15000008,0.15000004,0.15000003576278687,-3.576278687078549e-08,-2.3841857913856995e-05,7.854866e-08,4.4191182e-08
-19.384615,20.0,3737,4205,5.500042e-08,0.1500001,0.15000004,0.15000003576278687,-3.576278687078549e-08,-2.3841857913856995e-05,8.921324e-08,5.500042e-08
-19.384615,22.499998,3738,4206,5.907715e-08,0.1500001,0.15000004,0.15000003576278687,-3.576278687078549e-08,-2.3841857913856995e-05,9.220043e-08,5.907715e-08
-19.384615,25.0,3739,4207,5.7831024e-08,0.1500001,0.15000004,0.15000003576278687,-3.576278687078549e-08,-2.3841857913856995e-05,9.1538816e-08,5.7831024e-08
-19.384615,27.500002,3740,4208,5.6560413e-08,0.1500001,0.15000004,0.15000003576278687,-3.576278687078549e-08,-2.3841857913856995e-05,8.9284526e-08,5.6560413e-08
-19.384615,30.0,3741,4209,5.8537644e-08,0.1500001,0.15000004,0.15000003576278687,-3.576278687078549e-08,-2.3841857913856995e-05,9.1091195e-08,5.8537644e-08
-19.384615,32.5,3742,4210,5.767418e-08,0.1500001,0.15000004,0.15000003576278687,-3.576278687078549e-08,-2.3841857913856995e-05,8.764527e-08,5.767418e-08
-19.384615,35.0,3743,4211,6.249676e-08,0.1500001,0.15000004,0.15000003576278687,-3.576278687078549e-08,-2.3841857913856995e-05,9.194099e-08,6.249676e-08
-19.384615,37.5,3744,4212,6.841992e-08,0.1500001,0.15000002,0.15000002086162567,-2.0861625676937834e-08,-1.390775045129189e-05,9.396411e-08,6.841992e-08
-19.384615,40.0,3745,4213,7.127556e-08,0.1500001,0.15000002,0.15000002086162567,-2.0861625676937834e-08,-1.390775045129189e-05,9.597344e-08,7.127556e-08
-19.384615,42.5,3746,4214,7.589405e-08,0.1500001,0.15000002,0.15000002086162567,-2.0861625676937834e-08,-1.390775045129189e-05,9.615779e-08,7.589405e-08
-19.384615,44.999996,3747,4215,7.5078404e-08,0.1500001,0.15000002,0.15000002086162567,-2.0861625676937834e-08,-1.390775045129189e-05,9.619693e-08,7.5078404e-08
-19.384615,47.5,3748,4216,8.921873e-08,0.1500001,0.15,0.15000000596046448,-5.960464483090178e-09,-3.973642988726786e-06,8.9079805e-08,8.921873e-08
-19.384615,50.0,390,442,1.1307131e-07,0.15000008,0.14999996,0.1499999612569809,3.874301909845279e-08,2.582867939896853e-05,7.5517235e-08,1.1307131e-07
-18.76923,-50.0,431,503,-1.0786067e-07,0.14999984,0.14999995,0.1499999463558197,5.364418029230045e-08,3.5762786861533634e-05,-1.6657486e-07,-1.0786067e-07
-18.76923,-47.5,3671,4139,-1.15954066e-07,0.14999986,0.14999998,0.1499999761581421,2.3841857904605135e-08,1.5894571936403423e-05,-1.5089772e-07,-1.15954066e-07
-18.76923,-44.999996,3672,4140,-1.1509551e-07,0.14999986,0.14999998,0.1499999761581421,2.3841857904605135e-08,1.5894571936403423e-05,-1.4672213e-07,-1.1509551e-07
-18.76923,-42.5,3673,4141,-1.1156044e-07,0.14999986,0.14999996,0.1499999612569809,3.874301909845279e-08,2.582867939896853e-05,-1.4459904e-07,-1.1156044e-07
-18.76923,-40.0,3674,4142,-1.1649988e-07,0.14999986,0.14999998,0.1499999761581421,2.3841857904605135e-08,1.5894571936403423e-05,-1.4575303e-07,-1.1649988e-07
-18.76923,-37.5,3675,4143,-1.15255574e-07,0.14999986,0.14999998,0.1499999761581421,2.3841857904605135e-08,1.5894571936403423e-05,-1.458517e-07,-1.15255574e-07
-18.76923,-35.0,3676,4144,-1.11932735e-07,0.14999987,0.14999999,0.14999999105930328,8.940696710757479e-09,5.96046447383832e-06,-1.4112238e-07,-1.11932735e-07
-18.76923,-32.5,3677,4145,-1.0692101e-07,0.14999987,0.14999998,0.1499999761581421,2.3841857904605135e-08,1.5894571936403423e-05,-1.3806117e-07,-1.0692101e-07
-18.76923,-30.0,3678,4146,-1.0235774e-07,0.14999987,0.14999998,0.1499999761581421,2.3841857904605135e-08,1.5894571936403423e-05,-1.3264132e-07,-1.0235774e-07
-18.76923,-27.500002,3679,4147,-1.0208983e-07,0.14999987,0.14999998,0.1499999761581421,2.3841857904605135e-08,1.5894571936403423e-05,-1.3294462e-07,-1.0208983e-07
-18.76923,-25.0,3680,4148,-1.0337707e-07,0.14999987,0.14999998,0.1499999761581421,2.3841857904605135e-08,1.5894571936403423e-05,-1.3302623e-07,-1.0337707e-07
-18.76923,-22.499998,3681,4149,-9.87548e-08,0.14999987,0.14999998,0.1499999761581421,2.3841857904605135e-08,1.5894571936403423e-05,-1.2878986e-07,-9.87548e-08
-18.76923,-20.0,3682,4150,-9.722843e-08,0.14999987,0.14999998,0.1499999761581421,2.3841857904605135e-08,1.5894571936403423e-05,-1.2678916e-07,-9.722843e-08
-18.76923,-17.5,3683,4151,-9.356306e-08,0.14999989,0.14999998,0.1499999761581421,2.3841857904605135e-08,1.5894571936403423e-05,-1.2414736e-07,-9.356306e-08
-18.76923,-15.0,3684,4152,-8.58882e-08,0.14999989,0.14999998,0.1499999761581421,2.3841857904605135e-08,1.5894571936403423e-05,-1.1682194e-07,-8.58882e-08
-18.76923,-12.5,3685,4153,-7.638595e-08,0.1499999,0.14999998,0.1499999761581421,2.3841857904605135e-08,1.5894571936403423e-05,-1.0854364e-07,-7.638595e-08
-18.76923,-10.0,3686,4154,-6.403298e-08,0.14999992,0.14999998,0.1499999761581421,2.3841857904605135e-08,1.5894571936403423e-05,-9.654403e-08,-6.403298e-08
-18.76923,-7.5,3687,4155,-5.386114e-08,0.14999992,0.14999998,0.1499999761581421,2.3841857904605135e-08,1.5894571936403423e-05,-8.7137956e-08,-5.386114e-08
-18.76923,-5.0,3688,4156,-4.0135195e-08,0.14999993,0.14999998,0.1499999761581421,2.3841857904605135e-08,1.5894571936403423e-05,-7.350208e-08,-4.0135195e-08
-18.76923,-2.5,3689,4157,-2.38713e-08,0.14999995,0.14999998,0.1499999761581421,2.3841857904605135e-08,1.5894571936403423e-05,-5.750373e-08,-2.38713e-08
-18.76923,0.0,3690,4158,-8.231314e-09,0.14999996,0.14999998,0.1499999761581421,2.3841857904605135e-08,1.5894571936403423e-05,-4.179266e-08,-8.231314e-09
-18.76923,2.5,3691,4159,4.2974286e-09,0.14999998,0.14999998,0.1499999761581421,2.3841857904605135e-08,1.5894571936403423e-05,-2.9342235e-08,4.2974286e-09
-18.76923,5.0,3692,4160,1.676848e-08,0.14999999,0.14999998,0.1499999761581421,2.3841857904605135e-08,1.5894571936403423e-05,-1.6657754e-08,1.676848e-08
-18.76923,7.5,3693,4161,2.9798201e-08,0.15,0.14999998,0.1499999761581421,2.3841857904605135e-08,1.5894571936403423e-05,-3.5821959e-09,2.9798201e-08
-18.76923,10.0,3694,4162,4.5453845e-08,0.15000002,0.14999998,0.1499999761581421,2.3841857904605135e-08,1.5894571936403423e-05,1.251137e-08,4.5453845e-08
-18.76923,12.5,3695,4163,5.703699e-08,0.15000004,0.14999998,0.1499999761581421,2.3841857904605135e-08,1.5894571936403423e-05,2.4412893e-08,5.703699e-08
-18.76923,15.0,3696,4164,6.454936e-08,0.15000004,0.14999998,0.1499999761581421,2.3841857904605135e-08,1.5894571936403423e-05,3.3091986e-08,6.454936e-08
-18.76923,17.5,3697,4165,7.315816e-08,0.15000005,0.14999998,0.1499999761581421,2.3841857904605135e-08,1.5894571936403423e-05,4.1649287e-08,7.315816e-08
-18.76923,20.0,3698,4166,8.279559e-08,0.15000007,0.14999998,0.1499999761581421,2.3841857904605135e-08,1.5894571936403423e-05,5.242871e-08,8.279559e-08
-18.76923,22.499998,3699,4167,8.673347e-08,0.15000007,0.14999998,0.1499999761581421,2.3841857904605135e-08,1.5894571936403423e-05,5.6040786e-08,8.673347e-08
-18.76923,25.0,3700,4168,8.553674e-08,0.15000007,0.14999998,0.1499999761581421,2.3841857904605135e-08,1.5894571936403423e-05,5.553944e-08,8.553674e-08
-18.76923,27.500002,3701,4169,8.403676e-08,0.15000007,0.14999998,0.1499999761581421,2.3841857904605135e-08,1.5894571936403423e-05,5.2873734e-08,8.403676e-08
-18.76923,30.0,3702,4170,8.5377174e-08,0.15000007,0.14999998,0.1499999761581421,2.3841857904605135e-08,1.5894571936403423e-05,5.5199145e-08,8.5377174e-08
-18.76923,32.5,3703,4171,8.397062e-08,0.15000007,0.14999998,0.1499999761581421,2.3841857904605135e-08,1.5894571936403423e-05,5.2464788e-08,8.397062e-08
-18.76923,35.0,3704,4172,8.7512554e-08,0.15000007,0.14999998,0.1499999761581421,2.3841857904605135e-08,1.5894571936403423e-05,5.820591e-08,8.7512554e-08
-18.76923,37.5,3705,4173,9.112061e-08,0.15000007,0.14999998,0.1499999761581421,2.3841857904605135e-08,1.5894571936403423e-05,6.025662e-08,9.112061e-08
-18.76923,40.0,3706,4174,9.206255e-08,0.15000007,0.14999998,0.1499999761581421,2.3841857904605135e-08,1.5894571936403423e-05,6.2768635e-08,9.206255e-08
-18.76923,42.5,3707,4175,9.73729e-08,0.15000007,0.14999996,0.1499999612569809,3.874301909845279e-08,2.582867939896853e-05,6.4063904e-08,9.73729e-08
-18.76923,44.999996,3708,4176,9.611384e-08,0.15000007,0.14999998,0.1499999761581421,2.3841857904605135e-08,1.5894571936403423e-05,6.4373474e-08,9.611384e-08
-18.76923,47.5,3709,4177,1.01565504e-07,0.15000007,0.14999996,0.1499999612569809,3.874301909845279e-08,2.582867939896853e-05,6.622593e-08,1.01565504e-07
-18.76923,50.0,389,443,1.18909284e-07,0.15000007,0.14999995,0.1499999463558197,5.364418029230045e-08,3.5762786861533634e-05,6.004356e-08,1.18909284e-07
-18.153847,-50.0,432,502,-1.2455698e-07,0.14999986,0.14999998,0.1499999761581421,2.3841857904605135e-08,1.5894571936403423e-05,-1.5242706e-07,-1.2455698e-07
-18.153847,-47.5,3632,4100,-1.3693962e-07,0.14999987,0.15,0.15000000596046448,-5.960464483090178e-09,-3.973642988726786e-06,-1.3292058e-07,-1.3693962e-07
-18.153847,-44.999996,3633,4101,-1.4125867e-07,0.14999989,0.15000002,0.15000002086162567,-2.0861625676937834e-08,-1.390775045129189e-05,-1.239129e-07,-1.4125867e-07
-18.153847,-42.5,3634,4102,-1.377279e-07,0.14999989,0.15000002,0.15000002086162567,-2.0861625676937834e-08,-1.390775045129189e-05,-1.211911e-07,-1.377279e-07
-18.153847,-40.0,3635,4103,-1.4187938e-07,0.14999989,0.15000004,0.15000003576278687,-3.576278687078549e-08,-2.3841857913856995e-05,-1.2335732e-07,-1.4187938e-07
-18.153847,-37.5,3636,4104,-1.4062823e-07,0.14999989,0.15000002,0.15000002086162567,-2.0861625676937834e-08,-1.390775045129189e-05,-1.230631e-07,-1.4062823e-07
-18.153847,-35.0,3637,4105,-1.3752405e-07,0.14999989,0.15000002,0.15000002086162567,-2.0861625676937834e-08,-1.390775045129189e-05,-1.17738416e-07,-1.3752405e-07
-18.153847,-32.5,3638,4106,-1.3337788e-07,0.14999989,0.15000002,0.15000002086162567,-2.0861625676937834e-08,-1.390775045129189e-05,-1.1430957e-07,-1.3337788e-07
-18.153847,-30.0,3639,4107,-1.2945625e-07,0.1499999,0.15000004,0.15000003576278687,-3.576278687078549e-08,-2.3841857913856995e-05,-1.0919642e-07,-1.2945625e-07
-18.153847,-27.500002,3640,4108,-1.2836837e-07,0.1499999,0.15000004,0.15000003576278687,-3.576278687078549e-08,-2.3841857913856995e-05,-1.0969054e-07,-1.2836837e-07
-18.153847,-25.0,3641,4109,-1.2859395e-07,0.1499999,0.15000004,0.15000003576278687,-3.576278687078549e-08,-2.3841857913856995e-05,-1.09632296e-07,-1.2859395e-07
-18.153847,-22.499998,3642,4110,-1.242268e-07,0.1499999,0.15000002,0.15000002086162567,-2.0861625676937834e-08,-1.390775045129189e-05,-1.063585e-07,-1.242268e-07
-18.153847,-20.0,3643,4111,-1.2277155e-07,0.1499999,0.15000002,0.15000002086162567,-2.0861625676937834e-08,-1.390775045129189e-05,-1.0418466e-07,-1.2277155e-07
-18.153847,-17.5,3644,4112,-1.1927618e-07,0.1499999,0.15000002,0.15000002086162567,-2.0861625676937834e-08,-1.390775045129189e-05,-1.0059056e-07,-1.1927618e-07
-18.153847,-15.0,3645,4113,-1.1298555e-07,0.14999992,0.15000004,0.15000003576278687,-3.576278687078549e-08,-2.3841857913856995e-05,-9.297925e-08,-1.1298555e-07
-18.153847,-12.5,3646,4114,-1.0476655e-07,0.14999992,0.15000002,0.15000002086162567,-2.0861625676937834e-08,-1.390775045129189e-05,-8.4466095e-08,-1.0476655e-07
-18.153847,-10.0,3647,4115,-9.324354e-08,0.14999993,0.15000002,0.15000002086162567,-2.0861625676937834e-08,-1.390775045129189e-05,-7.205285e-08,-9.324354e-08
-18.153847,-7.5,3648,4116,-8.359155e-08,0.14999995,0.15000004,0.15000003576278687,-3.576278687078549e-08,-2.3841857913856995e-05,-6.239325e-08,-8.359155e-08
-18.153847,-5.0,3649,4117,-6.988047e-08,0.14999996,0.15000004,0.15000003576278687,-3.576278687078549e-08,-2.3841857913856995e-05,-4.8070564e-08,-6.988047e-08
-18.153847,-2.5,3650,4118,-5.3724307e-08,0.14999998,0.15000004,0.15000003576278687,-3.576278687078549e-08,-2.3841857913856995e-05,-3.2126497e-08,-5.3724307e-08
-18.153847,0.0,3651,4119,-3.77141e-08,0.14999999,0.15000004,0.15000003576278687,-3.576278687078549e-08,-2.3841857913856995e-05,-1.5959397e-08,-3.77141e-08
-18.153847,2.5,3652,4120,-2.5229339e-08,0.15,0.15000004,0.15000003576278687,-3.576278687078549e-08,-2.3841857913856995e-05,-3.6333405e-09,-2.5229339e-08
-18.153847,5.0,3653,4121,-1.2899676e-08,0.15000002,0.15000004,0.15000003576278687,-3.576278687078549e-08,-2.3841857913856995e-05,8.810166e-09,-1.2899676e-08
-18.153847,7.5,3654,4122,-2.4226177e-10,0.15000002,0.15000002,0.15000002086162567,-2.0861625676937834e-08,-1.390775045129189e-05,2.1087885e-08,-2.4226177e-10
-18.153847,10.0,3655,4123,1.4626002e-08,0.15000004,0.15000002,0.15000002086162567,-2.0861625676937834e-08,-1.390775045129189e-05,3.5942264e-08,1.4626002e-08
-18.153847,12.5,3656,4124,2.6544376e-08,0.15000005,0.15000002,0.15000002086162567,-2.0861625676937834e-08,-1.390775045129189e-05,4.7039507e-08,2.6544376e-08
-18.153847,15.0,3657,4125,3.5398234e-08,0.15000007,0.15000004,0.15000003576278687,-3.576278687078549e-08,-2.3841857913856995e-05,5.565945e-08,3.5398234e-08
-18.153847,17.5,3658,4126,4.4906322e-08,0.15000007,0.15000002,0.15000002086162567,-2.0861625676937834e-08,-1.390775045129189e-05,6.3706786e-08,4.4906322e-08
-18.153847,20.0,3659,4127,5.438244e-08,0.15000008,0.15000002,0.15000002086162567,-2.0861625676937834e-08,-1.390775045129189e-05,7.329273e-08,5.438244e-08
-18.153847,22.499998,3660,4128,5.8823673e-08,0.15000008,0.15000002,0.15000002086162567,-2.0861625676937834e-08,-1.390775045129189e-05,7.6757644e-08,5.8823673e-08
-18.153847,25.0,3661,4129,5.7369412e-08,0.15000008,0.15000002,0.15000002086162567,-2.0861625676937834e-08,-1.390775045129189e-05,7.636108e-08,5.7369412e-08
-18.153847,27.500002,3662,4130,5.5281873e-08,0.15000008,0.15000002,0.15000002086162567,-2.0861625676937834e-08,-1.390775045129189e-05,7.3714205e-08,5.5281873e-08
-18.153847,30.0,3663,4131,5.6187968e-08,0.15000008,0.15000002,0.15000002086162567,-2.0861625676937834e-08,-1.390775045129189e-05,7.6291265e-08,5.6187968e-08
-18.153847,32.5,3664,4132,5.5021623e-08,0.15000008,0.15000002,0.15000002086162567,-2.0861625676937834e-08,-1.390775045129189e-05,7.356322e-08,5.5021623e-08
-18.153847,35.0,3665,4133,5.918367e-08,0.15000008,0.15000002,0.15000002086162567,-2.0861625676937834e-08,-1.390775045129189e-05,7.880364e-08,5.918367e-08
-18.153847,37.5,3666,4134,6.216912e-08,0.15000008,0.15000002,0.15000002086162567,-2.0861625676937834e-08,-1.390775045129189e-05,7.950211e-08,6.216912e-08
-18.153847,40.0,3667,4135,6.253954e-08,0.15000008,0.15000002,0.15000002086162567,-2.0861625676937834e-08,-1.390775045129189e-05,8.10993e-08,6.253954e-08
-18.153847,42.5,3668,4136,6.775172e-08,0.1500001,0.15000002,0.15000002086162567,-2.0861625676937834e-08,-1.390775045129189e-05,8.402876e-08,6.775172e-08
-18.153847,44.999996,3669,4137,6.674716e-08,0.1500001,0.15000004,0.15000003576278687,-3.576278687078549e-08,-2.3841857913856995e-05,8.401979e-08,6.674716e-08
-18.153847,47.5,3670,4138,7.720324e-08,0.15000008,0.15,0.15000000596046448,-5.960464483090178e-09,-3.973642988726786e-06,8.075861e-08,7.720324e-08
-18.153847,50.0,388,444,9.8857626e-08,0.15000008,0.14999998,0.1499999761581421,2.3841857904605135e-08,1.5894571936403423e-05,7.0854455e-08,9.8857626e-08
-17.538462,-50.0,433,501,-1.1599427e-07,0.14999984,0.14999996,0.1499999612569809,3.874301909845279e-08,2.582867939896853e-05,-1.6071577e-07,-1.1599427e-07
-17.538462,-47.5,3593,4061,-1.2664239e-07,0.14999986,0.14999998,0.1499999761581421,2.3841857904605135e-08,1.5894571936403423e-05,-1.435554e-07,-1.2664239e-07
-17.538462,-44.999996,3594,4062,-1.2656827e-07,0.14999987,0.14999999,0.14999999105930328,8.940696710757479e-09,5.96046447383832e-06,-1.3906995e-07,-1.2656827e-07
-17.538462,-42.5,3595,4063,-1.2166012e-07,0.14999987,0.14999999,0.14999999105930328,8.940696710757479e-09,5.96046447383832e-06,-1.376011e-07,-1.2166012e-07
-17.538462,-40.0,3596,4064,-1.2623413e-07,0.14999987,0.14999999,0.14999999105930328,8.940696710757479e-09,5.96046447383832e-06,-1.3980444e-07,-1.2623413e-07
-17.538462,-37.5,3597,4065,-1.2383732e-07,0.14999987,0.14999999,0.14999999105930328,8.940696710757479e-09,5.96046447383832e-06,-1.4003433e-07,-1.2383732e-07
-17.538462,-35.0,3598,4066,-1.2002455e-07,0.14999987,0.14999999,0.14999999105930328,8.940696710757479e-09,5.96046447383832e-06,-1.3500619e-07,-1.2002455e-07
-17.538462,-32.5,3599,4067,-1.1554414e-07,0.14999987,0.14999999,0.14999999105930328,8.940696710757479e-09,5.96046447383832e-06,-1.3237477e-07,-1.1554414e-07
-17.538462,-30.0,3600,4068,-1.1212408e-07,0.14999987,0.14999999,0.14999999105930328,8.940696710757479e-09,5.96046447383832e-06,-1.2769253e-07,-1.1212408e-07
-17.538462,-27.500002,3601,4069,-1.1117667e-07,0.14999987,0.14999998,0.1499999761581421,2.3841857904605135e-08,1.5894571936403423e-05,-1.274064e-07,-1.1117667e-07
-17.538462,-25.0,3602,4070,-1.11667134e-07,0.14999989,0.14999999,0.14999999105930328,8.940696710757479e-09,5.96046447383832e-06,-1.2607813e-07,-1.11667134e-07
-17.538462,-22.499998,3603,4071,-1.0849168e-07,0.14999989,0.14999999,0.14999999105930328,8.940696710757479e-09,5.96046447383832e-06,-1.2280267e-07,-1.0849168e-07
-17.538462,-20.0,3604,4072,-1.0739747e-07,0.14999989,0.14999999,0.14999999105930328,8.940696710757479e-09,5.96046447383832e-06,-1.202745e-07,-1.0739747e-07
-17.538462,-17.5,3605,4073,-1.033371e-07,0.14999989,0.14999999,0.14999999105930328,8.940696710757479e-09,5.96046447383832e-06,-1.1668283e-07,-1.033371e-07
-17.538462,-15.0,3606,4074,-9.703778e-08,0.1499999,0.15,0.15000000596046448,-5.960464483090178e-09,-3.973642988726786e-06,-1.1008829e-07,-9.703778e-08
-17.538462,-12.5,3607,4075,-8.8741565e-08,0.1499999,0.14999999,0.14999999105930328,8.940696710757479e-09,5.96046447383832e-06,-1.0248662e-07,-8.8741565e-08
-17.538462,-10.0,3608,4076,-7.7077836e-08,0.14999992,0.14999999,0.14999999105930328,8.940696710757479e-09,5.96046447383832e-06,-9.0574865e-08,-7.7077836e-08
-17.538462,-7.5,3609,4077,-6.7132774e-08,0.14999993,0.15,0.15000000596046448,-5.960464483090178e-09,-3.973642988726786e-06,-8.1130956e-08,-6.7132774e-08
-17.538462,-5.0,3610,4078,-5.3211338e-08,0.14999995,0.15,0.15000000596046448,-5.960464483090178e-09,-3.973642988726786e-06,-6.699958e-08,-5.3211338e-08
-17.538462,-2.5,3611,4079,-3.7329308e-08,0.14999996,0.15,0.15000000596046448,-5.960464483090178e-09,-3.973642988726786e-06,-5.133486e-08,-3.7329308e-08
-17.538462,0.0,3612,4080,-2.1166718e-08,0.14999998,0.14999999,0.14999999105930328,8.940696710757479e-09,5.96046447383832e-06,-3.4793203e-08,-2.1166718e-08
-17.538462,2.5,3613,4081,-8.659689e-09,0.14999998,0.14999999,0.14999999105930328,8.940696710757479e-09,5.96046447383832e-06,-2.2619504e-08,-8.659689e-09
-17.538462,5.0,3614,4082,3.3120615e-09,0.14999999,0.14999999,0.14999999105930328,8.940696710757479e-09,5.96046447383832e-06,-1.0345051e-08,3.3120615e-09
-17.538462,7.5,3615,4083,1.5468911e-08,0.15,0.14999999,0.14999999105930328,8.940696710757479e-09,5.96046447383832e-06,1.477519e-09,1.5468911e-08
-17.538462,10.0,3616,4084,2.925387e-08,0.15000002,0.14999999,0.14999999105930328,8.940696710757479e-09,5.96046447383832e-06,1.5686224e-08,2.925387e-08
-17.538462,12.5,3617,4085,4.0662265e-08,0.15000004,0.14999999,0.14999999105930328,8.940696710757479e-09,5.96046447383832e-06,2.6763612e-08,4.0662265e-08
-17.538462,15.0,3618,4086,4.9618105e-08,0.15000004,0.14999999,0.14999999105930328,8.940696710757479e-09,5.96046447383832e-06,3.6446632e-08,4.9618105e-08
-17.538462,17.5,3619,4087,5.8956992e-08,0.15000005,0.14999999,0.14999999105930328,8.940696710757479e-09,5.96046447383832e-06,4.5391392e-08,5.8956992e-08
-17.538462,20.0,3620,4088,6.749687e-08,0.15000007,0.14999999,0.14999999105930328,8.940696710757479e-09,5.96046447383832e-06,5.441718e-08,6.749687e-08
-17.538462,22.499998,3621,4089,7.218523e-08,0.15000007,0.14999999,0.14999999105930328,8.940696710757479e-09,5.96046447383832e-06,5.7704067e-08,7.218523e-08
-17.538462,25.0,3622,4090,7.0950584e-08,0.15000007,0.14999999,0.14999999105930328,8.940696710757479e-09,5.96046447383832e-06,5.6612855e-08,7.0950584e-08
-17.538462,27.500002,3623,4091,6.930561e-08,0.15000007,0.14999999,0.14999999105930328,8.940696710757479e-09,5.96046447383832e-06,5.3117187e-08,6.930561e-08
-17.538462,30.0,3624,4092,7.046155e-08,0.15000007,0.14999999,0.14999999105930328,8.940696710757479e-09,5.96046447383832e-06,5.525227e-08,7.046155e-08
-17.538462,32.5,3625,4093,6.934175e-08,0.15000007,0.14999999,0.14999999105930328,8.940696710757479e-09,5.96046447383832e-06,5.274536e-08,6.934175e-08
-17.538462,35.0,3626,4094,7.309539e-08,0.15000007,0.14999999,0.14999999105930328,8.940696710757479e-09,5.96046447383832e-06,5.8466554e-08,7.309539e-08
-17.538462,37.5,3627,4095,7.5003996e-08,0.15000007,0.14999999,0.14999999105930328,8.940696710757479e-09,5.96046447383832e-06,5.8797173e-08,7.5003996e-08
-17.538462,40.0,3628,4096,7.3872016e-08,0.15000007,0.14999999,0.14999999105930328,8.940696710757479e-09,5.96046447383832e-06,6.05068e-08,7.3872016e-08
-17.538462,42.5,3629,4097,7.975523e-08,0.15000007,0.14999999,0.14999999105930328,8.940696710757479e-09,5.96046447383832e-06,6.379852e-08,7.975523e-08
-17.538462,44.999996,3630,4098,7.739796e-08,0.15000007,0.14999999,0.14999999105930328,8.940696710757479e-09,5.96046447383832e-06,6.5246205e-08,7.739796e-08
-17.538462,47.5,3631,4099,8.320801e-08,0.15000007,0.14999998,0.1499999761581421,2.3841857904605135e-08,1.5894571936403423e-05,6.62091e-08,8.320801e-08
-17.538462,50.0,387,445,1.0287833e-07,0.15000007,0.14999996,0.1499999612569809,3.874301909845279e-08,2.582867939896853e-05,5.8436434e-08,1.0287833e-07
-16.923077,-50.0,434,500,-1.1988975e-07,0.14999986,0.14999998,0.1499999761581421,2.3841857904605135e-08,1.5894571936403423e-05,-1.5390923e-07,-1.1988975e-07
-16.923077,-47.5,3554,4022,-1.3199929e-07,0.14999987,0.15,0.15000000596046448,-5.960464483090178e-09,-3.973642988726786e-06,-1.360727e-07,-1.3199929e-07
-16.923077,-44.999996,3555,4023,-1.3412871e-07,0.14999987,0.15,0.15000000596046448,-5.960464483090178e-09,-3.973642988726786e-06,-1.2933067e-07,-1.3412871e-07
-16.923077,-42.5,3556,4024,-1.3089158e-07,0.14999987,0.15,0.15000000596046448,-5.960464483090178e-09,-3.973642988726786e-06,-1.267327e-07,-1.3089158e-07
-16.923077,-40.0,3557,4025,-1.3661511e-07,0.14999987,0.15,0.15000000596046448,-5.960464483090178e-09,-3.973642988726786e-06,-1.2845639e-07,-1.3661511e-07
-16.923077,-37.5,3558,4026,-1.3452131e-07,0.14999987,0.15,0.15000000596046448,-5.960464483090178e-09,-3.973642988726786e-06,-1.2744094e-07,-1.3452131e-07
-16.923077,-35.0,3559,4027,-1.3116166e-07,0.14999989,0.15000002,0.15000002086162567,-2.0861625676937834e-08,-1.390775045129189e-05,-1.2147318e-07,-1.3116166e-07
-16.923077,-32.5,3560,4028,-1.2726018e-07,0.14999989,0.15000002,0.15000002086162567,-2.0861625676937834e-08,-1.390775045129189e-05,-1.1858144e-07,-1.2726018e-07
-16.923077,-30.0,3561,4029,-1.2415755e-07,0.14999989,0.15,0.15000000596046448,-5.960464483090178e-09,-3.973642988726786e-06,-1.14304875e-07,-1.2415755e-07
-16.923077,-27.500002,3562,4030,-1.2225699e-07,0.14999989,0.15,0.15000000596046448,-5.960464483090178e-09,-3.973642988726786e-06,-1.14307696e-07,-1.2225699e-07
-16.923077,-25.0,3563,4031,-1.214539e-07,0.14999989,0.15,0.15000000596046448,-5.960464483090178e-09,-3.973642988726786e-06,-1.1360065e-07,-1.214539e-07
-16.923077,-22.499998,3564,4032,-1.17865326e-07,0.14999989,0.15,0.15000000596046448,-5.960464483090178e-09,-3.973642988726786e-06,-1.11861624e-07,-1.17865326e-07
-16.923077,-20.0,3565,4033,-1.1606968e-07,0.1499999,0.15000002,0.15000002086162567,-2.0861625676937834e-08,-1.390775045129189e-05,-1.09959196e-07,-1.1606968e-07
-16.923077,-17.5,3566,4034,-1.11586395e-07,0.1499999,0.15,0.15000000596046448,-5.960464483090178e-09,-3.973642988726786e-06,-1.0637094e-07,-1.11586395e-07
-16.923077,-15.0,3567,4035,-1.05658216e-07,0.1499999,0.15,0.15000000596046448,-5.960464483090178e-09,-3.973642988726786e-06,-1.00296134e-07,-1.05658216e-07
-16.923077,-12.5,3568,4036,-9.7624195e-08,0.14999992,0.15000002,0.15000002086162567,-2.0861625676937834e-08,-1.390775045129189e-05,-9.302835e-08,-9.7624195e-08
-16.923077,-10.0,3569,4037,-8.6159105e-08,0.14999993,0.15000002,0.15000002086162567,-2.0861625676937834e-08,-1.390775045129189e-05,-8.1398966e-08,-8.6159105e-08
-16.923077,-7.5,3570,4038,-7.59763e-08,0.14999993,0.15,0.15000000596046448,-5.960464483090178e-09,-3.973642988726786e-06,-7.185655e-08,-7.59763e-08
-16.923077,-5.0,3571,4039,-6.232812e-08,0.14999995,0.15,0.15000000596046448,-5.960464483090178e-09,-3.973642988726786e-06,-5.8018585e-08,-6.232812e-08
-16.923077,-2.5,3572,4040,-4.6752877e-08,0.14999996,0.15,0.15000000596046448,-5.960464483090178e-09,-3.973642988726786e-06,-4.2922224e-08,-4.6752877e-08
-16.923077,0.0,3573,4041,-3.0309664e-08,0.14999998,0.15,0.15000000596046448,-5.960464483090178e-09,-3.973642988726786e-06,-2.6261517e-08,-3.0309664e-08
-16.923077,2.5,3574,4042,-1.7821678e-08,0.14999999,0.15,0.15000000596046448,-5.960464483090178e-09,-3.973642988726786e-06,-1.4095729e-08,-1.7821678e-08
-16.923077,5.0,3575,4043,-6.25251e-09,0.15,0.15,0.15000000596046448,-5.960464483090178e-09,-3.973642988726786e-06,-1.9649875e-09,-6.25251e-09
-16.923077,7.5,3576,4044,5.354402e-09,0.15000002,0.15000002,0.15000002086162567,-2.0861625676937834e-08,-1.390775045129189e-05,9.524142e-09,5.354402e-09
-16.923077,10.0,3577,4045,1.8251587e-08,0.15000004,0.15000002,0.15000002086162567,-2.0861625676937834e-08,-1.390775045129189e-05,2.3115275e-08,1.8251587e-08
-16.923077,12.5,3578,4046,2.9306634e-08,0.15000004,0.15,0.15000000596046448,-5.960464483090178e-09,-3.973642988726786e-06,3.406754e-08,2.9306634e-08
-16.923077,15.0,3579,4047,3.8739028e-08,0.15000005,0.15,0.15000000596046448,-5.960464483090178e-09,-3.973642988726786e-06,4.43745e-08,3.8739028e-08
-16.923077,17.5,3580,4048,4.8549506e-08,0.15000007,0.15000002,0.15000002086162567,-2.0861625676937834e-08,-1.390775045129189e-05,5.3864202e-08,4.8549506e-08
-16.923077,20.0,3581,4049,5.617824e-08,0.15000007,0.15,0.15000000596046448,-5.960464483090178e-09,-3.973642988726786e-06,6.25226e-08,5.617824e-08
-16.923077,22.499998,3582,4050,6.019399e-08,0.15000007,0.15,0.15000000596046448,-5.960464483090178e-09,-3.973642988726786e-06,6.634739e-08,6.019399e-08
-16.923077,25.0,3583,4051,5.7793986e-08,0.15000007,0.15,0.15000000596046448,-5.960464483090178e-09,-3.973642988726786e-06,6.577167e-08,5.7793986e-08
-16.923077,27.500002,3584,4052,5.5198893e-08,0.15000007,0.15,0.15000000596046448,-5.960464483090178e-09,-3.973642988726786e-06,6.306201e-08,5.5198893e-08
-16.923077,30.0,3585,4053,5.5796242e-08,0.15000007,0.15,0.15000000596046448,-5.960464483090178e-09,-3.973642988726786e-06,6.561987e-08,5.5796242e-08
-16.923077,32.5,3586,4054,5.4824753e-08,0.15000007,0.15,0.15000000596046448,-5.960464483090178e-09,-3.973642988726786e-06,6.303539e-08,5.4824753e-08
-16.923077,35.0,3587,4055,5.88383e-08,0.15000008,0.15000002,0.15000002086162567,-2.0861625676937834e-08,-1.390775045129189e-05,6.836238e-08,5.88383e-08
-16.923077,37.5,3588,4056,6.084983e-08,0.15000008,0.15000002,0.15000002086162567,-2.0861625676937834e-08,-1.390775045129189e-05,6.7726155e-08,6.084983e-08
-16.923077,40.0,3589,4057,5.984961e-08,0.15000008,0.15000002,0.15000002086162567,-2.0861625676937834e-08,-1.390775045129189e-05,6.814458e-08,5.984961e-08
-16.923077,42.5,3590,4058,6.688529e-08,0.15000008,0.15000002,0.15000002086162567,-2.0861625676937834e-08,-1.390775045129189e-05,7.075307e-08,6.688529e-08
-16.923077,44.999996,3591,4059,6.6144004e-08,0.15000008,0.15000002,0.15000002086162567,-2.0861625676937834e-08,-1.390775045129189e-05,7.0870286e-08,6.6144004e-08
-16.923077,47.5,3592,4060,7.3858175e-08,0.15000008,0.15,0.15000000596046448,-5.960464483090178e-09,-3.973642988726786e-06,6.936422e-08,7.3858175e-08
-16.923077,50.0,386,446,9.4389165e-08,0.15000007,0.14999998,0.1499999761581421,2.3841857904605135e-08,1.5894571936403423e-05,6.0356044e-08,9.4389165e-08
-16.307692,-50.0,435,499,-1.12320365e-07,0.14999986,0.14999998,0.1499999761581421,2.3841857904605135e-08,1.5894571936403423e-05,-1.5600423e-07,-1.12320365e-07
-16.307692,-47.5,3515,3983,-1.2268447e-07,0.14999987,0.14999999,0.14999999105930328,8.940696710757479e-09,5.96046447383832e-06,-1.4084027e-07,-1.2268447e-07
-16.307692,-44.999996,3516,3984,-1.2405536e-07,0.14999987,0.14999999,0.14999999105930328,8.940696710757479e-09,5.96046447383832e-06,-1.347711e-07,-1.2405536e-07
-16.307692,-42.5,3517,3985,-1.2224983e-07,0.14999987,0.14999999,0.14999999105930328,8.940696710757479e-09,5.96046447383832e-06,-1.3196338e-07,-1.2224983e-07
-16.307692,-40.0,3518,3986,-1.2825853e-07,0.14999987,0.15,0.15000000596046448,-5.960464483090178e-09,-3.973642988726786e-06,-1.3413384e-07,-1.2825853e-07
-16.307692,-37.5,3519,3987,-1.2534542e-07,0.14999987,0.14999999,0.14999999105930328,8.940696710757479e-09,5.96046447383832e-06,-1.3273228e-07,-1.2534542e-07
-16.307692,-35.0,3520,3988,-1.2113942e-07,0.14999987,0.14999999,0.14999999105930328,8.940696710757479e-09,5.96046447383832e-06,-1.2704041e-07,-1.2113942e-07
-16.307692,-32.5,3521,3989,-1.1691881e-07,0.14999989,0.15,0.15000000596046448,-5.960464483090178e-09,-3.973642988726786e-06,-1.2450413e-07,-1.1691881e-07
-16.307692,-30.0,3522,3990,-1.13922496e-07,0.14999989,0.15,0.15000000596046448,-5.960464483090178e-09,-3.973642988726786e-06,-1.2050586e-07,-1.13922496e-07
-16.307692,-27.500002,3523,3991,-1.12017794e-07,0.14999989,0.15,0.15000000596046448,-5.960464483090178e-09,-3.973642988726786e-06,-1.1969497e-07,-1.12017794e-07
-16.307692,-25.0,3524,3992,-1.1169856e-07,0.14999989,0.14999999,0.14999999105930328,8.940696710757479e-09,5.96046447383832e-06,-1.18284056e-07,-1.1169856e-07
-16.307692,-22.499998,3525,3993,-1.09234705e-07,0.14999989,0.14999999,0.14999999105930328,8.940696710757479e-09,5.96046447383832e-06,-1.1645185e-07,-1.09234705e-07
-16.307692,-20.0,3526,3994,-1.07610546e-07,0.14999989,0.14999999,0.14999999105930328,8.940696710757479e-09,5.96046447383832e-06,-1.1434371e-07,-1.07610546e-07
-16.307692,-17.5,3527,3995,-1.0314242e-07,0.1499999,0.15,0.15000000596046448,-5.960464483090178e-09,-3.973642988726786e-06,-1.1068241e-07,-1.0314242e-07
-16.307692,-15.0,3528,3996,-9.76765e-08,0.1499999,0.15,0.15000000596046448,-5.960464483090178e-09,-3.973642988726786e-06,-1.04909724e-07,-9.76765e-08
-16.307692,-12.5,3529,3997,-8.997911e-08,0.1499999,0.14999999,0.14999999105930328,8.940696710757479e-09,5.96046447383832e-06,-9.762729e-08,-8.997911e-08
-16.307692,-10.0,3530,3998,-7.892404e-08,0.14999992,0.14999999,0.14999999105930328,8.940696710757479e-09,5.96046447383832e-06,-8.612761e-08,-7.892404e-08
-16.307692,-7.5,3531,3999,-6.8631735e-08,0.14999993,0.15,0.15000000596046448,-5.960464483090178e-09,-3.973642988726786e-06,-7.6199726e-08,-6.8631735e-08
-16.307692,-5.0,3532,4000,-5.5282666e-08,0.14999995,0.15,0.15000000596046448,-5.960464483090178e-09,-3.973642988726786e-06,-6.2664256e-08,-5.5282666e-08
-16.307692,-2.5,3533,4001,-4.0206388e-08,0.14999996,0.15,0.15000000596046448,-5.960464483090178e-09,-3.973642988726786e-06,-4.8089657e-08,-4.0206388e-08
-16.307692,0.0,3534,4002,-2.3638096e-08,0.14999998,0.15,0.15000000596046448,-5.960464483090178e-09,-3.973642988726786e-06,-3.1189355e-08,-2.3638096e-08
-16.307692,2.5,3535,4003,-1.1092677e-08,0.14999999,0.15,0.15000000596046448,-5.960464483090178e-09,-3.973642988726786e-06,-1.9068251e-08,-1.1092677e-08
-16.307692,5.0,3536,4004,2.0438147e-10,0.15,0.15,0.15000000596046448,-5.960464483090178e-09,-3.973642988726786e-06,-7.2681656e-09,2.0438147e-10
-16.307692,7.5,3537,4005,1.132987e-08,0.15,0.14999999,0.14999999105930328,8.940696710757479e-09,5.96046447383832e-06,3.5641785e-09,1.132987e-08
-16.307692,10.0,3538,4006,2.3484755e-08,0.15000002,0.14999999,0.14999999105930328,8.940696710757479e-09,5.96046447383832e-06,1.6266833e-08,2.3484755e-08
-16.307692,12.5,3539,4007,3.445366e-08,0.15000004,0.15,0.15000000596046448,-5.960464483090178e-09,-3.973642988726786e-06,2.6790143e-08,3.445366e-08
-16.307692,15.0,3540,4008,4.4591673e-08,0.15000005,0.15,0.15000000596046448,-5.960464483090178e-09,-3.973642988726786e-06,3.7448586e-08,4.4591673e-08
-16.307692,17.5,3541,4009,5.5165657e-08,0.15000005,0.14999999,0.14999999105930328,8.940696710757479e-09,5.96046447383832e-06,4.7543665e-08,5.5165657e-08
-16.307692,20.0,3542,4010,6.243195e-08,0.15000007,0.15,0.15000000596046448,-5.960464483090178e-09,-3.973642988726786e-06,5.576328e-08,6.243195e-08
-16.307692,22.499998,3543,4011,6.65889e-08,0.15000007,0.15,0.15000000596046448,-5.960464483090178e-09,-3.973642988726786e-06,5.919945e-08,6.65889e-08
-16.307692,25.0,3544,4012,6.434495e-08,0.15000007,0.15,0.15000000596046448,-5.960464483090178e-09,-3.973642988726786e-06,5.782385e-08,6.434495e-08
-16.307692,27.500002,3545,4013,6.234789e-08,0.15000007,0.15,0.15000000596046448,-5.960464483090178e-09,-3.973642988726786e-06,5.4554405e-08,6.234789e-08
-16.307692,30.0,3546,4014,6.316583e-08,0.15000007,0.15,0.15000000596046448,-5.960464483090178e-09,-3.973642988726786e-06,5.6756814e-08,6.316583e-08
-16.307692,32.5,3547,4015,6.1787674e-08,0.15000007,0.15,0.15000000596046448,-5.960464483090178e-09,-3.973642988726786e-06,5.4366733e-08,6.1787674e-08
-16.307692,35.0,3548,4016,6.525332e-08,0.15000007,0.15,0.15000000596046448,-5.960464483090178e-09,-3.973642988726786e-06,5.992676e-08,6.525332e-08
-16.307692,37.5,3549,4017,6.6734756e-08,0.15000007,0.15,0.15000000596046448,-5.960464483090178e-09,-3.973642988726786e-06,5.948066e-08,6.6734756e-08
-16.307692,40.0,3550,4018,6.51283e-08,0.15000007,0.15,0.15000000596046448,-5.960464483090178e-09,-3.973642988726786e-06,5.9672445e-08,6.51283e-08
-16.307692,42.5,3551,4019,7.1940775e-08,0.15000007,0.14999999,0.14999999105930328,8.940696710757479e-09,5.96046447383832e-06,6.2449665e-08,7.1940775e-08
-16.307692,44.999996,3552,4020,7.216256e-08,0.15000007,0.14999999,0.14999999105930328,8.940696710757479e-09,5.96046447383832e-06,6.2125814e-08,7.216256e-08
-16.307692,47.5,3553,4021,7.886554e-08,0.15000007,0.14999999,0.14999999105930328,8.940696710757479e-09,5.96046447383832e-06,6.102814e-08,7.886554e-08
-16.307692,50.0,385,447,9.6899115e-08,0.15000007,0.14999996,0.1499999612569809,3.874301909845279e-08,2.582867939896853e-05,5.358566e-08,9.6899115e-08
-15.692307,-50.0,436,498,-1.1485911e-07,0.14999986,0.14999998,0.1499999761581421,2.3841857904605135e-08,1.5894571936403423e-05,-1.4553662e-07,-1.1485911e-07
-15.692307,-47.5,3476,3944,-1.2726228e-07,0.14999987,0.15,0.15000000596046448,-5.960464483090178e-09,-3.973642988726786e-06,-1.2933805e-07,-1.2726228e-07
-15.692307,-44.999996,3477,3945,-1.2857808e-07,0.14999989,0.15000002,0.15000002086162567,-2.0861625676937834e-08,-1.390775045129189e-05,-1.2318934e-07,-1.2857808e-07
-15.692307,-42.5,3478,3946,-1.2581928e-07,0.14999989,0.15,0.15000000596046448,-5.960464483090178e-09,-3.973642988726786e-06,-1.228266e-07,-1.2581928e-07
-15.692307,-40.0,3479,3947,-1.3153232e-07,0.14999989,0.15000002,0.15000002086162567,-2.0861625676937834e-08,-1.390775045129189e-05,-1.2588177e-07,-1.3153232e-07
-15.692307,-37.5,3480,3948,-1.2755325e-07,0.14999989,0.15000002,0.15000002086162567,-2.0861625676937834e-08,-1.390775045129189e-05,-1.2410446e-07,-1.2755325e-07
-15.692307,-35.0,3481,3949,-1.2324594e-07,0.14999989,0.15,0.15000000596046448,-5.960464483090178e-09,-3.973642988726786e-06,-1.17998084e-07,-1.2324594e-07
-15.692307,-32.5,3482,3950,-1.19121104e-07,0.14999989,0.15,0.15000000596046448,-5.960464483090178e-09,-3.973642988726786e-06,-1.15294085e-07,-1.19121104e-07
-15.692307,-30.0,3483,3951,-1.1623471e-07,0.1499999,0.15000002,0.15000002086162567,-2.0861625676937834e-08,-1.390775045129189e-05,-1.1123158e-07,-1.1623471e-07
-15.692307,-27.500002,3484,3952,-1.13664e-07,0.1499999,0.15000002,0.15000002086162567,-2.0861625676937834e-08,-1.390775045129189e-05,-1.1005844e-07,-1.13664e-07
-15.692307,-25.0,3485,3953,-1.1317552e-07,0.1499999,0.15000002,0.15000002086162567,-2.0861625676937834e-08,-1.390775045129189e-05,-1.0896334e-07,-1.1317552e-07
-15.692307,-22.499998,3486,3954,-1.1093982e-07,0.1499999,0.15,0.15000000596046448,-5.960464483090178e-09,-3.973642988726786e-06,-1.0784562e-07,-1.1093982e-07
-15.692307,-20.0,3487,3955,-1.0941444e-07,0.1499999,0.15,0.15000000596046448,-5.960464483090178e-09,-3.973642988726786e-06,-1.0571849e-07,-1.0941444e-07
-15.692307,-17.5,3488,3956,-1.05230235e-07,0.1499999,0.15,0.15000000596046448,-5.960464483090178e-09,-3.973642988726786e-06,-1.0219338e-07,-1.05230235e-07
-15.692307,-15.0,3489,3957,-1.0019746e-07,0.14999992,0.15000002,0.15000002086162567,-2.0861625676937834e-08,-1.390775045129189e-05,-9.67431e-08,-1.0019746e-07
-15.692307,-12.5,3490,3958,-9.2518164e-08,0.14999992,0.15,0.15000000596046448,-5.960464483090178e-09,-3.973642988726786e-06,-8.9657625e-08,-9.2518164e-08
-15.692307,-10.0,3491,3959,-8.1614566e-08,0.14999993,0.15,0.15000000596046448,-5.960464483090178e-09,-3.973642988726786e-06,-7.844942e-08,-8.1614566e-08
-15.692307,-7.5,3492,3960,-7.102147e-08,0.14999993,0.15,0.15000000596046448,-5.960464483090178e-09,-3.973642988726786e-06,-6.83714e-08,-7.102147e-08
-15.692307,-5.0,3493,3961,-5.7991745e-08,0.14999995,0.15,0.15000000596046448,-5.960464483090178e-09,-3.973642988726786e-06,-5.500801e-08,-5.7991745e-08
-15.692307,-2.5,3494,3962,-4.3533063e-08,0.14999996,0.15,0.15000000596046448,-5.960464483090178e-09,-3.973642988726786e-06,-4.096444e-08,-4.3533063e-08
-15.692307,0.0,3495,3963,-2.680045e-08,0.14999998,0.15,0.15000000596046448,-5.960464483090178e-09,-3.973642988726786e-06,-2.3835597e-08,-2.680045e-08
-15.692307,2.5,3496,3964,-1.4220382e-08,0.14999999,0.15,0.15000000596046448,-5.960464483090178e-09,-3.973642988726786e-06,-1.1731459e-08,-1.4220382e-08
-15.692307,5.0,3497,3965,-3.161324e-09,0.15,0.15,0.15000000596046448,-5.960464483090178e-09,-3.973642988726786e-06,-2.2976594e-10,-3.161324e-09
-15.692307,7.5,3498,3966,7.275729e-09,0.15000002,0.15000002,0.15000002086162567,-2.0861625676937834e-08,-1.390775045129189e-05,9.850819e-09,7.275729e-09
-15.692307,10.0,3499,3967,1.8460161e-08,0.15000002,0.15,0.15000000596046448,-5.960464483090178e-09,-3.973642988726786e-06,2.1626123e-08,1.8460161e-08
-15.692307,12.5,3500,3968,2.9147294e-08,0.15000004,0.15,0.15000000596046448,-5.960464483090178e-09,-3.973642988726786e-06,3.194117e-08,2.9147294e-08
-15.692307,15.0,3501,3969,3.97006e-08,0.15000005,0.15,0.15000000596046448,-5.960464483090178e-09,-3.973642988726786e-06,4.324355e-08,3.97006e-08
-15.692307,17.5,3502,3970,5.101901e-08,0.15000007,0.15000002,0.15000002086162567,-2.0861625676937834e-08,-1.390775045129189e-05,5.4020507e-08,5.101901e-08
-15.692307,20.0,3503,3971,5.8155162e-08,0.15000007,0.15,0.15000000596046448,-5.960464483090178e-09,-3.973642988726786e-06,6.205754e-08,5.8155162e-08
-15.692307,22.499998,3504,3972,6.218504e-08,0.15000007,0.15,0.15000000596046448,-5.960464483090178e-09,-3.973642988726786e-06,6.530542e-08,6.218504e-08
-15.692307,25.0,3505,3973,5.9458284e-08,0.15000007,0.15,0.15000000596046448,-5.960464483090178e-09,-3.973642988726786e-06,6.380833e-08,5.9458284e-08
-15.692307,27.500002,3506,3974,5.735214e-08,0.15000007,0.15,0.15000000596046448,-5.960464483090178e-09,-3.973642988726786e-06,6.081194e-08,5.735214e-08
-15.692307,30.0,3507,3975,5.804528e-08,0.15000007,0.15,0.15000000596046448,-5.960464483090178e-09,-3.973642988726786e-06,6.3032616e-08,5.804528e-08
-15.692307,32.5,3508,3976,5.6738944e-08,0.15000007,0.15,0.15000000596046448,-5.960464483090178e-09,-3.973642988726786e-06,6.013017e-08,5.6738944e-08
-15.692307,35.0,3509,3977,6.018597e-08,0.15000007,0.15,0.15000000596046448,-5.960464483090178e-09,-3.973642988726786e-06,6.5223674e-08,6.018597e-08
-15.692307,37.5,3510,3978,6.175022e-08,0.15000007,0.15,0.15000000596046448,-5.960464483090178e-09,-3.973642988726786e-06,6.4700146e-08,6.175022e-08
-15.692307,40.0,3511,3979,5.9421208e-08,0.15000007,0.15,0.15000000596046448,-5.960464483090178e-09,-3.973642988726786e-06,6.505236e-08,5.9421208e-08
-15.692307,42.5,3512,3980,6.546435e-08,0.15000008,0.15000002,0.15000002086162567,-2.0861625676937834e-08,-1.390775045129189e-05,6.809354e-08,6.546435e-08
-15.692307,44.999996,3513,3981,6.454026e-08,0.15000008,0.15000002,0.15000002086162567,-2.0861625676937834e-08,-1.390775045129189e-05,6.9632975e-08,6.454026e-08
-15.692307,47.5,3514,3982,7.098845e-08,0.15000008,0.15,0.15000000596046448,-5.960464483090178e-09,-3.973642988726786e-06,6.840811e-08,7.098845e-08
-15.692307,50.0,384,448,8.984105e-08,0.15000007,0.14999998,0.1499999761581421,2.3841857904605135e-08,1.5894571936403423e-05,5.8871947e-08,8.984105e-08
-15.076922,-50.0,437,497,-1.0921062e-07,0.14999987,0.14999998,0.1499999761581421,2.3841857904605135e-08,1.5894571936403423e-05,-1.4081668e-07,-1.0921062e-07
-15.076922,-47.5,3437,3905,-1.2091809e-07,0.14999989,0.15,0.15000000596046448,-5.960464483090178e-09,-3.973642988726786e-06,-1.26354e-07,-1.2091809e-07
-15.076922,-44.999996,3438,3906,-1.2110036e-07,0.14999989,0.15,0.15000000596046448,-5.960464483090178e-09,-3.973642988726786e-06,-1.2146076e-07,-1.2110036e-07
-15.076922,-42.5,3439,3907,-1.1904589e-07,0.14999989,0.15,0.15000000596046448,-5.960464483090178e-09,-3.973642988726786e-06,-1.2198099e-07,-1.1904589e-07
-15.076922,-40.0,3440,3908,-1.247656e-07,0.14999989,0.15,0.15000000596046448,-5.960464483090178e-09,-3.973642988726786e-06,-1.2529905e-07,-1.247656e-07
-15.076922,-37.5,3441,3909,-1.2015137e-07,0.14999989,0.15,0.15000000596046448,-5.960464483090178e-09,-3.973642988726786e-06,-1.2265525e-07,-1.2015137e-07
-15.076922,-35.0,3442,3910,-1.15688444e-07,0.14999989,0.15,0.15000000596046448,-5.960464483090178e-09,-3.973642988726786e-06,-1.16290735e-07,-1.15688444e-07
-15.076922,-32.5,3443,3911,-1.1141168e-07,0.14999989,0.14999999,0.14999999105930328,8.940696710757479e-09,5.96046447383832e-06,-1.13638194e-07,-1.1141168e-07
-15.076922,-30.0,3444,3912,-1.08529534e-07,0.1499999,0.15,0.15000000596046448,-5.960464483090178e-09,-3.973642988726786e-06,-1.0925284e-07,-1.08529534e-07
-15.076922,-27.500002,3445,3913,-1.0557622e-07,0.1499999,0.15,0.15000000596046448,-5.960464483090178e-09,-3.973642988726786e-06,-1.0725806e-07,-1.0557622e-07
-15.076922,-25.0,3446,3914,-1.0575701e-07,0.1499999,0.15,0.15000000596046448,-5.960464483090178e-09,-3.973642988726786e-06,-1.0613611e-07,-1.0575701e-07
-15.076922,-22.499998,3447,3915,-1.04218834e-07,0.1499999,0.15,0.15000000596046448,-5.960464483090178e-09,-3.973642988726786e-06,-1.05276676e-07,-1.04218834e-07
-15.076922,-20.0,3448,3916,-1.0290743e-07,0.1499999,0.15,0.15000000596046448,-5.960464483090178e-09,-3.973642988726786e-06,-1.0310174e-07,-1.0290743e-07
-15.076922,-17.5,3449,3917,-9.9062206e-08,0.1499999,0.15,0.15000000596046448,-5.960464483090178e-09,-3.973642988726786e-06,-9.9903914e-08,-9.9062206e-08
-15.076922,-15.0,3450,3918,-9.448307e-08,0.14999992,0.15,0.15000000596046448,-5.960464483090178e-09,-3.973642988726786e-06,-9.461657e-08,-9.448307e-08
-15.076922,-12.5,3451,3919,-8.6971646e-08,0.14999992,0.15,0.15000000596046448,-5.960464483090178e-09,-3.973642988726786e-06,-8.754714e-08,-8.6971646e-08
-15.076922,-10.0,3452,3920,-7.63525e-08,0.14999993,0.15,0.15000000596046448,-5.960464483090178e-09,-3.973642988726786e-06,-7.6322976e-08,-7.63525e-08
-15.076922,-7.5,3453,3921,-6.572238e-08,0.14999995,0.15,0.15000000596046448,-5.960464483090178e-09,-3.973642988726786e-06,-6.605124e-08,-6.572238e-08
-15.076922,-5.0,3454,3922,-5.2827723e-08,0.14999995,0.15,0.15000000596046448,-5.960464483090178e-09,-3.973642988726786e-06,-5.265073e-08,-5.2827723e-08
-15.076922,-2.5,3455,3923,-3.8923325e-08,0.14999996,0.15,0.15000000596046448,-5.960464483090178e-09,-3.973642988726786e-06,-3.914173e-08,-3.8923325e-08
-15.076922,0.0,3456,3924,-2.2074701e-08,0.14999999,0.15,0.15000000596046448,-5.960464483090178e-09,-3.973642988726786e-06,-2.1842709e-08,-2.2074701e-08
-15.076922,2.5,3457,3925,-9.582331e-09,0.14999999,0.15,0.15000000596046448,-5.960464483090178e-09,-3.973642988726786e-06,-9.7156745e-09,-9.582331e-09
-15.076922,5.0,3458,3926,1.3044196e-09,0.15,0.15,0.15000000596046448,-5.960464483090178e-09,-3.973642988726786e-06,1.6311128e-09,1.3044196e-09
-15.076922,7.5,3459,3927,1.1041418e-08,0.15000002,0.15,0.15000000596046448,-5.960464483090178e-09,-3.973642988726786e-06,1.0804286e-08,1.1041418e-08
-15.076922,10.0,3460,3928,2.1229443e-08,0.15000002,0.15,0.15000000596046448,-5.960464483090178e-09,-3.973642988726786e-06,2.1404272e-08,2.1229443e-08
-15.076922,12.5,3461,3929,3.1801765e-08,0.15000004,0.15,0.15000000596046448,-5.960464483090178e-09,-3.973642988726786e-06,3.123825e-08,3.1801765e-08
-15.076922,15.0,3462,3930,4.3038984e-08,0.15000005,0.15,0.15000000596046448,-5.960464483090178e-09,-3.973642988726786e-06,4.2959986e-08,4.3038984e-08
-15.076922,17.5,3463,3931,5.5136656e-08,0.15000007,0.15,0.15000000596046448,-5.960464483090178e-09,-3.973642988726786e-06,5.4160566e-08,5.5136656e-08
-15.076922,20.0,3464,3932,6.242087e-08,0.15000007,0.15,0.15000000596046448,-5.960464483090178e-09,-3.973642988726786e-06,6.213488e-08,6.242087e-08
-15.076922,22.499998,3465,3933,6.643883e-08,0.15000007,0.15,0.15000000596046448,-5.960464483090178e-09,-3.973642988726786e-06,6.512362e-08,6.643883e-08
-15.076922,25.0,3466,3934,6.369023e-08,0.15000007,0.15,0.15000000596046448,-5.960464483090178e-09,-3.973642988726786e-06,6.331898e-08,6.369023e-08
-15.076922,27.500002,3467,3935,6.1947176e-08,0.15000007,0.15,0.15000000596046448,-5.960464483090178e-09,-3.973642988726786e-06,6.0191525e-08,6.1947176e-08
-15.076922,30.0,3468,3936,6.267247e-08,0.15000007,0.15,0.15000000596046448,-5.960464483090178e-09,-3.973642988726786e-06,6.21965e-08,6.267247e-08
-15.076922,32.5,3469,3937,6.100096e-08,0.15000007,0.15,0.15000000596046448,-5.960464483090178e-09,-3.973642988726786e-06,5.8979346e-08,6.100096e-08
-15.076922,35.0,3470,3938,6.399471e-08,0.15000007,0.15,0.15000000596046448,-5.960464483090178e-09,-3.973642988726786e-06,6.386049e-08,6.399471e-08
-15.076922,37.5,3471,3939,6.5628136e-08,0.15000007,0.15,0.15000000596046448,-5.960464483090178e-09,-3.973642988726786e-06,6.336202e-08,6.5628136e-08
-15.076922,40.0,3472,3940,6.339586e-08,0.15000007,0.15,0.15000000596046448,-5.960464483090178e-09,-3.973642988726786e-06,6.315472e-08,6.339586e-08
-15.076922,42.5,3473,3941,6.896497e-08,0.15000007,0.14999999,0.14999999105930328,8.940696710757479e-09,5.96046447383832e-06,6.607075e-08,6.896497e-08
-15.076922,44.999996,3474,3942,6.813472e-08,0.15000008,0.15,0.15000000596046448,-5.960464483090178e-09,-3.973642988726786e-06,6.84937e-08,6.813472e-08
-15.076922,47.5,3475,3943,7.335215e-08,0.15000008,0.15,0.15000000596046448,-5.960464483090178e-09,-3.973642988726786e-06,6.840727e-08,7.335215e-08
-15.076922,50.0,383,449,9.032332e-08,0.15000007,0.14999998,0.1499999761581421,2.3841857904605135e-08,1.5894571936403423e-05,5.931204e-08,9.032332e-08
-14.461538,-50.0,438,496,-1.0228772e-07,0.14999987,0.14999998,0.1499999761581421,2.3841857904605135e-08,1.5894571936403423e-05,-1.3515724e-07,-1.0228772e-07
-14.461538,-47.5,3398,3866,-1.1416649e-07,0.14999989,0.15,0.15000000596046448,-5.960464483090178e-09,-3.973642988726786e-06,-1.2155243e-07,-1.1416649e-07
-14.461538,-44.999996,3399,3867,-1.1543158e-07,0.14999989,0.15,0.15000000596046448,-5.960464483090178e-09,-3.973642988726786e-06,-1.16103514e-07,-1.1543158e-07
-14.461538,-42.5,3400,3868,-1.14756304e-07,0.14999989,0.15,0.15000000596046448,-5.960464483090178e-09,-3.973642988726786e-06,-1.1681295e-07,-1.14756304e-07
-14.461538,-40.0,3401,3869,-1.2045035e-07,0.14999989,0.15,0.15000000596046448,-5.960464483090178e-09,-3.973642988726786e-06,-1.2022925e-07,-1.2045035e-07
-14.461538,-37.5,3402,3870,-1.1513919e-07,0.14999989,0.15,0.15000000596046448,-5.960464483090178e-09,-3.973642988726786e-06,-1.1697678e-07,-1.1513919e-07
-14.461538,-35.0,3403,3871,-1.10425006e-07,0.1499999,0.15,0.15000000596046448,-5.960464483090178e-09,-3.973642988726786e-06,-1.1059712e-07,-1.10425006e-07
-14.461538,-32.5,3404,3872,-1.0613138e-07,0.1499999,0.15,0.15000000596046448,-5.960464483090178e-09,-3.973642988726786e-06,-1.0787132e-07,-1.0613138e-07
-14.461538,-30.0,3405,3873,-1.0274989e-07,0.1499999,0.15,0.15000000596046448,-5.960464483090178e-09,-3.973642988726786e-06,-1.03282204e-07,-1.0274989e-07
-14.461538,-27.500002,3406,3874,-9.8876114e-08,0.1499999,0.15,0.15000000596046448,-5.960464483090178e-09,-3.973642988726786e-06,-1.00798e-07,-9.8876114e-08
-14.461538,-25.0,3407,3875,-9.925027e-08,0.1499999,0.15,0.15000000596046448,-5.960464483090178e-09,-3.973642988726786e-06,-1.0036623e-07,-9.925027e-08
-14.461538,-22.499998,3408,3876,-9.797468e-08,0.1499999,0.15,0.15000000596046448,-5.960464483090178e-09,-3.973642988726786e-06,-1.0016076e-07,-9.797468e-08
-14.461538,-20.0,3409,3877,-9.674274e-08,0.1499999,0.14999999,0.14999999105930328,8.940696710757479e-09,5.96046447383832e-06,-9.8194604e-08,-9.674274e-08
-14.461538,-17.5,3410,3878,-9.327472e-08,0.14999992,0.15,0.15000000596046448,-5.960464483090178e-09,-3.973642988726786e-06,-9.545828e-08,-9.327472e-08
-14.461538,-15.0,3411,3879,-8.886532e-08,0.14999992,0.15,0.15000000596046448,-5.960464483090178e-09,-3.973642988726786e-06,-9.0507e-08,-8.886532e-08
-14.461538,-12.5,3412,3880,-8.143244e-08,0.14999992,0.14999999,0.14999999105930328,8.940696710757479e-09,5.96046447383832e-06,-8.372494e-08,-8.143244e-08
-14.461538,-10.0,3413,3881,-7.0689715e-08,0.14999993,0.15,0.15000000596046448,-5.960464483090178e-09,-3.973642988726786e-06,-7.25522e-08,-7.0689715e-08
-14.461538,-7.5,3414,3882,-5.995637e-08,0.14999995,0.15,0.15000000596046448,-5.960464483090178e-09,-3.973642988726786e-06,-6.2402705e-08,-5.995637e-08
-14.461538,-5.0,3415,3883,-4.6800864e-08,0.14999996,0.15,0.15000000596046448,-5.960464483090178e-09,-3.973642988726786e-06,-4.8855036e-08,-4.6800864e-08
-14.461538,-2.5,3416,3884,-3.3267764e-08,0.14999998,0.15,0.15000000596065396,-5.960464483090178e-09,-3.973642988726786e-06,-3.5804796e-08,-3.3267764e-08
-14.461538,0.0,3417,3885,-1.6340069e-08,0.14999999,0.15,0.15000000596046448,-5.960464483090178e-09,-3.973642988726786e-06,-1.8477026e-08,-1.6340069e-08
-14.461538,2.5,3418,3886,-3.8883985e-09,0.15,0.15,0.15000000596046448,-5.960464483090178e-09,-3.973642988726786e-06,-6.558164e-09,-3.8883985e-09
-14.461538,5.0,3419,3887,6.9566597e-09,0.15,0.15,0.15000000596046448,-5.960464483090178e-09,-3.973642988726786e-06,4.723629e-09,6.9566597e-09
-14.461538,7.5,3420,3888,1.5805982e-08,0.15000002,0.15,0.15000000596046448,-5.960464483090178e-09,-3.973642988726786e-06,1.3135341e-08,1.5805982e-08
-14.461538,10.0,3421,3889,2.4700729e-08,0.15000004,0.15,0.15000000596046448,-5.960464483090178e-09,-3.973642988726786e-06,2.2685793e-08,2.4700729e-08
-14.461538,12.5,3422,3890,3.4826957e-08,0.15000004,0.15,0.15000000596046448,-5.960464483090178e-09,-3.973642988726786e-06,3.238258e-08,3.4826957e-08
-14.461538,15.0,3423,3891,4.651546e-08,0.15000005,0.15,0.15000000596046448,-5.960464483090178e-09,-3.973642988726786e-06,4.4900474e-08,4.651546e-08
-14.461538,17.5,3424,3892,5.8862796e-08,0.15000007,0.15,0.15000000596046448,-5.960464483090178e-09,-3.973642988726786e-06,5.6719802e-08,5.8862796e-08
-14.461538,20.0,3425,3893,6.618711e-08,0.15000007,0.15,0.15000000596046448,-5.960464483090178e-09,-3.973642988726786e-06,6.501543e-08,6.618711e-08
-14.461538,22.499998,3426,3894,7.0015666e-08,0.15000008,0.15,0.15000000596046448,-5.960464483090178e-09,-3.973642988726786e-06,6.800754e-08,7.0015666e-08
-14.461538,25.0,3427,3895,6.714305e-08,0.15000007,0.14999999,0.14999999105930328,8.940696710757479e-09,5.96046447383832e-06,6.6222455e-08,6.714305e-08
-14.461538,27.500002,3428,3896,6.524052e-08,0.15000007,0.15,0.15000000596046448,-5.960464483090178e-09,-3.973642988726786e-06,6.32379e-08,6.524052e-08
-14.461538,30.0,3429,3897,6.567892e-08,0.15000007,0.15,0.15000000596046448,-5.960464483090178e-09,-3.973642988726786e-06,6.5056824e-08,6.567892e-08
-14.461538,32.5,3430,3898,6.357388e-08,0.15000007,0.15,0.15000000596046448,-5.960464483090178e-09,-3.973642988726786e-06,6.1445654e-08,6.357388e-08
-14.461538,35.0,3431,3899,6.6341904e-08,0.15000007,0.15,0.15000000596046448,-5.960464483090178e-09,-3.973642988726786e-06,6.585016e-08,6.6341904e-08
-14.461538,37.5,3432,3900,6.782115e-08,0.15000007,0.14999999,0.14999999105930328,8.940696710757479e-09,5.96046447383832e-06,6.557518e-08,6.782115e-08
-14.461538,40.0,3433,3901,6.529092e-08,0.15000007,0.15,0.15000000596046448,-5.960464483090178e-09,-3.973642988726786e-06,6.5353895e-08,6.529092e-08
-14.461538,42.5,3434,3902,7.042643e-08,0.15000008,0.15,0.15000000596046448,-5.960464483090178e-09,-3.973642988726786e-06,6.82856e-08,7.042643e-08
-14.461538,44.999996,3435,3903,7.086386e-08,0.15000008,0.15,0.15000000596046448,-5.960464483090178e-09,-3.973642988726786e-06,7.051953e-08,7.086386e-08
-14.461538,47.5,3436,3904,7.707504e-08,0.15000008,0.15,0.15000000596046448,-5.960464483090178e-09,-3.973642988726786e-06,6.965917e-08,7.707504e-08
-14.461538,50.0,382,450,9.2884655e-08,0.15000007,0.14999998,0.1499999761581421,2.3841857904605135e-08,1.5894571936403423e-05,6.0354985e-08,9.2884655e-08
-13.846154,-50.0,439,495,-1.00760026e-07,0.14999989,0.14999999,0.14999999105930328,8.940696710757479e-09,5.96046447383832e-06,-1.2266004e-07,-1.00760026e-07
-13.846154,-47.5,3359,3827,-1.1166721e-07,0.1499999,0.15,0.15000000596046448,-5.960464483090178e-09,-3.973642988726786e-06,-1.1078695e-07,-1.1166721e-07
-13.846154,-44.999996,3360,3828,-1.1235846e-07,0.1499999,0.15000002,0.15000002086162567,-2.0861625676937834e-08,-1.390775045129189e-05,-1.0673515e-07,-1.1235846e-07
-13.846154,-42.5,3361,3829,-1.11627244e-07,0.1499999,0.15,0.15000000596046448,-5.960464483090178e-09,-3.973642988726786e-06,-1.0871415e-07,-1.11627244e-07
-13.846154,-40.0,3362,3830,-1.1707943e-07,0.14999989,0.15,0.15000000596046448,-5.960464483090178e-09,-3.973642988726786e-06,-1.1212879e-07,-1.1707943e-07
-13.846154,-37.5,3363,3831,-1.11587816e-07,0.1499999,0.15,0.15000000596046448,-5.960464483090178e-09,-3.973642988726786e-06,-1.0818952e-07,-1.11587816e-07
-13.846154,-35.0,3364,3832,-1.0685021e-07,0.1499999,0.15,0.15000000596046448,-5.960464483090178e-09,-3.973642988726786e-06,-1.0176164e-07,-1.0685021e-07
-13.846154,-32.5,3365,3833,-1.02727114e-07,0.1499999,0.15,0.15000000596046448,-5.960464483090178e-09,-3.973642988726786e-06,-9.893126e-08,-1.02727114e-07
-13.846154,-30.0,3366,3834,-9.8965614e-08,0.14999992,0.15000002,0.15000002086162567,-2.0861625676937834e-08,-1.390775045129189e-05,-9.3791265e-08,-9.8965614e-08
-13.846154,-27.500002,3367,3835,-9.455845e-08,0.14999992,0.15,0.15000000596046448,-5.960464483090178e-09,-3.973642988726786e-06,-9.0298066e-08,-9.455845e-08
-13.846154,-25.0,3368,3836,-9.55596e-08,0.14999992,0.15,0.15000000596046448,-5.960464483090178e-09,-3.973642988726786e-06,-9.015271e-08,-9.55596e-08
-13.846154,-22.499998,3369,3837,-9.4874295e-08,0.14999992,0.15,0.15000000596046448,-5.960464483090178e-09,-3.973642988726786e-06,-9.020358e-08,-9.4874295e-08
-13.846154,-20.0,3370,3838,-9.388207e-08,0.14999992,0.15,0.15000000596046448,-5.960464483090178e-09,-3.973642988726786e-06,-8.841206e-08,-9.388207e-08
-13.846154,-17.5,3371,3839,-9.092027e-08,0.14999992,0.15,0.15000000596046448,-5.960464483090178e-09,-3.973642988726786e-06,-8.612347e-08,-9.092027e-08
-13.846154,-15.0,3372,3840,-8.679083e-08,0.14999993,0.15000002,0.15000002086162567,-2.0861625676937834e-08,-1.390775045129189e-05,-8.129675e-08,-8.679083e-08
-13.846154,-12.5,3373,3841,-7.9686316e-08,0.14999993,0.15,0.15000000596046448,-5.960464483090178e-09,-3.973642988726786e-06,-7.469647e-08,-7.9686316e-08
-13.846154,-10.0,3374,3842,-6.8804546e-08,0.14999995,0.15000002,0.15000002086162567,-2.0861625676937834e-08,-1.390775045129189e-05,-6.321862e-08,-6.8804546e-08
-13.846154,-7.5,3375,3843,-5.8348046e-08,0.14999995,0.15,0.15000000596046448,-5.960464483090178e-09,-3.973642988726786e-06,-5.3151176e-08,-5.8348046e-08
-13.846154,-5.0,3376,3844,-4.484283e-08,0.14999996,0.15,0.15000000596046448,-5.960464483090178e-09,-3.973642988726786e-06,-3.9102854e-08,-4.484283e-08
-13.846154,-2.5,3377,3845,-3.159955e-08,0.14999998,0.15,0.15000000596046448,-5.960464483090178e-09,-3.973642988726786e-06,-2.6270847e-08,-3.159955e-08
-13.846154,0.0,3378,3846,-1.4829928e-08,0.14999999,0.15,0.15000000596046448,-5.960464483090178e-09,-3.973642988726786e-06,-8.981418e-09,-1.4829928e-08
-13.846154,2.5,3379,3847,-2.6589153e-09,0.15,0.15,0.15000000596046448,-5.960464483090178e-09,-3.973642988726786e-06,2.8277802e-09,-2.6589153e-09
-13.846154,5.0,3380,3848,8.167815e-09,0.15000002,0.15,0.15000000596046448,-5.960464483090178e-09,-3.973642988726786e-06,1.41790695e-08,8.167815e-09
-13.846154,7.5,3381,3849,1.625243e-08,0.15000002,0.15,0.15000000596046448,-5.960464483090178e-09,-3.973642988726786e-06,2.1718966e-08,1.625243e-08
-13.846154,10.0,3382,3850,2.4083294e-08,0.15000004,0.15,0.15000000596046448,-5.960464483090178e-09,-3.973642988726786e-06,2.995173e-08,2.4083294e-08
-13.846154,12.5,3383,3851,3.407872e-08,0.15000005,0.15000002,0.15000002086162567,-2.0861625676937834e-08,-1.390775045129189e-05,3.9206927e-08,3.407872e-08
-13.846154,15.0,3384,3852,4.6730506e-08,0.15000007,0.15000002,0.15000002086162567,-2.0861625676937834e-08,-1.390775045129189e-05,5.2298823e-08,4.6730506e-08
-13.846154,17.5,3385,3853,5.950881e-08,0.15000007,0.15,0.15000000596046448,-5.960464483090178e-09,-3.973642988726786e-06,6.4148395e-08,5.950881e-08
-13.846154,20.0,3386,3854,6.724143e-08,0.15000008,0.15,0.15000000596046448,-5.960464483090178e-09,-3.973642988726786e-06,7.2467955e-08,6.724143e-08
-13.846154,22.499998,3387,3855,7.104977e-08,0.15000008,0.15,0.15000000596046448,-5.960464483090178e-09,-3.973642988726786e-06,7.5351174e-08,7.104977e-08
-13.846154,25.0,3388,3856,6.823763e-08,0.15000008,0.15,0.15000000596046448,-5.960464483090178e-09,-3.973642988726786e-06,7.351556e-08,6.823763e-08
-13.846154,27.500002,3389,3857,6.610955e-08,0.15000008,0.15000002,0.15000002086162567,-2.0861625676937834e-08,-1.390775045129189e-05,7.031068e-08,6.610955e-08
-13.846154,30.0,3390,3858,6.628175e-08,0.15000008,0.15000002,0.15000002086162567,-2.0861625676937834e-08,-1.390775045129189e-05,7.169263e-08,6.628175e-08
-13.846154,32.5,3391,3859,6.367052e-08,0.15000008,0.15000002,0.15000002086162567,-2.0861625676937834e-08,-1.390775045129189e-05,6.774283e-08,6.367052e-08
-13.846154,35.0,3392,3860,6.615774e-08,0.15000008,0.15000002,0.15000002086162567,-2.0861625676937834e-08,-1.390775045129189e-05,7.174604e-08,6.615774e-08
-13.846154,37.5,3393,3861,6.76977e-08,0.15000008,0.15,0.15000000596046448,-5.960464483090178e-09,-3.973642988726786e-06,7.1384626e-08,6.76977e-08
-13.846154,40.0,3394,3862,6.5354506e-08,0.15000008,0.15000002,0.15000002086162567,-2.0861625676937834e-08,-1.390775045129189e-05,7.06251e-08,6.5354506e-08
-13.846154,42.5,3395,3863,7.062054e-08,0.15000008,0.15,0.15000000596046448,-5.960464483090178e-09,-3.973642988726786e-06,7.342049e-08,7.062054e-08
-13.846154,44.999996,3396,3864,7.109926e-08,0.15000008,0.15,0.15000000596046448,-5.960464483090178e-09,-3.973642988726786e-06,7.66644e-08,7.109926e-08
-13.846154,47.5,3397,3865,7.641992e-08,0.15000008,0.15,0.15000000596046448,-5.960464483090178e-09,-3.973642988726786e-06,7.7095855e-08,7.641992e-08
-13.846154,50.0,381,451,9.0477926e-08,0.15000008,0.14999999,0.14999999105930328,8.940696710757479e-09,5.96046447383832e-06,6.849342e-08,9.0477926e-08
-13.230768,-50.0,440,494,-8.613776e-08,0.14999989,0.14999998,0.1499999761581421,2.3841857904605135e-08,1.5894571936403423e-05,-1.2254236e-07,-8.613776e-08
-13.230768,-47.5,3320,3788,-9.653704e-08,0.1499999,0.14999999,0.14999999105930328,8.940696710757479e-09,5.96046447383832e-06,-1.1148136e-07,-9.653704e-08
-13.230768,-44.999996,3321,3789,-9.910225e-08,0.1499999,0.15,0.15000000596046448,-5.960464483090178e-09,-3.973642988726786e-06,-1.0639038e-07,-9.910225e-08
-13.230768,-42.5,3322,3790,-9.94516e-08,0.1499999,0.15,0.15000000596046448,-5.960464483090178e-09,-3.973642988726786e-06,-1.0787767e-07,-9.94516e-08
-13.230768,-40.0,3323,3791,-1.042566e-07,0.1499999,0.15,0.15000000596046448,-5.960464483090178e-09,-3.973642988726786e-06,-1.1134392e-07,-1.042566e-07
-13.230768,-37.5,3324,3792,-9.861975e-08,0.1499999,0.15,0.15000000596046448,-5.960464483090178e-09,-3.973642988726786e-06,-1.07336696e-07,-9.861975e-08
-13.230768,-35.0,3325,3793,-9.369348e-08,0.1499999,0.14999999,0.14999999105930328,8.940696710757479e-09,5.96046447383832e-06,-1.01284094e-07,-9.369348e-08
-13.230768,-32.5,3326,3794,-8.9617e-08,0.1499999,0.14999999,0.14999999105930328,8.940696710757479e-09,5.96046447383832e-06,-9.859087e-08,-8.9617e-08
-13.230768,-30.0,3327,3795,-8.5133614e-08,0.14999992,0.15,0.15000000596046448,-5.960464483090178e-09,-3.973642988726786e-06,-9.320737e-08,-8.5133614e-08
-13.230768,-27.500002,3328,3796,-7.991713e-08,0.14999992,0.14999999,0.14999999105930328,8.940696710757479e-09,5.96046447383832e-06,-8.916442e-08,-7.991713e-08
-13.230768,-25.0,3329,3797,-8.112387e-08,0.14999992,0.14999999,0.14999999105930328,8.940696710757479e-09,5.96046447383832e-06,-8.965675e-08,-8.112387e-08
-13.230768,-22.499998,3330,3798,-8.074462e-08,0.14999992,0.14999999,0.14999999105930328,8.940696710757479e-09,5.96046447383832e-06,-9.018209e-08,-8.074462e-08
-13.230768,-20.0,3331,3799,-7.997188e-08,0.14999992,0.14999999,0.14999999105930328,8.940696710757479e-09,5.96046447383832e-06,-8.870536e-08,-7.997188e-08
-13.230768,-17.5,3332,3800,-7.744757e-08,0.14999992,0.14999999,0.14999999105930328,8.940696710757479e-09,5.96046447383832e-06,-8.6836046e-08,-7.744757e-08
-13.230768,-15.0,3333,3801,-7.331001e-08,0.14999992,0.14999999,0.14999999105930328,8.940696710757479e-09,5.96046447383832e-06,-8.218875e-08,-7.331001e-08
-13.230768,-12.5,3334,3802,-6.647567e-08,0.14999993,0.14999999,0.14999999105930328,8.940696710757479e-09,5.96046447383832e-06,-7.594443e-08,-6.647567e-08
-13.230768,-10.0,3335,3803,-5.519882e-08,0.14999995,0.15,0.15000000596046448,-5.960464483090178e-09,-3.973642988726786e-06,-6.421353e-08,-5.519882e-08
-13.230768,-7.5,3336,3804,-4.5021345e-08,0.14999995,0.14999999,0.14999999105930328,8.940696710757479e-09,5.96046447383832e-06,-5.4636633e-08,-4.5021345e-08
-13.230768,-5.0,3337,3805,-3.0915047e-08,0.14999996,0.14999999,0.14999999105930328,8.940696710757479e-09,5.96046447383832e-06,-4.0138875e-08,-3.0915047e-08
-13.230768,-2.5,3338,3806,-1.7687515e-08,0.14999998,0.14999999,0.14999999105930328,8.940696710757479e-09,5.96046447383832e-06,-2.7419434e-08,-1.7687515e-08
-13.230768,0.0,3339,3807,-1.0946891e-09,0.14999999,0.14999999,0.14999999105930328,8.940696710757479e-09,5.96046447383832e-06,-1.0459707e-08,-1.0946891e-09
-13.230768,2.5,3340,3808,1.0877685e-08,0.15,0.14999999,0.14999999105930328,8.940696710757479e-09,5.96046447383832e-06,9.369681e-10,1.0877685e-08
-13.230768,5.0,3341,3809,2.185655e-08,0.15000002,0.15,0.15000000596046448,-5.960464483090178e-09,-3.973642988726786e-06,1.2308464e-08,2.185655e-08
-13.230768,7.5,3342,3810,2.9227254e-08,0.15000002,0.14999999,0.14999999105930328,8.940696710757479e-09,5.96046447383832e-06,1.9222643e-08,2.9227254e-08
-13.230768,10.0,3343,3811,3.5860737e-08,0.15000004,0.15,0.15000000596046448,-5.960464483090178e-09,-3.973642988726786e-06,2.6512312e-08,3.5860737e-08
-13.230768,12.5,3344,3812,4.53323e-08,0.15000004,0.14999999,0.14999999105930328,8.940696710757479e-09,5.96046447383832e-06,3.5620502e-08,4.53323e-08
-13.230768,15.0,3345,3813,5.8599632e-08,0.15000005,0.14999999,0.14999999105930328,8.940696710757479e-09,5.96046447383832e-06,4.967938e-08,5.8599632e-08
-13.230768,17.5,3346,3814,7.1087086e-08,0.15000007,0.14999999,0.14999999105930328,8.940696710757479e-09,5.96046447383832e-06,6.181749e-08,7.1087086e-08
-13.230768,20.0,3347,3815,7.8806806e-08,0.15000008,0.15,0.15000000596046448,-5.960464483090178e-09,-3.973642988726786e-06,7.0468694e-08,7.8806806e-08
-13.230768,22.499998,3348,3816,8.244519e-08,0.15000008,0.14999999,0.14999999105930328,8.940696710757479e-09,5.96046447383832e-06,7.3392336e-08,8.244519e-08
-13.230768,25.0,3349,3817,7.9817234e-08,0.15000008,0.15,0.15000000596046448,-5.960464483090178e-09,-3.973642988726786e-06,7.1557494e-08,7.9817234e-08
-13.230768,27.500002,3350,3818,7.7183074e-08,0.15000008,0.15,0.15000000596046448,-5.960464483090178e-09,-3.973642988726786e-06,6.7910854e-08,7.7183074e-08
-13.230768,30.0,3351,3819,7.696722e-08,0.15000008,0.15,0.15000000596046448,-5.960464483090178e-09,-3.973642988726786e-06,6.8727346e-08,7.696722e-08
-13.230768,32.5,3352,3820,7.389962e-08,0.15000007,0.14999999,0.14999999105930328,8.940696710757479e-09,5.96046447383832e-06,6.4513436e-08,7.389962e-08
-13.230768,35.0,3353,3821,7.620222e-08,0.15000008,0.15,0.15000000596046448,-5.960464483090178e-09,-3.973642988726786e-06,6.8156375e-08,7.620222e-08
-13.230768,37.5,3354,3822,7.716977e-08,0.15000008,0.15,0.15000000596046448,-5.960464483090178e-09,-3.973642988726786e-06,6.802196e-08,7.716977e-08
-13.230768,40.0,3355,3823,7.447486e-08,0.15000008,0.15,0.15000000596046448,-5.960464483090178e-09,-3.973642988726786e-06,6.717089e-08,7.447486e-08
-13.230768,42.5,3356,3824,7.931329e-08,0.15000008,0.15,0.15000000596046448,-5.960464483090178e-09,-3.973642988726786e-06,7.089964e-08,7.931329e-08
-13.230768,44.999996,3357,3825,8.104995e-08,0.15000008,0.15,0.15000000596046448,-5.960464483090178e-09,-3.973642988726786e-06,7.389841e-08,8.104995e-08
-13.230768,47.5,3358,3826,8.831773e-08,0.15000008,0.14999999,0.14999999105930328,8.940696710757479e-09,5.96046447383832e-06,7.313865e-08,8.831773e-08
-13.230768,50.0,380,452,1.0133194e-07,0.15000007,0.14999996,0.1499999612569809,3.874301909845279e-08,2.582867939896853e-05,6.4973015e-08,1.0133194e-07
-12.615386,-50.0,441,493,-9.05752e-08,0.1499999,0.14999999,0.14999999105930328,8.940696710757479e-09,5.96046447383832e-06,-1.0321175e-07,-9.05752e-08
-12.615386,-47.5,3281,3749,-9.9411636e-08,0.14999992,0.15000002,0.15000002086162567,-2.0861625676937834e-08,-1.390775045129189e-05,-9.3404616e-08,-9.9411636e-08
-12.615386,-44.999996,3282,3750,-1.0205182e-07,0.14999992,0.15000002,0.15000002086162567,-2.0861625676937834e-08,-1.390775045129189e-05,-8.900166e-08,-1.0205182e-07
-12.615386,-42.5,3283,3751,-1.0244072e-07,0.14999992,0.15000002,0.15000002086162567,-2.0861625676937834e-08,-1.390775045129189e-05,-9.042534e-08,-1.0244072e-07
-12.615386,-40.0,3284,3752,-1.0689925e-07,0.14999992,0.15000002,0.15000002086162567,-2.0861625676937834e-08,-1.390775045129189e-05,-9.3277436e-08,-1.0689925e-07
-12.615386,-37.5,3285,3753,-1.01838104e-07,0.14999992,0.15000002,0.15000002086162567,-2.0861625676937834e-08,-1.390775045129189e-05,-8.903865e-08,-1.01838104e-07
-12.615386,-35.0,3286,3754,-9.716814e-08,0.14999992,0.15000002,0.15000002086162567,-2.0861625676937834e-08,-1.390775045129189e-05,-8.2983064e-08,-9.716814e-08
-12.615386,-32.5,3287,3755,-9.35883e-08,0.14999993,0.15000002,0.15000002086162567,-2.0861625676937834e-08,-1.390775045129189e-05,-8.01528e-08,-9.35883e-08
-12.615386,-30.0,3288,3756,-8.88265e-08,0.14999993,0.15000002,0.15000002086162567,-2.0861625676937834e-08,-1.390775045129189e-05,-7.4244944e-08,-8.88265e-08
-12.615386,-27.500002,3289,3757,-8.337628e-08,0.14999993,0.15000002,0.15000002086162567,-2.0861625676937834e-08,-1.390775045129189e-05,-6.948861e-08,-8.337628e-08
-12.615386,-25.0,3290,3758,-8.506796e-08,0.14999993,0.15000002,0.15000002086162567,-2.0861625676937834e-08,-1.390775045129189e-05,-7.022825e-08,-8.506796e-08
-12.615386,-22.499998,3291,3759,-8.529282e-08,0.14999993,0.15000002,0.15000002086162567,-2.0861625676937834e-08,-1.390775045129189e-05,-7.1108694e-08,-8.529282e-08
-12.615386,-20.0,3292,3760,-8.4841915e-08,0.14999993,0.15000002,0.15000002086162567,-2.0861625676937834e-08,-1.390775045129189e-05,-6.998168e-08,-8.4841915e-08
-12.615386,-17.5,3293,3761,-8.262687e-08,0.14999993,0.15000002,0.15000002086162567,-2.0861625676937834e-08,-1.390775045129189e-05,-6.842186e-08,-8.262687e-08
-12.615386,-15.0,3294,3762,-7.8500264e-08,0.14999995,0.15000002,0.15000002086162567,-2.0861625676937834e-08,-1.390775045129189e-05,-6.361132e-08,-7.8500264e-08
-12.615386,-12.5,3295,3763,-7.195517e-08,0.14999995,0.15000002,0.15000002086162567,-2.0861625676937834e-08,-1.390775045129189e-05,-5.759873e-08,-7.195517e-08
-12.615386,-10.0,3296,3764,-6.033949e-08,0.14999996,0.15000002,0.15000002086162567,-2.0861625676937834e-08,-1.390775045129189e-05,-4.544785e-08,-6.033949e-08
-12.615386,-7.5,3297,3765,-5.0835233e-08,0.14999998,0.15000002,0.15000002086162567,-2.0861625676937834e-08,-1.390775045129189e-05,-3.626598e-08,-5.0835233e-08
-12.615386,-5.0,3298,3766,-3.62351e-08,0.14999999,0.15000002,0.15000002086162567,-2.0861625676937834e-08,-1.390775045129189e-05,-2.1154923e-08,-3.62351e-08
-12.615386,-2.5,3299,3767,-2.3008317e-08,0.14999999,0.15000002,0.15000002086162567,-2.0861625676937834e-08,-1.390775045129189e-05,-8.274041e-09,-2.3008317e-08
-12.615386,0.0,3300,3768,-6.946763e-09,0.15000002,0.15000002,0.15000002086162567,-2.0861625676937834e-08,-1.390775045129189e-05,8.299712e-09,-6.946763e-09
-12.615386,2.5,3301,3769,4.46906e-09,0.15000002,0.15000002,0.15000002086162567,-2.0861625676937834e-08,-1.390775045129189e-05,1.9458284e-08,4.46906e-09
-12.615386,5.0,3302,3770,1.5453452e-08,0.15000004,0.15000002,0.15000002086162567,-2.0861625676937834e-08,-1.390775045129189e-05,3.0951725e-08,1.5453452e-08
-12.615386,7.5,3303,3771,2.227899e-08,0.15000005,0.15000004,0.15000003576278687,-3.576278687078549e-08,-2.3841857913856995e-05,3.7322682e-08,2.227899e-08
-12.615386,10.0,3304,3772,2.8219965e-08,0.15000005,0.15000002,0.15000002086162567,-2.0861625676937834e-08,-1.390775045129189e-05,4.3564246e-08,2.8219965e-08
-12.615386,12.5,3305,3773,3.7489734e-08,0.15000005,0.15,0.15000000596046448,-5.960464483090178e-09,-3.973642988726786e-06,5.2130293e-08,3.7489734e-08
-12.615386,15.0,3306,3774,5.1740386e-08,0.15000007,0.15000002,0.15000002086162567,-2.0861625676937834e-08,-1.390775045129189e-05,6.672069e-08,5.1740386e-08
-12.615386,17.5,3307,3775,6.424834e-08,0.15000008,0.15000002,0.15000002086162567,-2.0861625676937834e-08,-1.390775045129189e-05,7.828656e-08,6.424834e-08
-12.615386,20.0,3308,3776,7.232325e-08,0.1500001,0.15000002,0.15000002086162567,-2.0861625676937834e-08,-1.390775045129189e-05,8.671485e-08,7.232325e-08
-12.615386,22.499998,3309,3777,7.59133e-08,0.1500001,0.15000002,0.15000002086162567,-2.0861625676937834e-08,-1.390775045129189e-05,8.9571444e-08,7.59133e-08
-12.615386,25.0,3310,3778,7.3322866e-08,0.1500001,0.15000002,0.15000002086162567,-2.0861625676937834e-08,-1.390775045129189e-05,8.7852854e-08,7.3322866e-08
-12.615386,27.500002,3311,3779,6.975387e-08,0.1500001,0.15000002,0.15000002086162567,-2.0861625676937834e-08,-1.390775045129189e-05,8.362755e-08,6.975387e-08
-12.615386,30.0,3312,3780,6.908152e-08,0.1500001,0.15000002,0.15000002086162567,-2.0861625676937834e-08,-1.390775045129189e-05,8.388935e-08,6.908152e-08
-12.615386,32.5,3313,3781,6.569792e-08,0.15000008,0.15000002,0.15000002086162567,-2.0861625676937834e-08,-1.390775045129189e-05,7.9559186e-08,6.569792e-08
-12.615386,35.0,3314,3782,6.8057695e-08,0.1500001,0.15000002,0.15000002086162567,-2.0861625676937834e-08,-1.390775045129189e-05,8.280018e-08,6.8057695e-08
-12.615386,37.5,3315,3783,6.895822e-08,0.1500001,0.15000002,0.15000002086162567,-2.0861625676937834e-08,-1.390775045129189e-05,8.2221206e-08,6.895822e-08
-12.615386,40.0,3316,3784,6.65603e-08,0.15000008,0.15000002,0.15000002086162567,-2.0861625676937834e-08,-1.390775045129189e-05,8.0411354e-08,6.65603e-08
-12.615386,42.5,3317,3785,7.223063e-08,0.1500001,0.15000002,0.15000002086162567,-2.0861625676937834e-08,-1.390775045129189e-05,8.423326e-08,7.223063e-08
-12.615386,44.999996,3318,3786,7.4792005e-08,0.1500001,0.15000002,0.15000002086162567,-2.0861625676937834e-08,-1.390775045129189e-05,8.7351914e-08,7.4792005e-08
-12.615386,47.5,3319,3787,8.234315e-08,0.1500001,0.15,0.15000000596046448,-5.960464483090178e-09,-3.973642988726786e-06,8.734809e-08,8.234315e-08
-12.615386,50.0,379,453,9.404617e-08,0.15000008,0.14999999,0.14999999105930328,8.940696710757479e-09,5.96046447383832e-06,8.061546e-08,9.404617e-08
-12.0,-50.0,11,9,-6.357509e-08,0.14999989,0.14999995,0.1499999463558197,5.364418029230045e-08,3.5762786861533634e-05,-1.1521634e-07,-6.357509e-08
-12.0,-47.5,359,260,-7.11054e-08,0.1499999,0.14999998,0.1499999761581421,2.3841857904605135e-08,1.5894571936403423e-05,-1.05970884e-07,-7.11054e-08
-12.0,-44.999996,358,261,-7.427921e-08,0.1499999,0.14999998,0.1499999761581421,2.3841857904605135e-08,1.5894571936403423e-05,-1.0164165e-07,-7.427921e-08
-12.0,-42.5,357,262,-7.515254e-08,0.1499999,0.14999998,0.1499999761581421,2.3841857904605135e-08,1.5894571936403423e-05,-1.0238141e-07,-7.515254e-08
-12.0,-40.0,356,263,-7.9120824e-08,0.1499999,0.14999998,0.1499999761581421,2.3841857904605135e-08,1.5894571936403423e-05,-1.0444644e-07,-7.9120824e-08
-12.0,-37.5,355,264,-7.44113e-08,0.1499999,0.14999998,0.1499999761581421,2.3841857904605135e-08,1.5894571936403423e-05,-1.0066589e-07,-7.44113e-08
-12.0,-35.0,354,265,-6.928341e-08,0.14999992,0.14999999,0.14999999105930328,8.940696710757479e-09,5.96046447383832e-06,-9.530881e-08,-6.928341e-08
-12.0,-32.5,353,266,-6.520876e-08,0.14999992,0.14999998,0.1499999761581421,2.3841857904605135e-08,1.5894571936403423e-05,-9.326746e-08,-6.520876e-08
-12.0,-30.0,352,267,-5.9511756e-08,0.14999992,0.14999998,0.1499999761581421,2.3841857904605135e-08,1.5894571936403423e-05,-8.7710134e-08,-5.9511756e-08
-12.0,-27.500002,351,268,-5.333793e-08,0.14999992,0.14999998,0.1499999761581421,2.3841857904605135e-08,1.5894571936403423e-05,-8.3165844e-08,-5.333793e-08
-12.0,-25.0,350,269,-5.4865552e-08,0.14999992,0.14999998,0.1499999761581421,2.3841857904605135e-08,1.5894571936403423e-05,-8.4506006e-08,-5.4865552e-08
-12.0,-22.499998,349,270,-5.532228e-08,0.14999992,0.14999998,0.1499999761581421,2.3841857904605135e-08,1.5894571936403423e-05,-8.618809e-08,-5.532228e-08
-12.0,-20.0,348,271,-5.52576e-08,0.14999992,0.14999998,0.1499999761581421,2.3841857904605135e-08,1.5894571936403423e-05,-8.564583e-08,-5.52576e-08
-12.0,-17.5,347,272,-5.3488993e-08,0.14999992,0.14999998,0.1499999761581421,2.3841857904605135e-08,1.5894571936403423e-05,-8.421483e-08,-5.3488993e-08
-12.0,-15.0,346,273,-4.9451344e-08,0.14999993,0.14999998,0.1499999761581421,2.3841857904605135e-08,1.5894571936403423e-05,-7.911318e-08,-4.9451344e-08
-12.0,-12.5,345,274,-4.3411383e-08,0.14999993,0.14999998,0.1499999761581421,2.3841857904605135e-08,1.5894571936403423e-05,-7.2930895e-08,-4.3411383e-08
-12.0,-10.0,344,275,-3.174248e-08,0.14999995,0.14999998,0.1499999761581421,2.3841857904605135e-08,1.5894571936403423e-05,-6.011608e-08,-3.174248e-08
-12.0,-7.5,343,276,-2.2942722e-08,0.14999996,0.14999999,0.14999999105930328,8.940696710757479e-09,5.96046447383832e-06,-5.1199464e-08,-2.2942722e-08
-12.0,-5.0,342,277,-7.805175e-09,0.14999998,0.14999999,0.14999999105930328,8.940696710757479e-09,5.96046447383832e-06,-3.548917e-08,-7.805175e-09
-12.0,-2.5,341,278,5.7344103e-09,0.14999998,0.14999998,0.1499999761581421,2.3841857904605135e-08,1.5894571936403423e-05,-2.2679469e-08,5.7344103e-09
-12.0,0.0,340,279,2.1341213e-08,0.15,0.14999999,0.14999999105930328,8.940696710757479e-09,5.96046447383832e-06,-6.9455406e-09,2.1341213e-08
-12.0,2.5,339,280,3.22351e-08,0.15,0.14999998,0.1499999761581421,2.3841857904605135e-08,1.5894571936403423e-05,3.6040355e-09,3.22351e-08
-12.0,5.0,338,281,4.310413e-08,0.15000002,0.14999998,0.1499999761581421,2.3841857904605135e-08,1.5894571936403423e-05,1.5198875e-08,4.310413e-08
-12.0,7.5,337,282,4.9343672e-08,0.15000002,0.14999998,0.1499999761581421,2.3841857904605135e-08,1.5894571936403423e-05,2.130141e-08,4.9343672e-08
-12.0,10.0,336,283,5.4805326e-08,0.15000004,0.14999998,0.1499999761581421,2.3841857904605135e-08,1.5894571936403423e-05,2.6700834e-08,5.4805326e-08
-12.0,12.5,335,284,6.392084e-08,0.15000004,0.14999998,0.1499999761581421,2.3841857904605135e-08,1.5894571936403423e-05,3.454918e-08,6.392084e-08
-12.0,15.0,334,285,7.907157e-08,0.15000005,0.14999998,0.1499999761581421,2.3841857904605135e-08,1.5894571936403423e-05,4.9478988e-08,7.907157e-08
-12.0,17.5,333,286,9.119014e-08,0.15000007,0.14999998,0.1499999761581421,2.3841857904605135e-08,1.5894571936403423e-05,6.055608e-08,9.119014e-08
-12.0,20.0,332,287,9.920592e-08,0.15000008,0.14999998,0.1499999761581421,2.3841857904605135e-08,1.5894571936403423e-05,6.9067205e-08,9.920592e-08
-12.0,22.499998,331,288,1.02489295e-07,0.15000008,0.14999998,0.1499999761581421,2.3841857904605135e-08,1.5894571936403423e-05,7.2015084e-08,1.02489295e-07
-12.0,25.0,330,289,9.991157e-08,0.15000008,0.14999998,0.1499999761581421,2.3841857904605135e-08,1.5894571936403423e-05,7.038094e-08,9.991157e-08
-12.0,27.500002,329,290,9.5084694e-08,0.15000007,0.14999998,0.1499999761581421,2.3841857904605135e-08,1.5894571936403423e-05,6.52019e-08,9.5084694e-08
-12.0,30.0,328,291,9.364235e-08,0.15000007,0.14999998,0.1499999761581421,2.3841857904605135e-08,1.5894571936403423e-05,6.515138e-08,9.364235e-08
-12.0,32.5,327,292,8.992669e-08,0.15000007,0.14999998,0.1499999761581421,2.3841857904605135e-08,1.5894571936403423e-05,6.1063055e-08,8.992669e-08
-12.0,35.0,326,293,9.1805305e-08,0.15000007,0.14999998,0.1499999761581421,2.3841857904605135e-08,1.5894571936403423e-05,6.4966365e-08,9.1805305e-08
-12.0,37.5,325,294,9.183656e-08,0.15000007,0.14999998,0.1499999761581421,2.3841857904605135e-08,1.5894571936403423e-05,6.467261e-08,9.183656e-08
-12.0,40.0,324,295,8.8916245e-08,0.15000007,0.14999998,0.1499999761581421,2.3841857904605135e-08,1.5894571936403423e-05,6.276221e-08,8.8916245e-08
-12.0,42.5,323,296,9.502216e-08,0.15000008,0.14999999,0.14999999105930328,8.940696710757479e-09,5.96046447383832e-06,6.7284354e-08,9.502216e-08
-12.0,44.999996,322,297,9.825073e-08,0.15000008,0.14999998,0.1499999761581421,2.3841857904605135e-08,1.5894571936403423e-05,7.039359e-08,9.825073e-08
-12.0,47.5,321,298,1.06258184e-07,0.15000008,0.14999998,0.1499999761581421,2.3841857904605135e-08,1.5894571936403423e-05,7.123876e-08,1.06258184e-07
-12.0,50.0,12,10,1.17428556e-07,0.15000007,0.14999995,0.1499999463558197,5.364418029230045e-08,3.5762786861533634e-05,6.560448e-08,1.17428556e-07
-11.416667,-50.0,310,259,-8.493642e-08,0.14999993,0.15000002,0.15000002086162567,-2.0861625676937834e-08,-1.390775045129189e-05,-7.993126e-08,-8.493642e-08
-11.416667,-47.5,3036,2607,-9.245841e-08,0.14999993,0.15000002,0.15000002086162567,-2.0861625676937834e-08,-1.390775045129189e-05,-6.9540825e-08,-9.245841e-08
-11.416667,-44.999996,3035,2606,-9.681555e-08,0.14999995,0.15000004,0.15000003576278687,-3.576278687078549e-08,-2.3841857913856995e-05,-6.4509344e-08,-9.681555e-08
-11.416667,-42.5,3034,2605,-9.764481e-08,0.14999995,0.15000005,0.15000005066394806,-5.0663948064633146e-08,-3.37759653764221e-05,-6.518663e-08,-9.764481e-08
-11.416667,-40.0,3033,2604,-1.010774e-07,0.14999995,0.15000005,0.15000005066394806,-5.0663948064633146e-08,-3.37759653764221e-05,-6.6511234e-08,-1.010774e-07
-11.416667,-37.5,3032,2603,-9.741227e-08,0.14999995,0.15000005,0.15000005066394806,-5.0663948064633146e-08,-3.37759653764221e-05,-6.295304e-08,-9.741227e-08
-11.416667,-35.0,3031,2602,-9.301115e-08,0.14999995,0.15000004,0.15000003576278687,-3.576278687078549e-08,-2.3841857913856995e-05,-5.702784e-08,-9.301115e-08
-11.416667,-32.5,3030,2601,-8.984551e-08,0.14999995,0.15000004,0.15000003576278687,-3.576278687078549e-08,-2.3841857913856995e-05,-5.432915e-08,-8.984551e-08
-11.416667,-30.0,3029,2600,-8.468243e-08,0.14999996,0.15000005,0.15000005066394806,-5.0663948064633146e-08,-3.37759653764221e-05,-4.7845038e-08,-8.468243e-08
-11.416667,-27.500002,3028,2599,-7.884517e-08,0.14999996,0.15000004,0.15000003576278687,-3.576278687078549e-08,-2.3841857913856995e-05,-4.259669e-08,-7.884517e-08
-11.416667,-25.0,3027,2598,-8.0593644e-08,0.14999996,0.15000004,0.15000003576278687,-3.576278687078549e-08,-2.3841857913856995e-05,-4.3462226e-08,-8.0593644e-08
-11.416667,-22.499998,3026,2597,-8.185711e-08,0.14999996,0.15000004,0.15000003576278687,-3.576278687078549e-08,-2.3841857913856995e-05,-4.537889e-08,-8.185711e-08
-11.416667,-20.0,3025,2596,-8.251353e-08,0.14999996,0.15000005,0.15000005066394806,-5.0663948064633146e-08,-3.37759653764221e-05,-4.520286e-08,-8.251353e-08
-11.416667,-17.5,3024,2595,-8.100704e-08,0.14999996,0.15000004,0.15000003576278687,-3.576278687078549e-08,-2.3841857913856995e-05,-4.398162e-08,-8.100704e-08
-11.416667,-15.0,3023,2594,-7.6686526e-08,0.14999996,0.15000004,0.15000003576278687,-3.576278687078549e-08,-2.3841857913856995e-05,-3.9047347e-08,-7.6686526e-08
-11.416667,-12.5,3022,2593,-7.051972e-08,0.14999998,0.15000005,0.15000005066394806,-5.0663948064633146e-08,-3.37759653764221e-05,-3.331583e-08,-7.051972e-08
-11.416667,-10.0,3021,2592,-5.847602e-08,0.14999999,0.15000005,0.15000005066394806,-5.0663948064633146e-08,-3.37759653764221e-05,-2.0650132e-08,-5.847602e-08
-11.416667,-7.5,3020,2591,-4.994018e-08,0.14999999,0.15000004,0.15000003576278687,-3.576278687078549e-08,-2.3841857913856995e-05,-1.2536066e-08,-4.994018e-08
-11.416667,-5.0,3019,2590,-3.4145682e-08,0.15,0.15000004,0.15000003576278687,-3.576278687078549e-08,-2.3841857913856995e-05,3.6799956e-09,-3.4145682e-08
-11.416667,-2.5,3018,2589,-2.0754719e-08,0.15000002,0.15000004,0.15000003576278687,-3.576278687078549e-08,-2.3841857913856995e-05,1.6781579e-08,-2.0754719e-08
-11.416667,0.0,3017,2588,-6.039473e-09,0.15000004,0.15000004,0.15000003576278687,-3.576278687078549e-08,-2.3841857913856995e-05,3.192499e-08,-6.039473e-09
-11.416667,2.5,3016,2587,4.3400745e-09,0.15000005,0.15000005,0.15000005066394806,-5.0663948064633146e-08,-3.37759653764221e-05,4.1864368e-08,4.3400745e-09
-11.416667,5.0,3015,2586,1.5484536e-08,0.15000007,0.15000005,0.15000005066394806,-5.0663948064633146e-08,-3.37759653764221e-05,5.324033e-08,1.5484536e-08
-11.416667,7.5,3014,2585,2.1523995e-08,0.15000007,0.15000005,0.15000005066394806,-5.0663948064633146e-08,-3.37759653764221e-05,5.8870548e-08,2.1523995e-08
-11.416667,10.0,3013,2584,2.636703e-08,0.15000007,0.15000004,0.15000003576278687,-3.576278687078549e-08,-2.3841857913856995e-05,6.4049125e-08,2.636703e-08
-11.416667,12.5,3012,2583,3.463713e-08,0.15000008,0.15000005,0.15000005066394806,-5.0663948064633146e-08,-3.37759653764221e-05,7.1913554e-08,3.463713e-08
-11.416667,15.0,3011,2582,4.9976162e-08,0.1500001,0.15000005,0.15000005066394806,-5.0663948064633146e-08,-3.37759653764221e-05,8.762402e-08,4.9976162e-08
-11.416667,17.5,3010,2581,6.1287906e-08,0.15000011,0.15000005,0.15000005066394806,-5.0663948064633146e-08,-3.37759653764221e-05,9.832306e-08,6.1287906e-08
-11.416667,20.0,3009,2580,6.94429e-08,0.15000011,0.15000004,0.15000003576278687,-3.576278687078549e-08,-2.3841857913856995e-05,1.06758286e-07,6.94429e-08
-11.416667,22.499998,3008,2579,7.279348e-08,0.15000011,0.15000004,0.15000003576278687,-3.576278687078549e-08,-2.3841857913856995e-05,1.09453715e-07,7.279348e-08
-11.416667,25.0,3007,2578,7.045386e-08,0.15000011,0.15000004,0.15000003576278687,-3.576278687078549e-08,-2.3841857913856995e-05,1.07759824e-07,7.045386e-08
-11.416667,27.500002,3006,2577,6.4575985e-08,0.15000011,0.15000005,0.15000005066394806,-5.0663948064633146e-08,-3.37759653764221e-05,1.0086301e-07,6.4575985e-08
-11.416667,30.0,3005,2576,6.305348e-08,0.15000011,0.15000005,0.15000005066394806,-5.0663948064633146e-08,-3.37759653764221e-05,9.981042e-08,6.305348e-08
-11.416667,32.5,3004,2575,5.9805494e-08,0.1500001,0.15000004,0.15000003576278687,-3.576278687078549e-08,-2.3841857913856995e-05,9.52968e-08,5.9805494e-08
-11.416667,35.0,3003,2574,6.264639e-08,0.15000011,0.15000005,0.15000005066394806,-5.0663948064633146e-08,-3.37759653764221e-05,9.869258e-08,6.264639e-08
-11.416667,37.5,3002,2573,6.302962e-08,0.15000011,0.15000005,0.15000005066394806,-5.0663948064633146e-08,-3.37759653764221e-05,9.748129e-08,6.302962e-08
-11.416667,40.0,3001,2572,6.0417406e-08,0.1500001,0.15000004,0.15000003576278687,-3.576278687078549e-08,-2.3841857913856995e-05,9.477681e-08,6.0417406e-08
-11.416667,42.5,3000,2571,6.719497e-08,0.15000011,0.15000004,0.15000003576278687,-3.576278687078549e-08,-2.3841857913856995e-05,9.968433e-08,6.719497e-08
-11.416667,44.999996,2999,2570,7.0889506e-08,0.15000011,0.15000004,0.15000003576278687,-3.576278687078549e-08,-2.3841857913856995e-05,1.0263288e-07,7.0889506e-08
-11.416667,47.5,2998,2569,8.0722316e-08,0.15000011,0.15000004,0.15000003576278687,-3.576278687078549e-08,-2.3841857913856995e-05,1.03104064e-07,8.0722316e-08
-11.416667,50.0,370,299,9.28009e-08,0.15000011,0.15000002,0.15000002086162567,-2.0861625676937834e-08,-1.390775045129189e-05,9.7404325e-08,9.28009e-08
-10.833332,-50.0,311,258,-4.2363947e-08,0.1499999,0.14999995,0.1499999463558197,5.364418029230045e-08,3.5762786861533634e-05,-1.0914312e-07,-4.2363947e-08
-10.833332,-47.5,2997,2568,-4.7234707e-08,0.1499999,0.14999995,0.1499999463558197,5.364418029230045e-08,3.5762786861533634e-05,-9.994783e-08,-4.7234707e-08
-10.833332,-44.999996,2996,2567,-4.8499338e-08,0.1499999,0.14999995,0.1499999463558197,5.364418029230045e-08,3.5762786861533634e-05,-9.830698e-08,-4.8499338e-08
-10.833332,-42.5,2995,2566,-4.8991556e-08,0.1499999,0.14999995,0.1499999463558197,5.364418029230045e-08,3.5762786861533634e-05,-9.9644836e-08,-4.8991556e-08
-10.833332,-40.0,2994,2565,-5.158271e-08,0.1499999,0.14999995,0.1499999463558197,5.364418029230045e-08,3.5762786861533634e-05,-1.00659236e-07,-5.158271e-08
-10.833332,-37.5,2993,2564,-4.721435e-08,0.1499999,0.14999995,0.1499999463558197,5.364418029230045e-08,3.5762786861533634e-05,-9.936964e-08,-4.721435e-08
-10.833332,-35.0,2992,2563,-4.1843197e-08,0.14999992,0.14999996,0.1499999612569809,3.874301909845279e-08,2.582867939896853e-05,-9.4329685e-08,-4.1843197e-08
-10.833332,-32.5,2991,2562,-3.762273e-08,0.14999992,0.14999996,0.1499999612569809,3.874301909845279e-08,2.582867939896853e-05,-9.2743385e-08,-3.762273e-08
-10.833332,-30.0,2990,2561,-3.1556166e-08,0.14999992,0.14999995,0.1499999463558197,5.364418029230045e-08,3.5762786861533634e-05,-8.682913e-08,-3.1556166e-08
-10.833332,-27.500002,2989,2560,-2.5089523e-08,0.14999992,0.14999995,0.1499999463558197,5.364418029230045e-08,3.5762786861533634e-05,-8.2120245e-08,-2.5089523e-08
-10.833332,-25.0,2988,2559,-2.6133694e-08,0.14999992,0.14999995,0.1499999463558197,5.364418029230045e-08,3.5762786861533634e-05,-8.2834745e-08,-2.6133694e-08
-10.833332,-22.499998,2987,2558,-2.7721718e-08,0.14999992,0.14999995,0.1499999463558197,5.364418029230045e-08,3.5762786861533634e-05,-8.546073e-08,-2.7721718e-08
-10.833332,-20.0,2986,2557,-2.8805612e-08,0.14999992,0.14999995,0.1499999463558197,5.364418029230045e-08,3.5762786861533634e-05,-8.59748e-08,-2.8805612e-08
-10.833332,-17.5,2985,2556,-2.7502736e-08,0.14999992,0.14999995,0.1499999463558197,5.364418029230045e-08,3.5762786861533634e-05,-8.5001766e-08,-2.7502736e-08
-10.833332,-15.0,2984,2555,-2.35422e-08,0.14999993,0.14999996,0.1499999612569809,3.874301909845279e-08,2.582867939896853e-05,-7.979851e-08,-2.35422e-08
-10.833332,-12.5,2983,2554,-1.7781378e-08,0.14999993,0.14999995,0.1499999463558197,5.364418029230045e-08,3.5762786861533634e-05,-7.3888934e-08,-1.7781378e-08
-10.833332,-10.0,2982,2553,-6.2724532e-09,0.14999995,0.14999995,0.1499999463558197,5.364418029230045e-08,3.5762786861533634e-05,-6.125692e-08,-6.2724532e-09
-10.833332,-7.5,2981,2552,1.5782902e-09,0.14999995,0.14999995,0.1499999463558197,5.364418029230045e-08,3.5762786861533634e-05,-5.34799e-08,1.5782902e-09
-10.833332,-5.0,2980,2551,1.7973568e-08,0.14999998,0.14999996,0.1499999612569809,3.874301909845279e-08,2.582867939896853e-05,-3.6863195e-08,1.7973568e-08
-10.833332,-2.5,2979,2550,3.147101e-08,0.14999998,0.14999995,0.1499999463558197,5.364418029230045e-08,3.5762786861533634e-05,-2.3892035e-08,3.147101e-08
-10.833332,0.0,2978,2549,4.5616293e-08,0.14999999,0.14999995,0.1499999463558197,5.364418029230045e-08,3.5762786861533634e-05,-9.480464e-09,4.5616293e-08
-10.833332,2.5,2977,2548,5.5188902e-08,0.15,0.14999995,0.1499999463558197,5.364418029230045e-08,3.5762786861533634e-05,1.5530459e-10,5.5188902e-08
-10.833332,5.0,2976,2547,6.606463e-08,0.15000002,0.14999996,0.1499999612569809,3.874301909845279e-08,2.582867939896853e-05,1.178254e-08,6.606463e-08
-10.833332,7.5,2975,2546,7.179157e-08,0.15000002,0.14999995,0.1499999463558197,5.364418029230045e-08,3.5762786861533634e-05,1.7330503e-08,7.179157e-08
-10.833332,10.0,2974,2545,7.659874e-08,0.15000002,0.14999995,0.1499999463558197,5.364418029230045e-08,3.5762786861533634e-05,2.2074735e-08,7.659874e-08
-10.833332,12.5,2973,2544,8.492611e-08,0.15000004,0.14999995,0.1499999463558197,5.364418029230045e-08,3.5762786861533634e-05,2.9190952e-08,8.492611e-08
-10.833332,15.0,2972,2543,1.01038765e-07,0.15000005,0.14999995,0.1499999463558197,5.364418029230045e-08,3.5762786861533634e-05,4.468221e-08,1.01038765e-07
-10.833332,17.5,2971,2542,1.11977315e-07,0.15000007,0.14999995,0.1499999463558197,5.364418029230045e-08,3.5762786861533634e-05,5.435038e-08,1.11977315e-07
-10.833332,20.0,2970,2541,1.2030414e-07,0.15000007,0.14999995,0.1499999463558197,5.364418029230045e-08,3.5762786861533634e-05,6.274295e-08,1.2030414e-07
-10.833332,22.499998,2969,2540,1.2356708e-07,0.15000007,0.14999995,0.1499999463558197,5.364418029230045e-08,3.5762786861533634e-05,6.542035e-08,1.2356708e-07
-10.833332,25.0,2968,2539,1.2110716e-07,0.15000007,0.14999995,0.1499999463558197,5.364418029230045e-08,3.5762786861533634e-05,6.406634e-08,1.2110716e-07
-10.833332,27.500002,2967,2538,1.132978e-07,0.15000007,0.14999995,0.1499999463558197,5.364418029230045e-08,3.5762786861533634e-05,5.6195105e-08,1.132978e-07
-10.833332,30.0,2966,2537,1.1077048e-07,0.15000007,0.14999996,0.1499999612569809,3.874301909845279e-08,2.582867939896853e-05,5.51896e-08,1.1077048e-07
-10.833332,32.5,2965,2536,1.06716115e-07,0.15000005,0.14999995,0.1499999463558197,5.364418029230045e-08,3.5762786861533634e-05,5.1530023e-08,1.06716115e-07
-10.833332,35.0,2964,2535,1.0885168e-07,0.15000007,0.14999996,0.1499999612569809,3.874301909845279e-08,2.582867939896853e-05,5.6142046e-08,1.0885168e-07
-10.833332,37.5,2963,2534,1.0793251e-07,0.15000007,0.14999996,0.1499999612569809,3.874301909845279e-08,2.582867939896853e-05,5.5664128e-08,1.0793251e-07
-10.833332,40.0,2962,2533,1.0363162e-07,0.15000007,0.14999996,0.1499999612569809,3.874301909845279e-08,2.582867939896853e-05,5.428617e-08,1.0363162e-07
-10.833332,42.5,2961,2532,1.1053611e-07,0.15000007,0.14999996,0.1499999612569809,3.874301909845279e-08,2.582867939896853e-05,5.962533e-08,1.1053611e-07
-10.833332,44.999996,2960,2531,1.1352346e-07,0.15000007,0.14999995,0.1499999463558197,5.364418029230045e-08,3.5762786861533634e-05,6.326182e-08,1.1352346e-07
-10.833332,47.5,2959,2530,1.2064325e-07,0.15000008,0.14999996,0.1499999612569809,3.874301909845279e-08,2.582867939896853e-05,6.784895e-08,1.2064325e-07
-10.833332,50.0,369,300,1.3131276e-07,0.15000007,0.14999993,0.1499999314546585,6.85453414861481e-08,4.5696894324098736e-05,6.4525025e-08,1.3131276e-07
-10.25,-50.0,312,257,-9.341864e-08,0.14999996,0.15000005,0.15000005066394806,-5.0663948064633146e-08,-3.37759653764221e-05,-4.4801308e-08,-9.341864e-08
-10.25,-47.5,2958,2529,-9.622231e-08,0.14999998,0.15000007,0.15000006556510925,-6.55651092584808e-08,-4.37100728389872e-05,-3.6204227e-08,-9.622231e-08
-10.25,-44.999996,2957,2528,-9.790771e-08,0.14999998,0.15000008,0.15000008046627045,-8.046627045232846e-08,-5.364418030155231e-05,-3.3984165e-08,-9.790771e-08
-10.25,-42.5,2956,2527,-9.972445e-08,0.14999998,0.15000008,0.15000008046627045,-8.046627045232846e-08,-5.364418030155231e-05,-3.485029e-08,-9.972445e-08
-10.25,-40.0,2955,2526,-1.0319028e-07,0.14999998,0.15000008,0.15000008046627045,-8.046627045232846e-08,-5.364418030155231e-05,-3.415125e-08,-1.0319028e-07
-10.25,-37.5,2954,2525,-1.0149413e-07,0.14999998,0.15000008,0.15000008046627045,-8.046627045232846e-08,-5.364418030155231e-05,-3.1821145e-08,-1.0149413e-07
-10.25,-35.0,2953,2524,-9.7242996e-08,0.14999998,0.15000008,0.15000008046627045,-8.046627045232846e-08,-5.364418030155231e-05,-2.52787e-08,-9.7242996e-08
-10.25,-32.5,2952,2523,-9.4209604e-08,0.14999998,0.15000007,0.15000006556510925,-6.55651092584808e-08,-4.37100728389872e-05,-2.2399577e-08,-9.4209604e-08
-10.25,-30.0,2951,2522,-8.8624176e-08,0.14999999,0.15000008,0.15000008046627045,-8.046627045232846e-08,-5.364418030155231e-05,-1.5894503e-08,-8.8624176e-08
-10.25,-27.500002,2950,2521,-8.286581e-08,0.14999999,0.15000008,0.15000008046627045,-8.046627045232846e-08,-5.364418030155231e-05,-1.0756786e-08,-8.286581e-08
-10.25,-25.0,2949,2520,-8.3525364e-08,0.14999999,0.15000008,0.15000008046627045,-8.046627045232846e-08,-5.364418030155231e-05,-1.0758276e-08,-8.3525364e-08
-10.25,-22.499998,2948,2519,-8.582997e-08,0.14999999,0.15000008,0.15000008046627045,-8.046627045232846e-08,-5.364418030155231e-05,-1.3822396e-08,-8.582997e-08
-10.25,-20.0,2947,2518,-8.767925e-08,0.14999999,0.15000008,0.15000008046627045,-8.046627045232846e-08,-5.364418030155231e-05,-1.4760921e-08,-8.767925e-08
-10.25,-17.5,2946,2517,-8.676541e-08,0.14999999,0.15000008,0.15000008046627045,-8.046627045232846e-08,-5.364418030155231e-05,-1.3804664e-08,-8.676541e-08
-10.25,-15.0,2945,2516,-8.279006e-08,0.14999999,0.15000008,0.15000008046627045,-8.046627045232846e-08,-5.364418030155231e-05,-9.02083e-09,-8.279006e-08
-10.25,-12.5,2944,2515,-7.691604e-08,0.15,0.15000008,0.15000008046627045,-8.046627045232846e-08,-5.364418030155231e-05,-3.196102e-09,-7.691604e-08
-10.25,-10.0,2943,2514,-6.5868214e-08,0.15000002,0.15000008,0.15000008046627045,-8.046627045232846e-08,-5.364418030155231e-05,8.625391e-09,-6.5868214e-08
-10.25,-7.5,2942,2513,-5.8409896e-08,0.15000002,0.15000008,0.15000008046627045,-8.046627045232846e-08,-5.364418030155231e-05,1.5932697e-08,-5.8409896e-08
-10.25,-5.0,2941,2512,-4.1572335e-08,0.15000004,0.15000008,0.15000008046627045,-8.046627045232846e-08,-5.364418030155231e-05,3.3097603e-08,-4.1572335e-08
-10.25,-2.5,2940,2511,-2.822937e-08,0.15000005,0.15000008,0.15000008046627045,-8.046627045232846e-08,-5.364418030155231e-05,4.588288e-08,-2.822937e-08
-10.25,0.0,2939,2510,-1.44425325e-08,0.15000007,0.15000008,0.15000008046627045,-8.046627045232846e-08,-5.364418030155231e-05,5.973196e-08,-1.44425325e-08
-10.25,2.5,2938,2509,-5.180773e-09,0.15000008,0.15000008,0.15000008046627045,-8.046627045232846e-08,-5.364418030155231e-05,6.8657464e-08,-5.180773e-09
-10.25,5.0,2937,2508,5.902364e-09,0.15000008,0.15000008,0.15000008046627045,-8.046627045232846e-08,-5.364418030155231e-05,8.00378e-08,5.902364e-09
-10.25,7.5,2936,2507,1.1489702e-08,0.1500001,0.15000008,0.15000008046627045,-8.046627045232846e-08,-5.364418030155231e-05,8.5371255e-08,1.1489702e-08
-10.25,10.0,2935,2506,1.6004707e-08,0.1500001,0.15000008,0.15000008046627045,-8.046627045232846e-08,-5.364418030155231e-05,9.0047934e-08,1.6004707e-08
-10.25,12.5,2934,2505,2.3761823e-08,0.15000011,0.15000008,0.15000008046627045,-8.046627045232846e-08,-5.364418030155231e-05,9.736734e-08,2.3761823e-08
-10.25,15.0,2933,2504,3.9507153e-08,0.15000013,0.15000008,0.15000008046627045,-8.046627045232846e-08,-5.364418030155231e-05,1.1331583e-07,3.9507153e-08
-10.25,17.5,2932,2503,4.930352e-08,0.15000013,0.15000008,0.15000008046627045,-8.046627045232846e-08,-5.364418030155231e-05,1.226882e-07,4.930352e-08
-10.25,20.0,2931,2502,5.7709833e-08,0.15000014,0.15000008,0.15000008046627045,-8.046627045232846e-08,-5.364418030155231e-05,1.312381e-07,5.7709833e-08
-10.25,22.499998,2930,2501,6.0990615e-08,0.15000014,0.15000008,0.15000008046627045,-8.046627045232846e-08,-5.364418030155231e-05,1.3383274e-07,6.0990615e-08
-10.25,25.0,2929,2500,5.9039767e-08,0.15000014,0.15000008,0.15000008046627045,-8.046627045232846e-08,-5.364418030155231e-05,1.3223868e-07,5.9039767e-08
-10.25,27.500002,2928,2499,5.0142148e-08,0.15000013,0.15000008,0.15000008046627045,-8.046627045232846e-08,-5.364418030155231e-05,1.2255623e-07,5.0142148e-08
-10.25,30.0,2927,2498,4.7938418e-08,0.15000013,0.15000008,0.15000008046627045,-8.046627045232846e-08,-5.364418030155231e-05,1.2040334e-07,4.7938418e-08
-10.25,32.5,2926,2497,4.4510923e-08,0.15000013,0.15000008,0.15000008046627045,-8.046627045232846e-08,-5.364418030155231e-05,1.1596393e-07,4.4510923e-08
-10.25,35.0,2925,2496,4.8207212e-08,0.15000013,0.15000008,0.15000008046627045,-8.046627045232846e-08,-5.364418030155231e-05,1.1944199e-07,4.8207212e-08
-10.25,37.5,2924,2495,4.8169973e-08,0.15000013,0.15000008,0.15000008046627045,-8.046627045232846e-08,-5.364418030155231e-05,1.1744218e-07,4.8169973e-08
-10.25,40.0,2923,2494,4.56309e-08,0.15000013,0.15000008,0.15000008046627045,-8.046627045232846e-08,-5.364418030155231e-05,1.1424285e-07,4.56309e-08
-10.25,42.5,2922,2493,5.358206e-08,0.15000013,0.15000007,0.15000006556510925,-6.55651092584808e-08,-4.37100728389872e-05,1.18334036e-07,5.358206e-08
-10.25,44.999996,2921,2492,5.746046e-08,0.15000013,0.15000007,0.15000006556510925,-6.55651092584808e-08,-4.37100728389872e-05,1.2073204e-07,5.746046e-08
-10.25,47.5,2920,2491,6.5850884e-08,0.15000013,0.15000007,0.15000006556510925,-6.55651092584808e-08,-4.37100728389872e-05,1.2549248e-07,6.5850884e-08
-10.25,50.0,368,301,7.557498e-08,0.15000013,0.15000005,0.15000005066394806,-5.0663948064633146e-08,-3.37759653764221e-05,1.2381474e-07,7.557498e-08
-9.666667,-50.0,313,256,-1.6398287e-08,0.1499999,0.14999992,0.14999991655349731,8.344650267999576e-08,5.5631001786663844e-05,-1.0933262e-07,-1.6398287e-08
-9.666667,-47.5,2919,2490,-1.2941223e-08,0.1499999,0.14999992,0.14999991655349731,8.344650267999576e-08,5.5631001786663844e-05,-1.0545513e-07,-1.2941223e-08
-9.666667,-44.999996,2918,2489,-1.13155085e-08,0.1499999,0.14999992,0.14999991655349731,8.344650267999576e-08,5.5631001786663844e-05,-1.05955706e-07,-1.13155085e-08
-9.666667,-42.5,2917,2488,-1.1174713e-08,0.1499999,0.14999992,0.14999991655349731,8.344650267999576e-08,5.5631001786663844e-05,-1.0982439e-07,-1.1174713e-08
-9.666667,-40.0,2916,2487,-1.2921704e-08,0.1499999,0.14999992,0.14999991655349731,8.344650267999576e-08,5.5631001786663844e-05,-1.10188935e-07,-1.2921704e-08
-9.666667,-37.5,2915,2486,-1.1354732e-08,0.1499999,0.14999992,0.14999991655349731,8.344650267999576e-08,5.5631001786663844e-05,-1.0924601e-07,-1.1354732e-08
-9.666667,-35.0,2914,2485,-4.1295785e-09,0.1499999,0.1499999,0.14999990165233612,9.834766387384342e-08,6.556510924922895e-05,-1.0503821e-07,-4.1295785e-09
-9.666667,-32.5,2913,2484,-7.0691786e-10,0.1499999,0.1499999,0.14999990165233612,9.834766387384342e-08,6.556510924922895e-05,-1.02199614e-07,-7.0691786e-10
-9.666667,-30.0,2912,2483,5.455841e-09,0.14999992,0.14999992,0.14999991655349731,8.344650267999576e-08,5.5631001786663844e-05,-9.6388746e-08,5.455841e-09
-9.666667,-27.500002,2911,2482,1.0782551e-08,0.14999992,0.1499999,0.14999990165233612,9.834766387384342e-08,6.556510924922895e-05,-9.146465e-08,1.0782551e-08
-9.666667,-25.0,2910,2481,1.1059831e-08,0.14999992,0.1499999,0.14999990165233612,9.834766387384342e-08,6.556510924922895e-05,-9.118799e-08,1.1059831e-08
-9.666667,-22.499998,2909,2480,8.210636e-09,0.14999992,0.1499999,0.14999990165233612,9.834766387384342e-08,6.556510924922895e-05,-9.475366e-08,8.210636e-09
-9.666667,-20.0,2908,2479,6.265983e-09,0.14999992,0.14999992,0.14999991655349731,8.344650267999576e-08,5.5631001786663844e-05,-9.674523e-08,6.265983e-09
-9.666667,-17.5,2907,2478,7.3221793e-09,0.14999992,0.14999992,0.14999991655349731,8.344650267999576e-08,5.5631001786663844e-05,-9.6503555e-08,7.3221793e-09
-9.666667,-15.0,2906,2477,1.1325508e-08,0.14999992,0.1499999,0.14999990165233612,9.834766387384342e-08,6.556510924922895e-05,-9.2427484e-08,1.1325508e-08
-9.666667,-12.5,2905,2476,1.761002e-08,0.14999992,0.1499999,0.14999990165233612,9.834766387384342e-08,6.556510924922895e-05,-8.67144e-08,1.761002e-08
-9.666667,-10.0,2904,2475,2.8253293e-08,0.14999993,0.1499999,0.14999990165233612,9.834766387384342e-08,6.556510924922895e-05,-7.6123676e-08,2.8253293e-08
-9.666667,-7.5,2903,2474,3.550034e-08,0.14999993,0.1499999,0.14999990165233612,9.834766387384342e-08,6.556510924922895e-05,-6.942786e-08,3.550034e-08
-9.666667,-5.0,2902,2473,5.2780294e-08,0.14999996,0.1499999,0.14999990165233612,9.834766387384342e-08,6.556510924922895e-05,-5.1872924e-08,5.2780294e-08
-9.666667,-2.5,2901,2472,6.55448e-08,0.14999996,0.1499999,0.14999990165233612,9.834766387384342e-08,6.556510924922895e-05,-3.921635e-08,6.55448e-08
-9.666667,0.0,2900,2471,7.894429e-08,0.14999998,0.1499999,0.14999990165233612,9.834766387384342e-08,6.556510924922895e-05,-2.5360652e-08,7.894429e-08
-9.666667,2.5,2899,2470,8.764335e-08,0.14999999,0.1499999,0.14999990165233612,9.834766387384342e-08,6.556510924922895e-05,-1.686542e-08,8.764335e-08
-9.666667,5.0,2898,2469,9.864904e-08,0.15,0.1499999,0.14999990165233612,9.834766387384342e-08,6.556510924922895e-05,-5.5856764e-09,9.864904e-08
-9.666667,7.5,2897,2468,1.04065236e-07,0.15,0.1499999,0.14999990165233612,9.834766387384342e-08,6.556510924922895e-05,-4.021981e-10,1.04065236e-07
-9.666667,10.0,2896,2467,1.0824845e-07,0.15,0.1499999,0.14999990165233612,9.834766387384342e-08,6.556510924922895e-05,4.1816888e-09,1.0824845e-07
-9.666667,12.5,2895,2466,1.15813585e-07,0.15000002,0.1499999,0.14999990165233612,9.834766387384342e-08,6.556510924922895e-05,1.1701846e-08,1.15813585e-07
-9.666667,15.0,2894,2465,1.3143966e-07,0.15000004,0.1499999,0.14999990165233612,9.834766387384342e-08,6.556510924922895e-05,2.756431e-08,1.3143966e-07
-9.666667,17.5,2893,2464,1.4044157e-07,0.15000004,0.1499999,0.14999990165233612,9.834766387384342e-08,6.556510924922895e-05,3.6356017e-08,1.4044157e-07
-9.666667,20.0,2892,2463,1.4884024e-07,0.15000005,0.1499999,0.14999990165233612,9.834766387384342e-08,6.556510924922895e-05,4.5202473e-08,1.4884024e-07
-9.666667,22.499998,2891,2462,1.5162556e-07,0.15000005,0.1499999,0.14999990165233612,9.834766387384342e-08,6.556510924922895e-05,4.8194856e-08,1.5162556e-07
-9.666667,25.0,2890,2461,1.4967056e-07,0.15000005,0.1499999,0.14999990165233612,9.834766387384342e-08,6.556510924922895e-05,4.688138e-08,1.4967056e-07
-9.666667,27.500002,2889,2460,1.3878156e-07,0.15000004,0.1499999,0.14999990165233612,9.834766387384342e-08,6.556510924922895e-05,3.654274e-08,1.3878156e-07
-9.666667,30.0,2888,2459,1.3605825e-07,0.15000004,0.1499999,0.14999990165233612,9.834766387384342e-08,6.556510924922895e-05,3.4154677e-08,1.3605825e-07
-9.666667,32.5,2887,2458,1.3147495e-07,0.15000004,0.1499999,0.14999990165233612,9.834766387384342e-08,6.556510924922895e-05,3.056974e-08,1.3147495e-07
-9.666667,35.0,2886,2457,1.3495095e-07,0.15000004,0.1499999,0.14999990165233612,9.834766387384342e-08,6.556510924922895e-05,3.4388542e-08,1.3495095e-07
-9.666667,37.5,2885,2456,1.3191115e-07,0.15000004,0.1499999,0.14999990165233612,9.834766387384342e-08,6.556510924922895e-05,3.4655415e-08,1.3191115e-07
-9.666667,40.0,2884,2455,1.2909041e-07,0.15000004,0.1499999,0.14999990165233612,9.834766387384342e-08,6.556510924922895e-05,3.1895226e-08,1.2909041e-07
-9.666667,42.5,2883,2454,1.3516e-07,0.15000004,0.1499999,0.14999990165233612,9.834766387384342e-08,6.556510924922895e-05,3.6926668e-08,1.3516e-07
-9.666667,44.999996,2882,2453,1.3625542e-07,0.15000005,0.14999992,0.14999991655349731,8.344650267999576e-08,5.5631001786663844e-05,4.1640096e-08,1.3625542e-07
-9.666667,47.5,2881,2452,1.422939e-07,0.15000005,0.1499999,0.14999990165233612,9.834766387384342e-08,6.556510924922895e-05,4.997139e-08,1.422939e-07
-9.666667,50.0,367,302,1.468007e-07,0.15000007,0.14999992,0.14999991655349731,8.344650267999576e-08,5.5631001786663844e-05,5.382383e-08,1.468007e-07
-9.083333,-50.0,314,255,-1.278535e-07,0.15000002,0.15000015,0.15000015497207642,-1.5497207642156674e-07,-0.00010331471761437783,1.3001537e-08,-1.278535e-07
-9.083333,-47.5,2880,2451,-1.2143339e-07,0.15000002,0.15000014,0.15000014007091522,-1.4007091522771908e-07,-9.338061015181273e-05,1.5298308e-08,-1.2143339e-07
-9.083333,-44.999996,2879,2450,-1.1753704e-07,0.15000002,0.15000014,0.15000014007091522,-1.4007091522771908e-07,-9.338061015181273e-05,1.348583e-08,-1.1753704e-07
-9.083333,-42.5,2878,2449,-1.18850195e-07,0.15000002,0.15000014,0.15000014007091522,-1.4007091522771908e-07,-9.338061015181273e-05,9.967947e-09,-1.18850195e-07
-9.083333,-40.0,2877,2448,-1.2098995e-07,0.15000002,0.15000014,0.15000014007091522,-1.4007091522771908e-07,-9.338061015181273e-05,1.0496299e-08,-1.2098995e-07
-9.083333,-37.5,2876,2447,-1.227361e-07,0.15000002,0.15000014,0.15000014007091522,-1.4007091522771908e-07,-9.338061015181273e-05,1.3487861e-08,-1.227361e-07
-9.083333,-35.0,2875,2446,-1.1763218e-07,0.15000002,0.15000014,0.15000014007091522,-1.4007091522771908e-07,-9.338061015181273e-05,2.0803583e-08,-1.1763218e-07
-9.083333,-32.5,2874,2445,-1.1455348e-07,0.15000004,0.15000015,0.15000015497207642,-1.5497207642156674e-07,-0.00010331471761437783,2.473414e-08,-1.1455348e-07
-9.083333,-30.0,2873,2444,-1.0892195e-07,0.15000004,0.15000014,0.15000014007091522,-1.4007091522771908e-07,-9.338061015181273e-05,3.1072638e-08,-1.0892195e-07
-9.083333,-27.500002,2872,2443,-1.0407211e-07,0.15000004,0.15000014,0.15000014007091522,-1.4007091522771908e-07,-9.338061015181273e-05,3.5772793e-08,-1.0407211e-07
-9.083333,-25.0,2871,2442,-1.03644766e-07,0.15000004,0.15000014,0.15000014007091522,-1.4007091522771908e-07,-9.338061015181273e-05,3.711596e-08,-1.03644766e-07
-9.083333,-22.499998,2870,2441,-1.0728712e-07,0.15000004,0.15000014,0.15000014007091522,-1.4007091522771908e-07,-9.338061015181273e-05,3.345459e-08,-1.0728712e-07
-9.083333,-20.0,2869,2440,-1.10123125e-07,0.15000004,0.15000014,0.15000014007091522,-1.4007091522771908e-07,-9.338061015181273e-05,3.1367637e-08,-1.10123125e-07
-9.083333,-17.5,2868,2439,-1.0973487e-07,0.15000004,0.15000014,0.15000014007091522,-1.4007091522771908e-07,-9.338061015181273e-05,3.173455e-08,-1.0973487e-07
-9.083333,-15.0,2867,2438,-1.0659169e-07,0.15000004,0.15000014,0.15000014007091522,-1.4007091522771908e-07,-9.338061015181273e-05,3.5816004e-08,-1.0659169e-07
-9.083333,-12.5,2866,2437,-1.0046948e-07,0.15000005,0.15000015,0.15000015497207642,-1.5497207642156674e-07,-0.00010331471761437783,4.216495e-08,-1.0046948e-07
-9.083333,-10.0,2865,2436,-9.109071e-08,0.15000007,0.15000015,0.15000015497207642,-1.5497207642156674e-07,-0.00010331471761437783,5.22456e-08,-9.109071e-08
-9.083333,-7.5,2864,2435,-8.446576e-08,0.15000007,0.15000015,0.15000015497207642,-1.5497207642156674e-07,-0.00010331471761437783,5.8883888e-08,-8.446576e-08
-9.083333,-5.0,2863,2434,-6.697655e-08,0.15000008,0.15000014,0.15000014007091522,-1.4007091522771908e-07,-9.338061015181273e-05,7.670632e-08,-6.697655e-08
-9.083333,-2.5,2862,2433,-5.4731494e-08,0.1500001,0.15000015,0.15000015497207642,-1.5497207642156674e-07,-0.00010331471761437783,8.858468e-08,-5.4731494e-08
-9.083333,0.0,2861,2432,-4.1194188e-08,0.15000011,0.15000015,0.15000015497207642,-1.5497207642156674e-07,-0.00010331471761437783,1.0221852e-07,-4.1194188e-08
-9.083333,2.5,2860,2431,-3.2862445e-08,0.15000011,0.15000014,0.15000014007091522,-1.4007091522771908e-07,-9.338061015181273e-05,1.10242205e-07,-3.2862445e-08
-9.083333,5.0,2859,2430,-2.1997414e-08,0.15000013,0.15000014,0.15000014007091522,-1.4007091522771908e-07,-9.338061015181273e-05,1.2128703e-07,-2.1997414e-08
-9.083333,7.5,2858,2429,-1.6779493e-08,0.15000013,0.15000014,0.15000014007091522,-1.4007091522771908e-07,-9.338061015181273e-05,1.2619388e-07,-1.6779493e-08
-9.083333,10.0,2857,2428,-1.2883656e-08,0.15000014,0.15000015,0.15000015497207642,-1.5497207642156674e-07,-0.00010331471761437783,1.301332e-07,-1.2883656e-08
-9.083333,12.5,2856,2427,-4.8720477e-09,0.15000014,0.15000014,0.15000014007091522,-1.4007091522771908e-07,-9.338061015181273e-05,1.3758158e-07,-4.8720477e-09
-9.083333,15.0,2855,2426,1.0846163e-08,0.15000015,0.15000014,0.15000014007091522,-1.4007091522771908e-07,-9.338061015181273e-05,1.5305366e-07,1.0846163e-08
-9.083333,17.5,2854,2425,1.9376904e-08,0.15000017,0.15000015,0.15000015497207642,-1.5497207642156674e-07,-0.00010331471761437783,1.611695e-07,1.9376904e-08
-9.083333,20.0,2853,2424,2.8079231e-08,0.15000017,0.15000014,0.15000014007091522,-1.4007091522771908e-07,-9.338061015181273e-05,1.7001463e-07,2.8079231e-08
-9.083333,22.499998,2852,2423,3.114577e-08,0.15000018,0.15000015,0.15000015497207642,-1.5497207642156674e-07,-0.00010331471761437783,1.7261586e-07,3.114577e-08
-9.083333,25.0,2851,2422,2.9970472e-08,0.15000017,0.15000014,0.15000014007091522,-1.4007091522771908e-07,-9.338061015181273e-05,1.7089842e-07,2.9970472e-08
-9.083333,27.500002,2850,2421,1.8671951e-08,0.15000017,0.15000015,0.15000015497207642,-1.5497207642156674e-07,-0.00010331471761437783,1.5884989e-07,1.8671951e-08
-9.083333,30.0,2849,2420,1.603138e-08,0.15000015,0.15000014,0.15000014007091522,-1.4007091522771908e-07,-9.338061015181273e-05,1.5570934e-07,1.603138e-08
-9.083333,32.5,2848,2419,1.1963089e-08,0.15000015,0.15000014,0.15000014007091522,-1.4007091522771908e-07,-9.338061015181273e-05,1.5114578e-07,1.1963089e-08
-9.083333,35.0,2847,2418,1.626132e-08,0.15000015,0.15000014,0.15000014007091522,-1.4007091522771908e-07,-9.338061015181273e-05,1.5397022e-07,1.626132e-08
-9.083333,37.5,2846,2417,1.5267531e-08,0.15000015,0.15000014,0.15000014007091522,-1.4007091522771908e-07,-9.338061015181273e-05,1.513366e-07,1.5267531e-08
-9.083333,40.0,2845,2416,1.5255708e-08,0.15000015,0.15000014,0.15000014007091522,-1.4007091522771908e-07,-9.338061015181273e-05,1.462636e-07,1.5255708e-08
-9.083333,42.5,2844,2415,2.1153015e-08,0.15000015,0.15000014,0.15000014007091522,-1.4007091522771908e-07,-9.338061015181273e-05,1.4993319e-07,2.1153015e-08
-9.083333,44.999996,2843,2414,2.2905487e-08,0.15000015,0.15000013,0.15000012516975403,-1.2516975403387143e-07,-8.344650268924762e-05,1.5346046e-07,2.2905487e-08
-9.083333,47.5,2842,2413,2.7488948e-08,0.15000017,0.15000014,0.15000014007091522,-1.4007091522771908e-07,-9.338061015181273e-05,1.6418488e-07,2.7488948e-08
-9.083333,50.0,366,303,2.9484081e-08,0.15000017,0.15000014,0.15000014007091522,-1.4007091522771908e-07,-9.338061015181273e-05,1.7035597e-07,2.9484081e-08
-8.5,-50.0,315,254,2.5176927e-08,0.14999987,0.14999984,0.14999984204769135,1.5795230864923404e-07,0.00010530153909948936,-1.3053624e-07,2.5176927e-08
-8.5,-47.5,2841,2412,3.8913054e-08,0.14999987,0.14999983,0.14999982714653015,1.728534698430817e-07,0.00011523564656205447,-1.3447708e-07,3.8913054e-08
-8.5,-44.999996,2840,2411,5.078932e-08,0.14999986,0.14999981,0.14999981224536896,1.8775463103692935e-07,0.00012516975402461958,-1.4321913e-07,5.078932e-08
-8.5,-42.5,2839,2410,4.8948966e-08,0.14999986,0.14999981,0.14999981224536896,1.8775463103692935e-07,0.00012516975402461958,-1.4717016e-07,4.8948966e-08
-8.5,-40.0,2838,2409,4.9799564e-08,0.14999986,0.14999981,0.14999981224536896,1.8775463103692935e-07,0.00012516975402461958,-1.4937626e-07,4.9799564e-08
-8.5,-37.5,2837,2408,4.6438945e-08,0.14999986,0.14999981,0.14999981224536896,1.8775463103692935e-07,0.00012516975402461958,-1.4588532e-07,4.6438945e-08
-8.5,-35.0,2836,2407,5.052024e-08,0.14999987,0.14999983,0.14999982714653015,1.728534698430817e-07,0.00011523564656205447,-1.3643717e-07,5.052024e-08
-8.5,-32.5,2835,2406,5.6267726e-08,0.14999987,0.14999981,0.14999981224536896,1.8775463103692935e-07,0.00012516975402461958,-1.3409439e-07,5.6267726e-08
-8.5,-30.0,2834,2405,6.183882e-08,0.14999987,0.14999981,0.14999981224536896,1.8775463103692935e-07,0.00012516975402461958,-1.2735518e-07,6.183882e-08
-8.5,-27.500002,2833,2404,6.7193696e-08,0.14999989,0.14999981,0.14999981224536896,1.8775463103692935e-07,0.00012516975402461958,-1.2371528e-07,6.7193696e-08
-8.5,-25.0,2832,2403,6.8604436e-08,0.14999989,0.14999981,0.14999981224536896,1.8775463103692935e-07,0.00012516975402461958,-1.2216262e-07,6.8604436e-08
-8.5,-22.499998,2831,2402,6.535745e-08,0.14999987,0.14999981,0.14999981224536896,1.8775463103692935e-07,0.00012516975402461958,-1.2674442e-07,6.535745e-08
-8.5,-20.0,2830,2401,6.2524265e-08,0.14999987,0.14999981,0.14999981224536896,1.8775463103692935e-07,0.00012516975402461958,-1.2965234e-07,6.2524265e-08
-8.5,-17.5,2829,2400,6.3113994e-08,0.14999987,0.14999981,0.14999981224536896,1.8775463103692935e-07,0.00012516975402461958,-1.300865e-07,6.3113994e-08
-8.5,-15.0,2828,2399,6.645606e-08,0.14999987,0.14999981,0.14999981224536896,1.8775463103692935e-07,0.00012516975402461958,-1.2710018e-07,6.645606e-08
-8.5,-12.5,2827,2398,7.3432275e-08,0.14999989,0.14999981,0.14999981224536896,1.8775463103692935e-07,0.00012516975402461958,-1.2108384e-07,7.3432275e-08
-8.5,-10.0,2826,2397,8.240054e-08,0.14999989,0.1499998,0.14999979734420776,2.02655792230777e-07,0.00013510386148718467,-1.123558e-07,8.240054e-08
-8.5,-7.5,2825,2396,8.89544e-08,0.1499999,0.14999981,0.14999981224536896,1.8775463103692935e-07,0.00012516975402461958,-1.0641136e-07,8.89544e-08
-8.5,-5.0,2824,2395,1.06639575e-07,0.14999992,0.14999981,0.14999981224536896,1.8775463103692935e-07,0.00012516975402461958,-8.8654886e-08,1.06639575e-07
-8.5,-2.5,2823,2394,1.1796773e-07,0.14999993,0.14999981,0.14999981224536896,1.8775463103692935e-07,0.00012516975402461958,-7.746863e-08,1.1796773e-07
-8.5,0.0,2822,2393,1.3139564e-07,0.14999995,0.14999981,0.14999981224536896,1.8775463103692935e-07,0.00012516975402461958,-6.3741766e-08,1.3139564e-07
-8.5,2.5,2821,2392,1.391625e-07,0.14999995,0.14999981,0.14999981224536896,1.8775463103692935e-07,0.00012516975402461958,-5.6054215e-08,1.391625e-07
-8.5,5.0,2820,2391,1.4966285e-07,0.14999996,0.14999981,0.14999981224536896,1.8775463103692935e-07,0.00012516975402461958,-4.5300528e-08,1.4966285e-07
-8.5,7.5,2819,2390,1.5449015e-07,0.14999996,0.14999981,0.14999981224536896,1.8775463103692935e-07,0.00012516975402461958,-4.0459916e-08,1.5449015e-07
-8.5,10.0,2818,2389,1.57517e-07,0.14999998,0.14999981,0.14999981224536896,1.8775463103692935e-07,0.00012516975402461958,-3.703041e-08,1.57517e-07
-8.5,12.5,2817,2388,1.6542565e-07,0.14999998,0.14999981,0.14999981224536896,1.8775463103692935e-07,0.00012516975402461958,-2.8799771e-08,1.6542565e-07
-8.5,15.0,2816,2387,1.8057975e-07,0.14999999,0.14999981,0.14999981224536896,1.8775463103692935e-07,0.00012516975402461958,-1.295977e-08,1.8057975e-07
-8.5,17.5,2815,2386,1.8839816e-07,0.15,0.14999981,0.14999981224536896,1.8775463103692935e-07,0.00012516975402461958,-4.8940767e-09,1.8839816e-07
-8.5,20.0,2814,2385,1.970694e-07,0.15,0.14999981,0.14999981224536896,1.8775463103692935e-07,0.00012516975402461958,4.2639576e-09,1.970694e-07
-8.5,22.499998,2813,2384,1.9971617e-07,0.15,0.14999981,0.14999981224536896,1.8775463103692935e-07,0.00012516975402461958,7.238074e-09,1.9971617e-07
-8.5,25.0,2812,2383,1.9790217e-07,0.15,0.14999981,0.14999981224536896,1.8775463103692935e-07,0.00012516975402461958,6.647733e-09,1.9790217e-07
-8.5,27.500002,2811,2382,1.8522525e-07,0.15,0.14999983,0.14999982714653015,1.728534698430817e-07,0.00011523564656205447,-5.6072067e-09,1.8522525e-07
-8.5,30.0,2810,2381,1.811896e-07,0.14999999,0.14999981,0.14999981224536896,1.8775463103692935e-07,0.00012516975402461958,-8.118317e-09,1.811896e-07
-8.5,32.5,2809,2380,1.7681118e-07,0.14999999,0.14999981,0.14999981224536896,1.8775463103692935e-07,0.00012516975402461958,-1.3003752e-08,1.7681118e-07
-8.5,35.0,2808,2379,1.786588e-07,0.14999999,0.14999981,0.14999981224536896,1.8775463103692935e-07,0.00012516975402461958,-8.202241e-09,1.786588e-07
-8.5,37.5,2807,2378,1.7883922e-07,0.14999999,0.14999981,0.14999981224536896,1.8775463103692935e-07,0.00012516975402461958,-1.2989004e-08,1.7883922e-07
-8.5,40.0,2806,2377,1.8035442e-07,0.14999999,0.14999981,0.14999981224536896,1.8775463103692935e-07,0.00012516975402461958,-1.8917122e-08,1.8035442e-07
-8.5,42.5,2805,2376,1.826069e-07,0.14999999,0.14999981,0.14999981224536896,1.8775463103692935e-07,0.00012516975402461958,-1.3267085e-08,1.826069e-07
-8.5,44.999996,2804,2375,1.8425577e-07,0.14999999,0.14999981,0.14999981224536896,1.8775463103692935e-07,0.00012516975402461958,-1.0073509e-08,1.8425577e-07
-8.5,47.5,2803,2374,1.815229e-07,0.15000002,0.14999984,0.14999984204769135,1.5795230864923404e-07,0.00010530153909948936,8.3776355e-09,1.815229e-07
-8.5,50.0,365,304,1.7646722e-07,0.15000002,0.14999984,0.14999984204769135,1.5795230864923404e-07,0.00010530153909948936,2.0981627e-08,1.7646722e-07
-7.916666,-50.0,316,253,-2.1018383e-07,0.15000013,0.15000033,0.15000033378601074,-3.337860107477386e-07,-0.00022252400716515908,1.132708e-07,-2.1018383e-07
-7.916666,-47.5,2802,2373,-1.8570253e-07,0.15000011,0.15000029,0.15000028908252716,-2.8908252716619565e-07,-0.00019272168477746376,9.937884e-08,-1.8570253e-07
-7.916666,-44.999996,2801,2372,-1.6782022e-07,0.1500001,0.15000026,0.15000025928020477,-2.5928020477850033e-07,-0.00017285346985233357,8.5596376e-08,-1.6782022e-07
-7.916666,-42.5,2800,2371,-1.6854622e-07,0.15000008,0.15000024,0.15000024437904358,-2.443790435846527e-07,-0.00016291936238976845,7.985291e-08,-1.6854622e-07
-7.916666,-40.0,2799,2370,-1.671958e-07,0.15000008,0.15000024,0.15000024437904358,-2.443790435846527e-07,-0.00016291936238976845,7.7225664e-08,-1.671958e-07
-7.916666,-37.5,2798,2369,-1.7050893e-07,0.15000008,0.15000024,0.15000024437904358,-2.443790435846527e-07,-0.00016291936238976845,7.964172e-08,-1.7050893e-07
-7.916666,-35.0,2797,2368,-1.6350548e-07,0.1500001,0.15000026,0.15000025928020477,-2.5928020477850033e-07,-0.00017285346985233357,8.718971e-08,-1.6350548e-07
-7.916666,-32.5,2796,2367,-1.5882767e-07,0.1500001,0.15000026,0.15000025928020477,-2.5928020477850033e-07,-0.00017285346985233357,9.19189e-08,-1.5882767e-07
-7.916666,-30.0,2795,2366,-1.5277847e-07,0.15000011,0.15000026,0.15000025928020477,-2.5928020477850033e-07,-0.00017285346985233357,9.886102e-08,-1.5277847e-07
-7.916666,-27.500002,2794,2365,-1.4863589e-07,0.15000011,0.15000026,0.15000025928020477,-2.5928020477850033e-07,-0.00017285346985233357,1.0350558e-07,-1.4863589e-07
-7.916666,-25.0,2793,2364,-1.4718887e-07,0.15000011,0.15000026,0.15000025928020477,-2.5928020477850033e-07,-0.00017285346985233357,1.0615476e-07,-1.4718887e-07
-7.916666,-22.499998,2792,2363,-1.5157052e-07,0.15000011,0.15000026,0.15000025928020477,-2.5928020477850033e-07,-0.00017285346985233357,1.0262831e-07,-1.5157052e-07
-7.916666,-20.0,2791,2362,-1.5526153e-07,0.15000011,0.15000026,0.15000025928020477,-2.5928020477850033e-07,-0.00017285346985233357,9.998646e-08,-1.5526153e-07
-7.916666,-17.5,2790,2361,-1.5586163e-07,0.15000011,0.15000026,0.15000025928020477,-2.5928020477850033e-07,-0.00017285346985233357,1.0014342e-07,-1.5586163e-07
-7.916666,-15.0,2789,2360,-1.5366443e-07,0.15000011,0.15000026,0.15000025928020477,-2.5928020477850033e-07,-0.00017285346985233357,1.0338796e-07,-1.5366443e-07
-7.916666,-12.5,2788,2359,-1.4746549e-07,0.15000011,0.15000026,0.15000025928020477,-2.5928020477850033e-07,-0.00017285346985233357,1.1025061e-07,-1.4746549e-07
-7.916666,-10.0,2787,2358,-1.3984774e-07,0.15000013,0.15000026,0.15000025928020477,-2.5928020477850033e-07,-0.00017285346985233357,1.1862868e-07,-1.3984774e-07
-7.916666,-7.5,2786,2357,-1.3424024e-07,0.15000013,0.15000026,0.15000025928020477,-2.5928020477850033e-07,-0.00017285346985233357,1.246239e-07,-1.3424024e-07
-7.916666,-5.0,2785,2356,-1.1683575e-07,0.15000015,0.15000027,0.15000027418136597,-2.74181365972348e-07,-0.00018278757731489867,1.423981e-07,-1.1683575e-07
-7.916666,-2.5,2784,2355,-1.0643517e-07,0.15000015,0.15000026,0.15000025928020477,-2.5928020477850033e-07,-0.00017285346985233357,1.526912e-07,-1.0643517e-07
-7.916666,0.0,2783,2354,-9.287273e-08,0.15000017,0.15000026,0.15000025928020477,-2.5928020477850033e-07,-0.00017285346985233357,1.6623035e-07,-9.287273e-08
-7.916666,2.5,2782,2353,-8.5475136e-08,0.15000018,0.15000027,0.15000027418136597,-2.74181365972348e-07,-0.00018278757731489867,1.7344098e-07,-8.5475136e-08
-7.916666,5.0,2781,2352,-7.52246e-08,0.15000018,0.15000026,0.15000025928020477,-2.5928020477850033e-07,-0.00017285346985233357,1.836052e-07,-7.52246e-08
-7.916666,7.5,2780,2351,-7.042841e-08,0.1500002,0.15000027,0.15000027418136597,-2.74181365972348e-07,-0.00018278757731489867,1.8811492e-07,-7.042841e-08
-7.916666,10.0,2779,2350,-6.786129e-08,0.1500002,0.15000027,0.15000027418136597,-2.74181365972348e-07,-0.00018278757731489867,1.9030854e-07,-6.786129e-08
-7.916666,12.5,2778,2349,-5.9108473e-08,0.1500002,0.15000026,0.15000025928020477,-2.5928020477850033e-07,-0.00017285346985233357,1.9847795e-07,-5.9108473e-08
-7.916666,15.0,2777,2348,-4.3210054e-08,0.15000021,0.15000026,0.15000025928020477,-2.5928020477850033e-07,-0.00017285346985233357,2.1361895e-07,-4.3210054e-08
-7.916666,17.5,2776,2347,-3.513546e-08,0.15000023,0.15000026,0.15000025928020477,-2.5928020477850033e-07,-0.00017285346985233357,2.2112178e-07,-3.513546e-08
-7.916666,20.0,2775,2346,-2.5840444e-08,0.15000023,0.15000026,0.15000025928020477,-2.5928020477850033e-07,-0.00017285346985233357,2.2975074e-07,-2.5840444e-08
-7.916666,22.499998,2774,2345,-2.2672785e-08,0.15000024,0.15000027,0.15000027418136597,-2.74181365972348e-07,-0.00018278757731489867,2.3217598e-07,-2.2672785e-08
-7.916666,25.0,2773,2344,-2.2855279e-08,0.15000023,0.15000026,0.15000025928020477,-2.5928020477850033e-07,-0.00017285346985233357,2.3060805e-07,-2.2855279e-08
-7.916666,27.500002,2772,2343,-3.52788e-08,0.15000023,0.15000026,0.15000025928020477,-2.5928020477850033e-07,-0.00017285346985233357,2.1713234e-07,-3.52788e-08
-7.916666,30.0,2771,2342,-3.8410796e-08,0.15000021,0.15000026,0.15000025928020477,-2.5928020477850033e-07,-0.00017285346985233357,2.1290327e-07,-3.8410796e-08
-7.916666,32.5,2770,2341,-4.303392e-08,0.15000021,0.15000026,0.15000025928020477,-2.5928020477850033e-07,-0.00017285346985233357,2.0764668e-07,-4.303392e-08
-7.916666,35.0,2769,2340,-3.9795342e-08,0.15000021,0.15000026,0.15000025928020477,-2.5928020477850033e-07,-0.00017285346985233357,2.103698e-07,-3.9795342e-08
-7.916666,37.5,2768,2339,-4.2634106e-08,0.15000021,0.15000026,0.15000025928020477,-2.5928020477850033e-07,-0.00017285346985233357,2.0743677e-07,-4.2634106e-08
-7.916666,40.0,2767,2338,-4.143213e-08,0.15000021,0.15000026,0.15000025928020477,-2.5928020477850033e-07,-0.00017285346985233357,2.0240016e-07,-4.143213e-08
-7.916666,42.5,2766,2337,-4.064071e-08,0.15000021,0.15000026,0.15000025928020477,-2.5928020477850033e-07,-0.00017285346985233357,2.0784593e-07,-4.064071e-08
-7.916666,44.999996,2765,2336,-4.060168e-08,0.15000021,0.15000026,0.15000025928020477,-2.5928020477850033e-07,-0.00017285346985233357,2.122257e-07,-4.060168e-08
-7.916666,47.5,2764,2335,-4.904019e-08,0.15000024,0.15000029,0.15000028908252716,-2.8908252716619565e-07,-0.00019272168477746376,2.3626541e-07,-4.904019e-08
-7.916666,50.0,364,305,-6.487965e-08,0.15000026,0.15000032,0.15000031888484955,-3.1888484955389096e-07,-0.00021258989970259398,2.5879388e-07,-6.487965e-08
-7.333334,-50.0,317,252,2.1965505e-07,0.1499997,0.14999947,0.1499994695186615,5.304813384954254e-07,0.000353654225663617,-3.0843108e-07,2.1965505e-07
-7.333334,-47.5,2763,2334,2.600455e-07,0.14999966,0.14999941,0.14999940991401672,5.900859832708161e-07,0.0003933906555138774,-3.3780725e-07,2.600455e-07
-7.333334,-44.999996,2762,2333,2.9978358e-07,0.14999963,0.14999934,0.14999933540821075,6.645917892400544e-07,0.0004430611928267029,-3.727468e-07,2.9978358e-07
-7.333334,-42.5,2761,2332,3.1704775e-07,0.1499996,0.14999929,0.14999929070472717,7.092952728215973e-07,0.00047286351521439823,-3.9673412e-07,3.1704775e-07
-7.333334,-40.0,2760,2331,3.3054948e-07,0.14999959,0.14999926,0.14999926090240479,7.390975952092926e-07,0.0004927317301395284,-4.115809e-07,3.3054948e-07
-7.333334,-37.5,2759,2330,3.3366402e-07,0.14999959,0.14999926,0.14999926090240479,7.390975952092926e-07,0.0004927317301395284,-4.165324e-07,3.3366402e-07
-7.333334,-35.0,2758,2329,3.4261313e-07,0.14999959,0.14999925,0.1499992460012436,7.539987564031403e-07,0.0005026658376020936,-4.1012484e-07,3.4261313e-07
-7.333334,-32.5,2757,2328,3.4438517e-07,0.1499996,0.14999926,0.14999926090240479,7.390975952092926e-07,0.0004927317301395284,-4.0119568e-07,3.4438517e-07
-7.333334,-30.0,2756,2327,3.4989478e-07,0.14999962,0.14999928,0.14999927580356598,7.24196434015445e-07,0.00048279762267696336,-3.9281508e-07,3.4989478e-07
-7.333334,-27.500002,2755,2326,3.512936e-07,0.14999962,0.14999926,0.14999926090240479,7.390975952092926e-07,0.0004927317301395284,-3.8541944e-07,3.512936e-07
-7.333334,-25.0,2754,2325,3.5127593e-07,0.14999962,0.14999926,0.14999926090240479,7.390975952092926e-07,0.0004927317301395284,-3.804907e-07,3.5127593e-07
-7.333334,-22.499998,2753,2324,3.4456195e-07,0.14999962,0.14999928,0.14999927580356598,7.24196434015445e-07,0.00048279762267696336,-3.8146632e-07,3.4456195e-07
-7.333334,-20.0,2752,2323,3.38809e-07,0.14999962,0.14999928,0.14999927580356598,7.24196434015445e-07,0.00048279762267696336,-3.8243974e-07,3.38809e-07
-7.333334,-17.5,2751,2322,3.3601265e-07,0.14999962,0.14999928,0.14999927580356598,7.24196434015445e-07,0.00048279762267696336,-3.8073978e-07,3.3601265e-07
-7.333334,-15.0,2750,2321,3.3665336e-07,0.14999963,0.14999929,0.14999929070472717,7.092952728215973e-07,0.00047286351521439823,-3.7659703e-07,3.3665336e-07
-7.333334,-12.5,2749,2320,3.4167113e-07,0.14999963,0.14999929,0.14999929070472717,7.092952728215973e-07,0.00047286351521439823,-3.6871376e-07,3.4167113e-07
-7.333334,-10.0,2748,2319,3.47845e-07,0.14999965,0.1499993,0.14999930560588837,6.943941116277497e-07,0.0004629294077518331,-3.6023278e-07,3.47845e-07
-7.333334,-7.5,2747,2318,3.5210363e-07,0.14999965,0.14999929,0.14999929070472717,7.092952728215973e-07,0.00047286351521439823,-3.5394584e-07,3.5210363e-07
-7.333334,-5.0,2746,2317,3.6863145e-07,0.14999966,0.14999929,0.14999929070472717,7.092952728215973e-07,0.00047286351521439823,-3.3582788e-07,3.6863145e-07
-7.333334,-2.5,2745,2316,3.77797e-07,0.14999968,0.1499993,0.14999930560588837,6.943941116277497e-07,0.0004629294077518331,-3.258286e-07,3.77797e-07
-7.333334,0.0,2744,2315,3.9122702e-07,0.1499997,0.1499993,0.14999930560588837,6.943941116277497e-07,0.0004629294077518331,-3.1219744e-07,3.9122702e-07
-7.333334,2.5,2743,2314,3.9830977e-07,0.1499997,0.14999929,0.14999929070472717,7.092952728215973e-07,0.00047286351521439823,-3.0547488e-07,3.9830977e-07
-7.333334,5.0,2742,2313,4.0843994e-07,0.14999971,0.1499993,0.14999930560588837,6.943941116277497e-07,0.0004629294077518331,-2.9624775e-07,4.0843994e-07
-7.333334,7.5,2741,2312,4.136957e-07,0.14999971,0.14999929,0.14999929070472717,7.092952728215973e-07,0.00047286351521439823,-2.924895e-07,4.136957e-07
-7.333334,10.0,2740,2311,4.1621922e-07,0.14999971,0.14999929,0.14999929070472717,7.092952728215973e-07,0.00047286351521439823,-2.9213916e-07,4.1621922e-07
-7.333334,12.5,2739,2310,4.2628747e-07,0.14999972,0.14999929,0.14999929070472717,7.092952728215973e-07,0.00047286351521439823,-2.84517e-07,4.2628747e-07
-7.333334,15.0,2738,2309,4.4373618e-07,0.14999974,0.14999929,0.14999929070472717,7.092952728215973e-07,0.00047286351521439823,-2.705488e-07,4.4373618e-07
-7.333334,17.5,2737,2308,4.5338572e-07,0.14999974,0.14999929,0.14999929070472717,7.092952728215973e-07,0.00047286351521439823,-2.645842e-07,4.5338572e-07
-7.333334,20.0,2736,2307,4.6462156e-07,0.14999975,0.14999929,0.14999929070472717,7.092952728215973e-07,0.00047286351521439823,-2.5814057e-07,4.6462156e-07
-7.333334,22.499998,2735,2306,4.696669e-07,0.14999975,0.14999928,0.14999927580356598,7.24196434015445e-07,0.00048279762267696336,-2.577e-07,4.696669e-07
-7.333334,25.0,2734,2305,4.7222954e-07,0.14999974,0.14999926,0.14999926090240479,7.390975952092926e-07,0.0004927317301395284,-2.613518e-07,4.7222954e-07
-7.333334,27.500002,2733,2304,4.613035e-07,0.14999972,0.14999926,0.14999926090240479,7.390975952092926e-07,0.0004927317301395284,-2.7681412e-07,4.613035e-07
-7.333334,30.0,2732,2303,4.6043786e-07,0.14999972,0.14999926,0.14999926090240479,7.390975952092926e-07,0.0004927317301395284,-2.8397798e-07,4.6043786e-07
-7.333334,32.5,2731,2302,4.5647587e-07,0.14999972,0.14999926,0.14999926090240479,7.390975952092926e-07,0.0004927317301395284,-2.9025296e-07,4.5647587e-07
-7.333334,35.0,2730,2301,4.6285703e-07,0.14999971,0.14999925,0.1499992460012436,7.539987564031403e-07,0.0005026658376020936,-2.913188e-07,4.6285703e-07
-7.333334,37.5,2729,2300,4.5783096e-07,0.14999971,0.14999925,0.1499992460012436,7.539987564031403e-07,0.0005026658376020936,-2.933516e-07,4.5783096e-07
-7.333334,40.0,2728,2299,4.5245199e-07,0.14999971,0.14999926,0.14999926090240479,7.390975952092926e-07,0.0004927317301395284,-2.916637e-07,4.5245199e-07
-7.333334,42.5,2727,2298,4.4048693e-07,0.14999974,0.14999929,0.14999929070472717,7.092952728215973e-07,0.00047286351521439823,-2.748583e-07,4.4048693e-07
-7.333334,44.999996,2726,2297,4.2229897e-07,0.14999975,0.14999934,0.14999933540821075,6.645917892400544e-07,0.0004430611928267029,-2.526485e-07,4.2229897e-07
-7.333334,47.5,2725,2296,3.9199608e-07,0.1499998,0.14999941,0.14999940991401672,5.900859832708161e-07,0.0003933906555138774,-2.0741409e-07,3.9199608e-07
-7.333334,50.0,363,306,3.599626e-07,0.14999984,0.14999948,0.1499994844198227,5.155801773015778e-07,0.00034372011820105186,-1.6960236e-07,3.599626e-07
-6.75,-50.0,318,251,9.0501035e-06,0.14999087,0.14998183,0.14998182654380798,1.817345619201105e-05,0.0121156374613407,-9.132401e-06,9.0501035e-06
-6.75,-47.5,2724,2295,9.099659e-06,0.14999084,0.14998174,0.14998173713684082,1.8262863159174136e-05,0.012175242106116091,-9.170886e-06,9.099659e-06
-6.75,-44.999996,2723,2294,9.157491e-06,0.14999078,0.14998162,0.14998161792755127,1.8382072448724918e-05,0.012254714965816612,-9.223578e-06,9.157491e-06
-6.75,-42.5,2722,2293,9.189433e-06,0.14999074,0.14998154,0.1499815434217453,1.8456578254694156e-05,0.012304385503129438,-9.262047e-06,9.189433e-06
-6.75,-40.0,2721,2292,9.218758e-06,0.14999071,0.14998148,0.14998148381710052,1.8516182899469547e-05,0.012344121932979698,-9.292633e-06,9.218758e-06
-6.75,-37.5,2720,2291,9.233754e-06,0.1499907,0.14998145,0.14998145401477814,1.8545985221857242e-05,0.012363990147904829,-9.31003e-06,9.233754e-06
-6.75,-35.0,2719,2290,9.250062e-06,0.1499907,0.14998144,0.14998143911361694,1.856088638305109e-05,0.012373924255367394,-9.310239e-06,9.250062e-06
-6.75,-32.5,2718,2289,9.259267e-06,0.1499907,0.14998144,0.14998143911361694,1.856088638305109e-05,0.012373924255367394,-9.307381e-06,9.259267e-06
-6.75,-30.0,2717,2288,9.269153e-06,0.14999071,0.14998144,0.14998143911361694,1.856088638305109e-05,0.012373924255367394,-9.302298e-06,9.269153e-06
-6.75,-27.500002,2716,2287,9.2734745e-06,0.14999071,0.14998144,0.14998143911361694,1.856088638305109e-05,0.012373924255367394,-9.297649e-06,9.2734745e-06
-6.75,-25.0,2715,2286,9.2755245e-06,0.14999071,0.14998144,0.14998143911361694,1.856088638305109e-05,0.012373924255367394,-9.29447e-06,9.2755245e-06
-6.75,-22.499998,2714,2285,9.270411e-06,0.14999071,0.14998144,0.14998143911361694,1.856088638305109e-05,0.012373924255367394,-9.29674e-06,9.270411e-06
-6.75,-20.0,2713,2284,9.265687e-06,0.14999071,0.14998144,0.14998143911361694,1.856088638305109e-05,0.012373924255367394,-9.298915e-06,9.265687e-06
-6.75,-17.5,2712,2283,9.263349e-06,0.14999071,0.14998144,0.14998143911361694,1.856088638305109e-05,0.012373924255367394,-9.29829e-06,9.263349e-06
-6.75,-15.0,2711,2282,9.264189e-06,0.14999071,0.14998144,0.14998143911361694,1.856088638305109e-05,0.012373924255367394,-9.294778e-06,9.264189e-06
-6.75,-12.5,2710,2281,9.269103e-06,0.14999072,0.14998145,0.14998145401477814,1.8545985221857242e-05,0.012363990147904829,-9.2874525e-06,9.269103e-06
-6.75,-10.0,2709,2280,9.274982e-06,0.14999072,0.14998145,0.14998145401477814,1.8545985221857242e-05,0.012363990147904829,-9.2797045e-06,9.274982e-06
-6.75,-7.5,2708,2279,9.278786e-06,0.14999074,0.14998145,0.14998145401477814,1.8545985221857242e-05,0.012363990147904829,-9.274117e-06,9.278786e-06
-6.75,-5.0,2707,2278,9.295078e-06,0.14999075,0.14998145,0.14998145401477814,1.8545985221857242e-05,0.012363990147904829,-9.256616e-06,9.295078e-06
-6.75,-2.5,2706,2277,9.303858e-06,0.14999075,0.14998145,0.14998145401477814,1.8545985221857242e-05,0.012363990147904829,-9.247658e-06,9.303858e-06
-6.75,0.0,2705,2276,9.317458e-06,0.14999077,0.14998145,0.14998145401477814,1.8545985221857242e-05,0.012363990147904829,-9.234452e-06,9.317458e-06
-6.75,2.5,2704,2275,9.324369e-06,0.14999078,0.14998145,0.14998145401477814,1.8545985221857242e-05,0.012363990147904829,-9.228236e-06,9.324369e-06
-6.75,5.0,2703,2274,9.334001e-06,0.14999078,0.14998145,0.14998145401477814,1.8545985221857242e-05,0.012363990147904829,-9.219627e-06,9.334001e-06
-6.75,7.5,2702,2273,9.339113e-06,0.1499908,0.14998145,0.14998145401477814,1.8545985221857242e-05,0.012363990147904829,-9.216027e-06,9.339113e-06
-6.75,10.0,2701,2272,9.3406725e-06,0.14999078,0.14998144,0.14998143911361694,1.856088638305109e-05,0.012373924255367394,-9.2166765e-06,9.3406725e-06
-6.75,12.5,2700,2271,9.350993e-06,0.1499908,0.14998144,0.14998143911361694,1.856088638305109e-05,0.012373924255367394,-9.208912e-06,9.350993e-06
-6.75,15.0,2699,2270,9.368753e-06,0.14999081,0.14998144,0.14998143911361694,1.856088638305109e-05,0.012373924255367394,-9.194514e-06,9.368753e-06
-6.75,17.5,2698,2269,9.37822e-06,0.14999081,0.14998144,0.14998143911361694,1.856088638305109e-05,0.012373924255367394,-9.187944e-06,9.37822e-06
-6.75,20.0,2697,2268,9.388396e-06,0.14999083,0.14998144,0.14998143911361694,1.856088638305109e-05,0.012373924255367394,-9.181009e-06,9.388396e-06
-6.75,22.499998,2696,2267,9.392494e-06,0.14999083,0.14998144,0.14998143911361694,1.856088638305109e-05,0.012373924255367394,-9.179703e-06,9.392494e-06
-6.75,25.0,2695,2266,9.394318e-06,0.14999083,0.14998144,0.14998143911361694,1.856088638305109e-05,0.012373924255367394,-9.181978e-06,9.394318e-06
-6.75,27.500002,2694,2265,9.3816825e-06,0.14999081,0.14998142,0.14998142421245575,1.8575787544244937e-05,0.012383858362829958,-9.196036e-06,9.3816825e-06
-6.75,30.0,2693,2264,9.378061e-06,0.14999081,0.14998144,0.14998143911361694,1.856088638305109e-05,0.012373924255367394,-9.201024e-06,9.378061e-06
-6.75,32.5,2692,2263,9.370477e-06,0.1499908,0.14998142,0.14998142421245575,1.8575787544244937e-05,0.012383858362829958,-9.20382e-06,9.370477e-06
-6.75,35.0,2691,2262,9.369923e-06,0.14999081,0.14998144,0.14998143911361694,1.856088638305109e-05,0.012373924255367394,-9.198559e-06,9.369923e-06
-6.75,37.5,2690,2261,9.357287e-06,0.14999081,0.14998145,0.14998145401477814,1.8545985221857242e-05,0.012363990147904829,-9.194213e-06,9.357287e-06
-6.75,40.0,2689,2260,9.339585e-06,0.14999083,0.14998148,0.14998148381710052,1.8516182899469547e-05,0.012344121932979698,-9.180475e-06,9.339585e-06
-6.75,42.5,2688,2259,9.311338e-06,0.14999086,0.14998154,0.1499815434217453,1.8456578254694156e-05,0.012304385503129438,-9.148303e-06,9.311338e-06
-6.75,44.999996,2687,2258,9.27842e-06,0.1499909,0.14998162,0.14998161792755127,1.8382072448724918e-05,0.012254714965816612,-9.111648e-06,9.27842e-06
-6.75,47.5,2686,2257,9.229657e-06,0.14999096,0.14998174,0.14998173713684082,1.8262863159174136e-05,0.012175242106116091,-9.049044e-06,9.229657e-06
-6.75,50.0,362,307,9.188099e-06,0.149991,0.14998181,0.1499818116426468,1.8188357353204898e-05,0.012125571568803267,-9.002484e-06,9.188099e-06
-6.166666,-50.0,319,250,3.3109696e-05,0.14996682,0.14993371,0.14993371069431305,6.628930568694513e-05,0.044192870457963426,-3.3190754e-05,3.3109696e-05
-6.166666,-47.5,2685,2256,3.3158227e-05,0.14996678,0.14993362,0.1499336212873459,6.637871265410822e-05,0.04425247510273882,-3.322854e-05,3.3158227e-05
-6.166666,-44.999996,2684,2255,3.3218457e-05,0.14996672,0.1499335,0.14993350207805634,6.6497921943659e-05,0.04433194796243933,-3.328357e-05,3.3218457e-05
-6.166666,-42.5,2683,2254,3.325338e-05,0.14996669,0.14993343,0.14993342757225037,6.657242774962824e-05,0.04438161849975216,-3.3324333e-05,3.325338e-05
-6.166666,-40.0,2682,2253,3.328527e-05,0.14996664,0.14993335,0.1499333530664444,6.664693355559748e-05,0.04443128903706499,-3.3357082e-05,3.328527e-05
-6.166666,-37.5,2681,2252,3.3302196e-05,0.14996663,0.14993332,0.149933323264122,6.667673587798517e-05,0.044451157251990114,-3.3376502e-05,3.3302196e-05
-6.166666,-35.0,2680,2251,3.3320313e-05,0.14996663,0.14993331,0.14993330836296082,6.669163703917902e-05,0.044461091359452684,-3.3377928e-05,3.3320313e-05
-6.166666,-32.5,2679,2250,3.3331984e-05,0.14996663,0.1499333,0.14993329346179962,6.670653820037287e-05,0.04447102546691525,-3.337635e-05,3.3331984e-05
-6.166666,-30.0,2678,2249,3.3343487e-05,0.14996663,0.14993328,0.14993327856063843,6.672143936156671e-05,0.04448095957437781,-3.3371816e-05,3.3343487e-05
-6.166666,-27.500002,2677,2248,3.3349894e-05,0.14996664,0.1499333,0.14993329346179962,6.670653820037287e-05,0.04447102546691525,-3.3368804e-05,3.3349894e-05
-6.166666,-25.0,2676,2247,3.3353364e-05,0.14996664,0.1499333,0.14993329346179962,6.670653820037287e-05,0.04447102546691525,-3.3367203e-05,3.3353364e-05
-6.166666,-22.499998,2675,2246,3.3349956e-05,0.14996664,0.1499333,0.14993329346179962,6.670653820037287e-05,0.04447102546691525,-3.3371052e-05,3.3349956e-05
-6.166666,-20.0,2674,2245,3.3346554e-05,0.14996663,0.14993328,0.14993327856063843,6.672143936156671e-05,0.04448095957437781,-3.3374537e-05,3.3346554e-05
-6.166666,-17.5,2673,2244,3.3345204e-05,0.14996663,0.14993328,0.14993327856063843,6.672143936156671e-05,0.04448095957437781,-3.337552e-05,3.3345204e-05
-6.166666,-15.0,2672,2243,3.334711e-05,0.14996663,0.14993328,0.14993327856063843,6.672143936156671e-05,0.04448095957437781,-3.337322e-05,3.334711e-05
-6.166666,-12.5,2671,2242,3.3352622e-05,0.14996664,0.1499333,0.14993329346179962,6.670653820037287e-05,0.04447102546691525,-3.3367396e-05,3.3352622e-05
-6.166666,-10.0,2670,2241,3.3359065e-05,0.14996664,0.14993328,0.14993327856063843,6.672143936156671e-05,0.04448095957437781,-3.3360844e-05,3.3359065e-05
-6.166666,-7.5,2669,2240,3.3362914e-05,0.14996664,0.14993328,0.14993327856063843,6.672143936156671e-05,0.04448095957437781,-3.3356584e-05,3.3362914e-05
-6.166666,-5.0,2668,2239,3.337914e-05,0.14996667,0.1499333,0.14993329346179962,6.670653820037287e-05,0.04447102546691525,-3.334e-05,3.337914e-05
-6.166666,-2.5,2667,2238,3.3387627e-05,0.14996667,0.14993328,0.14993327856063843,6.672143936156671e-05,0.04448095957437781,-3.3331904e-05,3.3387627e-05
-6.166666,0.0,2666,2237,3.3401135e-05,0.14996669,0.14993328,0.14993327856063843,6.672143936156671e-05,0.04448095957437781,-3.331911e-05,3.3401135e-05
-6.166666,2.5,2665,2236,3.340772e-05,0.14996669,0.14993328,0.14993327856063843,6.672143936156671e-05,0.04448095957437781,-3.3313303e-05,3.340772e-05
-6.166666,5.0,2664,2235,3.3416665e-05,0.1499667,0.14993328,0.14993327856063843,6.672143936156671e-05,0.04448095957437781,-3.3305052e-05,3.3416665e-05
-6.166666,7.5,2663,2234,3.3421282e-05,0.1499667,0.14993328,0.14993327856063843,6.672143936156671e-05,0.04448095957437781,-3.3301436e-05,3.3421282e-05
-6.166666,10.0,2662,2233,3.342146e-05,0.1499667,0.14993328,0.14993327856063843,6.672143936156671e-05,0.04448095957437781,-3.3302465e-05,3.342146e-05
-6.166666,12.5,2661,2232,3.343112e-05,0.14996672,0.14993328,0.14993327856063843,6.672143936156671e-05,0.04448095957437781,-3.3294054e-05,3.343112e-05
-6.166666,15.0,2660,2231,3.3448563e-05,0.14996673,0.14993328,0.14993327856063843,6.672143936156671e-05,0.04448095957437781,-3.3278357e-05,3.3448563e-05
-6.166666,17.5,2659,2230,3.3457458e-05,0.14996673,0.14993328,0.14993327856063843,6.672143936156671e-05,0.04448095957437781,-3.3270673e-05,3.3457458e-05
-6.166666,20.0,2658,2229,3.3466233e-05,0.14996675,0.14993328,0.14993327856063843,6.672143936156671e-05,0.04448095957437781,-3.3263e-05,3.3466233e-05
-6.166666,22.499998,2657,2228,3.3469256e-05,0.14996675,0.14993328,0.14993327856063843,6.672143936156671e-05,0.04448095957437781,-3.3260516e-05,3.3469256e-05
-6.166666,25.0,2656,2227,3.3469867e-05,0.14996675,0.14993328,0.14993327856063843,6.672143936156671e-05,0.04448095957437781,-3.326095e-05,3.3469867e-05
-6.166666,27.500002,2655,2226,3.345565e-05,0.14996673,0.14993328,0.14993327856063843,6.672143936156671e-05,0.04448095957437781,-3.3273718e-05,3.345565e-05
-6.166666,30.0,2654,2225,3.3449964e-05,0.14996673,0.14993328,0.14993327856063843,6.672143936156671e-05,0.04448095957437781,-3.32771e-05,3.3449964e-05
-6.166666,32.5,2653,2224,3.344128e-05,0.14996673,0.1499333,0.14993329346179962,6.670653820037287e-05,0.04447102546691525,-3.3278953e-05,3.344128e-05
-6.166666,35.0,2652,2223,3.343853e-05,0.14996673,0.1499333,0.14993329346179962,6.670653820037287e-05,0.04447102546691525,-3.3272117e-05,3.343853e-05
-6.166666,37.5,2651,2222,3.342401e-05,0.14996673,0.14993331,0.14993330836296082,6.669163703917902e-05,0.044461091359452684,-3.326692e-05,3.342401e-05
-6.166666,40.0,2650,2221,3.3404234e-05,0.14996676,0.14993335,0.1499333530664444,6.664693355559748e-05,0.04443128903706499,-3.3251734e-05,3.3404234e-05
-6.166666,42.5,2649,2220,3.3373588e-05,0.14996679,0.14993341,0.14993341267108917,6.658732891082209e-05,0.044391552607214724,-3.321747e-05,3.3373588e-05
-6.166666,44.999996,2648,2219,3.3338067e-05,0.14996682,0.14993349,0.14993348717689514,6.651282310485285e-05,0.0443418820699019,-3.317833e-05,3.3338067e-05
-6.166666,47.5,2647,2218,3.328631e-05,0.1499669,0.1499336,0.1499336063861847,6.639361381530207e-05,0.04426240921020138,-3.3114127e-05,3.328631e-05
-6.166666,50.0,361,308,3.3245342e-05,0.14996694,0.1499337,0.14993369579315186,6.630420684813898e-05,0.04420280456542599,-3.306877e-05,3.3245342e-05
-5.583334,-50.0,320,249,7.554857e-05,0.14992437,0.14984882,0.1498488187789917,0.00015118122100829523,0.10078748067219682,-7.563513e-05,7.554857e-05
-5.583334,-47.5,2646,2217,7.559639e-05,0.14992434,0.14984874,0.14984874427318573,0.00015125572681426447,0.10083715120950965,-7.567299e-05,7.559639e-05
-5.583334,-44.999996,2645,2216,7.5661585e-05,0.14992428,0.14984861,0.14984861016273499,0.0001513898372650091,0.10092655817667273,-7.573315e-05,7.5661585e-05
-5.583334,-42.5,2644,2215,7.570293e-05,0.14992423,0.14984854,0.14984853565692902,0.00015146434307097834,0.10097622871398557,-7.577924e-05,7.570293e-05
-5.583334,-40.0,2643,2214,7.573877e-05,0.14992419,0.14984845,0.14984844624996185,0.00015155375003814142,0.10103583335876096,-7.5815115e-05,7.573877e-05
-5.583334,-37.5,2642,2213,7.57592e-05,0.14992417,0.14984842,0.14984841644763947,0.00015158355236052912,0.10105570157368608,-7.583765e-05,7.57592e-05
-5.583334,-35.0,2641,2212,7.5779535e-05,0.14992416,0.14984839,0.14984838664531708,0.0001516133546829168,0.10107556978861121,-7.584105e-05,7.5779535e-05
-5.583334,-32.5,2640,2211,7.579314e-05,0.14992416,0.14984837,0.14984837174415588,0.00015162825584411066,0.10108550389607378,-7.584061e-05,7.579314e-05
-5.583334,-30.0,2639,2210,7.58061e-05,0.14992417,0.14984837,0.14984837174415588,0.00015162825584411066,0.10108550389607378,-7.5836455e-05,7.58061e-05
-5.583334,-27.500002,2638,2209,7.581397e-05,0.14992417,0.14984836,0.1498483568429947,0.0001516431570053045,0.10109543800353635,-7.58341e-05,7.581397e-05
-5.583334,-25.0,2637,2208,7.5817865e-05,0.14992417,0.14984836,0.1498483568429947,0.0001516431570053045,0.10109543800353635,-7.583344e-05,7.5817865e-05
-5.583334,-22.499998,2636,2207,7.581516e-05,0.14992417,0.14984836,0.1498483568429947,0.0001516431570053045,0.10109543800353635,-7.5838056e-05,7.581516e-05
-5.583334,-20.0,2635,2206,7.58125e-05,0.14992416,0.14984834,0.1498483419418335,0.00015165805816649836,0.1011053721109989,-7.584204e-05,7.58125e-05
-5.583334,-17.5,2634,2205,7.581146e-05,0.14992416,0.14984834,0.1498483419418335,0.00015165805816649836,0.1011053721109989,-7.5844044e-05,7.581146e-05
-5.583334,-15.0,2633,2204,7.581388e-05,0.14992416,0.14984834,0.1498483419418335,0.00015165805816649836,0.1011053721109989,-7.584234e-05,7.581388e-05
-5.583334,-12.5,2632,2203,7.581931e-05,0.14992417,0.14984836,0.1498483568429947,0.0001516431570053045,0.10109543800353635,-7.583764e-05,7.581931e-05
-5.583334,-10.0,2631,2202,7.582612e-05,0.14992417,0.14984834,0.1498483419418335,0.00015165805816649836,0.1011053721109989,-7.5831624e-05,7.582612e-05
-5.583334,-7.5,2630,2201,7.582972e-05,0.14992417,0.14984834,0.1498483419418335,0.00015165805816649836,0.1011053721109989,-7.582831e-05,7.582972e-05
-5.583334,-5.0,2629,2200,7.584574e-05,0.14992419,0.14984834,0.1498483419418335,0.00015165805816649836,0.1011053721109989,-7.58125e-05,7.584574e-05
-5.583334,-2.5,2628,2199,7.585388e-05,0.1499242,0.14984836,0.1498483568429947,0.0001516431570053045,0.10109543800353635,-7.580528e-05,7.585388e-05
-5.583334,0.0,2627,2198,7.586713e-05,0.14992422,0.14984836,0.1498483568429947,0.0001516431570053045,0.10109543800353635,-7.579306e-05,7.586713e-05
-5.583334,2.5,2626,2197,7.587346e-05,0.14992422,0.14984834,0.1498483419418335,0.00015165805816649836,0.1011053721109989,-7.578778e-05,7.587346e-05
-5.583334,5.0,2625,2196,7.588204e-05,0.14992423,0.14984836,0.1498483568429947,0.0001516431570053045,0.10109543800353635,-7.5779826e-05,7.588204e-05
-5.583334,7.5,2624,2195,7.588623e-05,0.14992423,0.14984834,0.1498483419418335,0.00015165805816649836,0.1011053721109989,-7.5776414e-05,7.588623e-05
-5.583334,10.0,2623,2194,7.588563e-05,0.14992423,0.14984834,0.1498483419418335,0.00015165805816649836,0.1011053721109989,-7.5777905e-05,7.588563e-05
-5.583334,12.5,2622,2193,7.5894925e-05,0.14992423,0.14984834,0.1498483419418335,0.00015165805816649836,0.1011053721109989,-7.576962e-05,7.5894925e-05
-5.583334,15.0,2621,2192,7.591268e-05,0.14992425,0.14984834,0.1498483419418335,0.00015165805816649836,0.1011053721109989,-7.575301e-05,7.591268e-05
-5.583334,17.5,2620,2191,7.5921416e-05,0.14992426,0.14984834,0.1498483419418335,0.00015165805816649836,0.1011053721109989,-7.574475e-05,7.5921416e-05
-5.583334,20.0,2619,2190,7.592923e-05,0.14992426,0.14984833,0.1498483270406723,0.0001516729593276922,0.10111530621846147,-7.5736905e-05,7.592923e-05
-5.583334,22.499998,2618,2189,7.593192e-05,0.14992428,0.14984834,0.1498483419418335,0.00015165805816649836,0.1011053721109989,-7.5733864e-05,7.593192e-05
-5.583334,25.0,2617,2188,7.593222e-05,0.14992428,0.14984834,0.1498483419418335,0.00015165805816649836,0.1011053721109989,-7.573348e-05,7.593222e-05
-5.583334,27.500002,2616,2187,7.591734e-05,0.14992426,0.14984834,0.1498483419418335,0.00015165805816649836,0.1011053721109989,-7.574605e-05,7.591734e-05
-5.583334,30.0,2615,2186,7.591069e-05,0.14992426,0.14984836,0.1498483568429947,0.0001516431570053045,0.10109543800353635,-7.574862e-05,7.591069e-05
-5.583334,32.5,2614,2185,7.590117e-05,0.14992426,0.14984836,0.1498483568429947,0.0001516431570053045,0.10109543800353635,-7.574984e-05,7.590117e-05
-5.583334,35.0,2613,2184,7.589663e-05,0.14992426,0.14984837,0.14984837174415588,0.00015162825584411066,0.10108550389607378,-7.5741846e-05,7.589663e-05
-5.583334,37.5,2612,2183,7.587969e-05,0.14992428,0.1498484,0.14984840154647827,0.00015159845352172296,0.10106563568114865,-7.573501e-05,7.587969e-05
-5.583334,40.0,2611,2182,7.5856144e-05,0.1499243,0.14984843,0.14984843134880066,0.00015156865119933527,0.10104576746622351,-7.571699e-05,7.5856144e-05
-5.583334,42.5,2610,2181,7.58221e-05,0.14992432,0.1498485,0.14984850585460663,0.00015149414539336603,0.10099609692891069,-7.567914e-05,7.58221e-05
-5.583334,44.999996,2609,2180,7.57806e-05,0.14992437,0.14984858,0.1498485803604126,0.0001514196395873968,0.10094642639159787,-7.5633965e-05,7.57806e-05
-5.583334,47.5,2608,2179,7.572294e-05,0.14992444,0.14984871,0.14984871447086334,0.00015128552913665216,0.10085701942443479,-7.5565345e-05,7.572294e-05
-5.583334,50.0,360,309,7.568209e-05,0.14992449,0.1498488,0.1498488038778305,0.00015119612216948908,0.1007974147796594,-7.552054e-05,7.568209e-05
-5.0,-50.0,6,3,0.00013793903,0.14986198,0.14972404,0.14972403645515442,0.0002759635448455755,0.183975696563717,-0.00013803528,0.00013793903
-5.0,-47.5,220,80,0.00013798354,0.14986193,0.14972395,0.14972394704818726,0.0002760529518127386,0.1840353012084924,-0.000138071,0.00013798354
-5.0,-44.999996,219,81,0.00013804772,0.14986187,0.14972383,0.1497238278388977,0.00027617216110228937,0.18411477406819293,-0.00013813046,0.00013804772
-5.0,-42.5,218,82,0.00013809004,0.14986183,0.14972374,0.14972373843193054,0.00027626156806945246,0.18417437871296832,-0.00013817624,0.00013809004
-5.0,-40.0,217,83,0.00013812527,0.1498618,0.14972368,0.14972367882728577,0.00027632117271422785,0.18421411514281857,-0.00013821042,0.00013812527
-5.0,-37.5,216,84,0.00013814608,0.14986177,0.14972362,0.149723619222641,0.00027638077735900324,0.18425385157266883,-0.00013823263,0.00013814608
-5.0,-35.0,215,85,0.00013816656,0.14986177,0.1497236,0.1497236043214798,0.0002763956785201971,0.1842637856801314,-0.00013823637,0.00013816656
-5.0,-32.5,214,86,0.00013818045,0.14986177,0.14972359,0.1497235894203186,0.00027641057968139093,0.18427371978759396,-0.00013823599,0.00013818045
-5.0,-30.0,213,87,0.000138194,0.14986177,0.14972357,0.1497235745191574,0.0002764254808425848,0.18428365389505652,-0.00013823154,0.000138194
-5.0,-27.500002,212,88,0.00013820273,0.14986178,0.14972357,0.1497235745191574,0.0002764254808425848,0.18428365389505652,-0.00013822874,0.00013820273
-5.0,-25.0,211,89,0.00013820644,0.14986178,0.14972357,0.1497235745191574,0.0002764254808425848,0.18428365389505652,-0.00013822867,0.00013820644
-5.0,-22.499998,210,90,0.0001382037,0.14986177,0.14972356,0.14972355961799622,0.00027644038200377863,0.1842935880025191,-0.00013823362,0.0001382037
-5.0,-20.0,209,91,0.00013820134,0.14986177,0.14972356,0.14972355961799622,0.00027644038200377863,0.1842935880025191,-0.00013823732,0.00013820134
-5.0,-17.5,208,92,0.00013819999,0.14986177,0.14972357,0.1497235745191574,0.0002764254808425848,0.18428365389505652,-0.00013823973,0.00013819999
-5.0,-15.0,207,93,0.00013820245,0.14986177,0.14972356,0.14972355961799622,0.00027644038200377863,0.1842935880025191,-0.00013823823,0.00013820245
-5.0,-12.5,206,94,0.00013820728,0.14986177,0.14972356,0.14972355961799622,0.00027644038200377863,0.1842935880025191,-0.00013823432,0.00013820728
-5.0,-10.0,205,95,0.00013821424,0.14986178,0.14972357,0.1497235745191574,0.0002764254808425848,0.18428365389505652,-0.00013822822,0.00013821424
-5.0,-7.5,204,96,0.00013821748,0.14986178,0.14972356,0.14972355961799622,0.00027644038200377863,0.1842935880025191,-0.0001382255,0.00013821748
-5.0,-5.0,203,97,0.00013823346,0.1498618,0.14972356,0.14972355961799622,0.00027644038200377863,0.1842935880025191,-0.00013821009,0.00013823346
-5.0,-2.5,202,98,0.00013824132,0.1498618,0.14972356,0.14972355961799622,0.00027644038200377863,0.1842935880025191,-0.00013820345,0.00013824132
-5.0,0.0,201,99,0.00013825423,0.14986181,0.14972356,0.14972355961799622,0.00027644038200377863,0.1842935880025191,-0.00013819184,0.00013825423
-5.0,2.5,200,100,0.00013826038,0.14986181,0.14972356,0.14972355961799622,0.00027644038200377863,0.1842935880025191,-0.00013818748,0.00013826038
-5.0,5.0,199,101,0.00013826904,0.14986183,0.14972356,0.14972355961799622,0.00027644038200377863,0.1842935880025191,-0.00013818,0.00013826904
-5.0,7.5,198,102,0.00013827301,0.14986183,0.14972356,0.14972355961799622,0.00027644038200377863,0.1842935880025191,-0.0001381775,0.00013827301
-5.0,10.0,197,103,0.0001382724,0.14986183,0.14972356,0.14972355961799622,0.00027644038200377863,0.1842935880025191,-0.00013817972,0.0001382724
-5.0,12.5,196,104,0.00013828173,0.14986183,0.14972354,0.14972354471683502,0.0002764552831649725,0.18430352210998166,-0.00013817231,0.00013828173
-5.0,15.0,195,105,0.00013830049,0.14986186,0.14972356,0.14972355961799622,0.00027644038200377863,0.1842935880025191,-0.00013815546,0.00013830049
-5.0,17.5,194,106,0.00013830968,0.14986186,0.14972354,0.14972354471683502,0.0002764552831649725,0.18430352210998166,-0.00013814756,0.00013830968
-5.0,20.0,193,107,0.00013831742,0.14986187,0.14972356,0.14972355961799622,0.00027644038200377863,0.1842935880025191,-0.00013814049,0.00013831742
-5.0,22.499998,192,108,0.00013832055,0.14986187,0.14972354,0.14972354471683502,0.0002764552831649725,0.18430352210998166,-0.0001381378,0.00013832055
-5.0,25.0,191,109,0.00013832109,0.14986187,0.14972354,0.14972354471683502,0.0002764552831649725,0.18430352210998166,-0.00013813755,0.00013832109
-5.0,27.500002,190,110,0.00013830609,0.14986186,0.14972354,0.14972354471683502,0.0002764552831649725,0.18430352210998166,-0.00013815079,0.00013830609
-5.0,30.0,189,111,0.00013829969,0.14986186,0.14972356,0.14972355961799622,0.00027644038200377863,0.1842935880025191,-0.00013815331,0.00013829969
-5.0,32.5,188,112,0.00013829021,0.14986186,0.14972357,0.1497235745191574,0.0002764254808425848,0.18428365389505652,-0.00013815486,0.00013829021
-5.0,35.0,187,113,0.00013828541,0.14986186,0.14972357,0.1497235745191574,0.0002764254808425848,0.18428365389505652,-0.00013814724,0.00013828541
-5.0,37.5,186,114,0.00013826828,0.14986187,0.1497236,0.1497236043214798,0.0002763956785201971,0.1842637856801314,-0.0001381407,0.00013826828
-5.0,40.0,185,115,0.0001382443,0.14986189,0.14972365,0.14972364902496338,0.00027635097503661554,0.1842339833577437,-0.00013812345,0.0001382443
-5.0,42.5,184,116,0.00013821191,0.14986192,0.14972371,0.14972370862960815,0.00027629137039184015,0.18419424692789343,-0.00013808686,0.00013821191
-5.0,44.999996,183,117,0.00013817028,0.14986196,0.1497238,0.14972379803657532,0.00027620196342467707,0.18413464228311804,-0.00013804127,0.00013817028
-5.0,47.5,182,118,0.00013811291,0.14986204,0.14972392,0.14972391724586487,0.0002760827541351263,0.18405516942341754,-0.00013797423,0.00013811291
-5.0,50.0,7,4,0.00013807463,0.14986208,0.149724,0.14972400665283203,0.0002759933471679632,0.18399556477864215,-0.00013793238,0.00013807463
-4.6923075,-50.0,170,79,0.0002847612,0.14971516,0.1494304,0.14943039417266846,0.0005696058273315374,0.37973721822102496,-0.000284856,0.0002847612
-4.6923075,-47.5,1770,1302,0.00028480004,0.14971511,0.1494303,0.1494303047657013,0.0005696952342987005,0.37979682286580035,-0.0002848888,0.00028480004
-4.6923075,-44.999996,1769,1301,0.00028486166,0.14971507,0.1494302,0.14943020045757294,0.0005697995424270574,0.37986636161803833,-0.00028494655,0.00028486166
-4.6923075,-42.5,1768,1300,0.00028490636,0.149715,0.1494301,0.14943009614944458,0.0005699038505554144,0.37993590037027625,-0.00028499257,0.00028490636
-4.6923075,-40.0,1767,1299,0.00028494294,0.14971498,0.14943004,0.1494300365455606,0.0005699634552001898,0.3799756368001265,-0.00028502592,0.00028494294
-4.6923075,-37.5,1766,1298,0.00028496495,0.14971496,0.14942999,0.14942999184131622,0.0005700081586837713,0.3800054391225142,-0.0002850475,0.00028496495
-4.6923075,-35.0,1765,1297,0.00028498512,0.14971495,0.14942996,0.14942996203899384,0.000570037961006159,0.38002530733743933,-0.00028505182,0.00028498512
-4.6923075,-32.5,1764,1296,0.00028499897,0.14971496,0.14942996,0.14942996203899384,0.000570037961006159,0.38002530733743933,-0.00028505173,0.00028499897
-4.6923075,-30.0,1763,1295,0.00028501285,0.14971496,0.14942995,0.14942994713783264,0.0005700528621673528,0.3800352414449019,-0.0002850463,0.00028501285
-4.6923075,-27.500002,1762,1294,0.0002850223,0.14971496,0.14942993,0.14942993223667145,0.0005700677633285467,0.3800451755523645,-0.0002850416,0.0002850223
-4.6923075,-25.0,1761,1293,0.00028502484,0.14971496,0.14942993,0.14942993223667145,0.0005700677633285467,0.3800451755523645,-0.00028504216,0.00028502484
-4.6923075,-22.499998,1760,1292,0.0002850213,0.14971496,0.14942995,0.14942994713783264,0.0005700528621673528,0.3800352414449019,-0.00028504714,0.0002850213
-4.6923075,-20.0,1759,1291,0.00028501917,0.14971496,0.14942995,0.14942994713783264,0.0005700528621673528,0.3800352414449019,-0.0002850494,0.00028501917
-4.6923075,-17.5,1758,1290,0.00028501675,0.14971495,0.14942993,0.14942993223667145,0.0005700677633285467,0.3800451755523645,-0.000285052,0.00028501675
-4.6923075,-15.0,1757,1289,0.00028501858,0.14971496,0.14942995,0.14942994713783264,0.0005700528621673528,0.3800352414449019,-0.00028505048,0.00028501858
-4.6923075,-12.5,1756,1288,0.00028502135,0.14971496,0.14942995,0.14942994713783264,0.0005700528621673528,0.3800352414449019,-0.00028504763,0.00028502135
-4.6923075,-10.0,1755,1287,0.00028502778,0.14971496,0.14942993,0.14942993223667145,0.0005700677633285467,0.3800451755523645,-0.00028504067,0.00028502778
-4.6923075,-7.5,1754,1286,0.00028503002,0.14971496,0.14942993,0.14942993223667145,0.0005700677633285467,0.3800451755523645,-0.0002850388,0.00028503002
-4.6923075,-5.0,1753,1285,0.0002850464,0.14971498,0.14942993,0.14942993223667145,0.0005700677633285467,0.3800451755523645,-0.00028502417,0.0002850464
-4.6923075,-2.5,1752,1284,0.0002850535,0.14971499,0.14942993,0.14942993223667145,0.0005700677633285467,0.3800451755523645,-0.0002850184,0.0002850535
-4.6923075,0.0,1751,1283,0.00028506527,0.14971499,0.14942993,0.14942993223667145,0.0005700677633285467,0.3800451755523645,-0.00028500744,0.00028506527
-4.6923075,2.5,1750,1282,0.0002850712,0.149715,0.14942993,0.14942993223667145,0.0005700677633285467,0.3800451755523645,-0.00028500523,0.0002850712
-4.6923075,5.0,1749,1281,0.00028508072,0.149715,0.14942993,0.14942993223667145,0.0005700677633285467,0.3800451755523645,-0.0002849987,0.00028508072
-4.6923075,7.5,1748,1280,0.000285084,0.149715,0.14942992,0.14942991733551025,0.0005700826644897405,0.38005510965982703,-0.0002849984,0.000285084
-4.6923075,10.0,1747,1279,0.0002850837,0.149715,0.14942992,0.14942991733627106,0.0005700826644897405,0.38005510965982703,-0.000285002,0.0002850837
-4.6923075,12.5,1746,1278,0.00028509303,0.149715,0.14942992,0.14942991733551025,0.0005700826644897405,0.38005510965982703,-0.00028499708,0.00028509303
-4.6923075,15.0,1745,1277,0.00028511384,0.14971502,0.1494299,0.14942990243434906,0.0005700975656509344,0.3800650437672896,-0.00028498025,0.00028511384
-4.6923075,17.5,1744,1276,0.00028512403,0.14971504,0.14942992,0.14942991733551025,0.0005700826644897405,0.38005510965982703,-0.00028497376,0.00028512403
-4.6923075,20.0,1743,1275,0.00028513226,0.14971504,0.1494299,0.14942990243434906,0.0005700975656509344,0.3800650437672896,-0.00028496873,0.00028513226
-4.6923075,22.499998,1742,1274,0.00028513672,0.14971504,0.1494299,0.14942990243434906,0.0005700975656509344,0.3800650437672896,-0.00028496754,0.00028513672
-4.6923075,25.0,1741,1273,0.00028513788,0.14971504,0.1494299,0.14942990243434906,0.0005700975656509344,0.3800650437672896,-0.00028496844,0.00028513788
-4.6923075,27.500002,1740,1272,0.00028512318,0.14971502,0.1494299,0.14942990243434906,0.0005700975656509344,0.3800650437672896,-0.00028498375,0.00028512318
-4.6923075,30.0,1739,1271,0.00028511844,0.14971502,0.1494299,0.14942990243434906,0.0005700975656509344,0.3800650437672896,-0.00028498692,0.00028511844
-4.6923075,32.5,1738,1270,0.0002851096,0.14971502,0.14942992,0.14942991733551025,0.0005700826644897405,0.38005510965982703,-0.00028498995,0.0002851096
-4.6923075,35.0,1737,1269,0.00028510473,0.14971502,0.14942992,0.14942991733551025,0.0005700826644897405,0.38005510965982703,-0.00028498346,0.00028510473
-4.6923075,37.5,1736,1268,0.00028508794,0.14971502,0.14942993,0.14942993223667145,0.0005700677633285467,0.3800451755523645,-0.00028497775,0.00028508794
-4.6923075,40.0,1735,1267,0.00028506244,0.14971505,0.14942999,0.14942999184131622,0.0005700081586837713,0.3800054391225142,-0.00028496154,0.00028506244
-4.6923075,42.5,1734,1266,0.00028503066,0.14971508,0.14943005,0.149430051445961,0.0005699485540389959,0.37996570269266394,-0.00028492513,0.00028503066
-4.6923075,44.999996,1733,1265,0.00028498808,0.14971513,0.14943014,0.14943014085292816,0.0005698591470718328,0.37990609804788855,-0.00028487795,0.00028498808
-4.6923075,47.5,1732,1264,0.00028493212,0.14971519,0.14943026,0.1494302600622177,0.000569739937782282,0.37982662518818805,-0.00028481428,0.00028493212
-4.6923075,50.0,232,119,0.0002848979,0.14971523,0.14943033,0.14943033456802368,0.0005696654319763128,0.37977695465087524,-0.00028477723,0.0002848979
-4.3846154,-50.0,171,78,0.00045157998,0.14954834,0.14909676,0.1490967571735382,0.0009032428264617864,0.6021618843078577,-0.00045167154,0.00045157998
-4.3846154,-47.5,1731,1263,0.0004516155,0.1495483,0.1490967,0.14909669756889343,0.0009033024311065618,0.6022016207377079,-0.00045170382,0.0004516155
-4.3846154,-44.999996,1730,1262,0.00045167576,0.14954825,0.14909658,0.14909657835960388,0.0009034216403961126,0.6022810935974084,-0.0004517611,0.00045167576
-4.3846154,-42.5,1729,1261,0.00045172294,0.1495482,0.14909647,0.14909647405147552,0.0009035259485244695,0.6023506323496464,-0.00045180772,0.00045172294
-4.3846154,-40.0,1728,1260,0.00045176173,0.14954816,0.1490964,0.14909639954643206,0.0009036004543304388,0.6024003028869592,-0.00045184122,0.00045176173
-4.3846154,-37.5,1727,1259,0.00045178487,0.14954814,0.14909635,0.14909635484218597,0.0009036451578140203,0.6024301052093469,-0.00045186174,0.00045178487
-4.3846154,-35.0,1726,1258,0.00045180556,0.14954814,0.14909634,0.14909633994102478,0.0009036600589752142,0.6024400393168095,-0.00045186764,0.00045180556
-4.3846154,-32.5,1725,1257,0.00045182073,0.14954814,0.14909633,0.1490963250398636,0.000903674960136408,0.6024499734242721,-0.00045186942,0.00045182073
-4.3846154,-30.0,1724,1256,0.00045183575,0.14954814,0.14909631,0.1490963101387024,0.0009036898612976019,0.6024599075317346,-0.00045186418,0.00045183575
-4.3846154,-27.500002,1723,1255,0.00045184646,0.14954814,0.1490963,0.1490962952375412,0.0009037047624587957,0.6024698416391971,-0.00045185798,0.00045184646
-4.3846154,-25.0,1722,1254,0.00045184878,0.14954814,0.1490963,0.1490962952375412,0.0009037047624587957,0.6024698416391971,-0.0004518601,0.00045184878
-4.3846154,-22.499998,1721,1253,0.0004518455,0.14954814,0.1490963,0.1490962952375412,0.0009037047624587957,0.6024698416391971,-0.0004518662,0.0004518455
-4.3846154,-20.0,1720,1252,0.00045184494,0.14954814,0.1490963,0.1490962952375412,0.0009037047624587957,0.6024698416391971,-0.00045186808,0.00045184494
-4.3846154,-17.5,1719,1251,0.000451843,0.14954813,0.14909628,0.14909628033638,0.0009037196636199896,0.6024797757466598,-0.0004518718,0.000451843
-4.3846154,-15.0,1718,1250,0.00045184547,0.14954813,0.14909628,0.14909628033638,0.0009037196636199896,0.6024797757466598,-0.0004518713,0.00045184547
-4.3846154,-12.5,1717,1249,0.00045184672,0.14954814,0.1490963,0.1490962952375412,0.0009037047624587957,0.6024698416391971,-0.00045187,0.00045184672
-4.3846154,-10.0,1716,1248,0.00045185254,0.14954814,0.1490963,0.1490962952375412,0.0009037047624587957,0.6024698416391971,-0.00045186214,0.00045185254
-4.3846154,-7.5,1715,1247,0.0004518546,0.14954814,0.1490963,0.1490962952375412,0.0009037047624587957,0.6024698416391971,-0.00045186185,0.0004518546
-4.3846154,-5.0,1714,1246,0.00045187288,0.14954816,0.14909628,0.14909628033638,0.0009037196636199896,0.6024797757466598,-0.00045184902,0.00045187288
-4.3846154,-2.5,1713,1245,0.00045187914,0.14954816,0.14909628,0.14909628033638,0.0009037196636199896,0.6024797757466598,-0.00045184372,0.00045187914
-4.3846154,0.0,1712,1244,0.00045188854,0.14954817,0.14909628,0.14909628033638,0.0009037196636199896,0.6024797757466598,-0.00045183173,0.00045188854
-4.3846154,2.5,1711,1243,0.00045189375,0.14954817,0.14909628,0.14909628033638,0.0009037196636199896,0.6024797757466598,-0.00045183132,0.00045189375
-4.3846154,5.0,1710,1242,0.0004519039,0.14954819,0.14909628,0.14909628033638,0.0009037196636199896,0.6024797757466598,-0.0004518254,0.0004519039
-4.3846154,7.5,1709,1241,0.00045190565,0.14954817,0.14909627,0.1490962654352188,0.0009037345647811834,0.6024897098541223,-0.00045182672,0.00045190565
-4.3846154,10.0,1708,1240,0.00045190446,0.14954817,0.14909627,0.1490962654352188,0.0009037345647811834,0.6024897098541223,-0.00045183042,0.00045190446
-4.3846154,12.5,1707,1239,0.00045191243,0.14954817,0.14909627,0.1490962654352188,0.0009037345647811834,0.6024897098541223,-0.0004518267,0.00045191243
-4.3846154,15.0,1706,1238,0.0004519335,0.1495482,0.14909627,0.1490962654352188,0.0009037345647811834,0.6024897098541223,-0.00045180853,0.0004519335
-4.3846154,17.5,1705,1237,0.0004519431,0.1495482,0.14909627,0.1490962654352188,0.0009037345647811834,0.6024897098541223,-0.00045180216,0.0004519431
-4.3846154,20.0,1704,1236,0.00045195056,0.1495482,0.14909625,0.14909625053405762,0.0009037494659423773,0.6024996439615848,-0.00045179776,0.00045195056
-4.3846154,22.499998,1703,1235,0.0004519547,0.1495482,0.14909625,0.14909625053405762,0.0009037494659423773,0.6024996439615848,-0.0004517967,0.0004519547
-4.3846154,25.0,1702,1234,0.00045195434,0.1495482,0.14909625,0.14909625053405762,0.0009037494659423773,0.6024996439615848,-0.00045179695,0.00045195434
-4.3846154,27.500002,1701,1233,0.0004519382,0.14954819,0.14909625,0.14909625053405762,0.0009037494659423773,0.6024996439615848,-0.00045181255,0.0004519382
-4.3846154,30.0,1700,1232,0.00045193383,0.14954819,0.14909625,0.14909625053405762,0.0009037494659423773,0.6024996439615848,-0.0004518149,0.00045193383
-4.3846154,32.5,1699,1231,0.00045192396,0.14954819,0.14909627,0.1490962654352188,0.0009037345647811834,0.6024897098541223,-0.00045181817,0.00045192396
-4.3846154,35.0,1698,1230,0.00045191756,0.14954819,0.14909627,0.1490962654352188,0.0009037345647811834,0.6024897098541223,-0.00045181147,0.00045191756
-4.3846154,37.5,1697,1229,0.0004519002,0.1495482,0.1490963,0.1490962952375412,0.0009037047624587957,0.6024698416391971,-0.0004518052,0.0004519002
-4.3846154,40.0,1696,1228,0.00045187253,0.14954822,0.14909634,0.14909633994102478,0.0009036600589752142,0.6024400393168095,-0.00045178915,0.00045187253
-4.3846154,42.5,1695,1227,0.00045183976,0.14954825,0.14909641,0.14909641444683075,0.0009035855531692449,0.6023903687794967,-0.00045175193,0.00045183976
-4.3846154,44.999996,1694,1226,0.0004517958,0.1495483,0.1490965,0.1490965038537979,0.0009034961462020819,0.6023307641347213,-0.000451703,0.0004517958
-4.3846154,47.5,1693,1225,0.0004517403,0.14954837,0.14909662,0.14909662306308746,0.0009033769369125311,0.6022512912750208,-0.00045164148,0.0004517403
-4.3846154,50.0,231,120,0.0004517079,0.1495484,0.14909668,0.14909668266773224,0.0009033173322677557,0.6022115548451705,-0.0004516071,0.0004517079
-4.076923,-50.0,172,77,0.00063781365,0.14936212,0.1487243,0.14872430264949799,0.0012756973505020086,0.8504649003346725,-0.0006378953,0.00063781365
-4.076923,-47.5,1692,1224,0.00063784595,0.14936207,0.14872423,0.14872422814369202,0.0012757718563079778,0.8505145708719852,-0.000637927,0.00063784595
-4.076923,-44.999996,1691,1223,0.0006379037,0.14936203,0.14872412,0.14872412383556366,0.0012758761644363348,0.8505841096242233,-0.0006379827,0.0006379037
-4.076923,-42.5,1690,1222,0.0006379517,0.14936198,0.14872403,0.1487240344285965,0.0012759655714034979,0.8506437142689987,-0.0006380288,0.0006379517
-4.076923,-40.0,1689,1221,0.0006379919,0.14936194,0.14872395,0.14872394502162933,0.001276054978370661,0.850703318913774,-0.0006380621,0.0006379919
-4.076923,-37.5,1688,1220,0.0006380147,0.14936192,0.14872392,0.14872391521930695,0.0012760847806930486,0.8507231871286991,-0.00063808024,0.0006380147
-4.076923,-35.0,1687,1219,0.0006380359,0.14936192,0.14872389,0.14872388541698456,0.0012761145830154363,0.8507430553436243,-0.0006380878,0.0006380359
-4.076923,-32.5,1686,1218,0.0006380534,0.14936191,0.14872386,0.14872385561466217,0.001276144385337824,0.8507629235585494,-0.0006380925,0.0006380534
-4.076923,-30.0,1685,1217,0.0006380691,0.14936192,0.14872386,0.14872385561466217,0.001276144385337824,0.8507629235585494,-0.00063808763,0.0006380691
-4.076923,-27.500002,1684,1216,0.00063807965,0.14936192,0.14872384,0.14872384071350098,0.0012761592864990179,0.850772857666012,-0.0006380786,0.00063807965
-4.076923,-25.0,1683,1215,0.00063808146,0.14936192,0.14872384,0.14872384071350098,0.0012761592864990179,0.850772857666012,-0.000638082,0.00063808146
-4.076923,-22.499998,1682,1214,0.0006380785,0.14936192,0.14872384,0.14872384071350098,0.0012761592864990179,0.850772857666012,-0.000638089,0.0006380785
-4.076923,-20.0,1681,1213,0.00063807936,0.14936191,0.14872383,0.14872382581233978,0.0012761741876602117,0.8507827917734745,-0.0006380906,0.00063807936
-4.076923,-17.5,1680,1212,0.0006380779,0.14936191,0.14872383,0.14872382581233978,0.0012761741876602117,0.8507827917734745,-0.0006380953,0.0006380779
-4.076923,-15.0,1679,1211,0.0006380804,0.14936191,0.14872383,0.14872382581233978,0.0012761741876602117,0.8507827917734745,-0.00063809543,0.0006380804
-4.076923,-12.5,1678,1210,0.0006380788,0.14936191,0.14872383,0.14872382581233978,0.0012761741876602117,0.8507827917734745,-0.0006380943,0.0006380788
-4.076923,-10.0,1677,1209,0.00063808257,0.14936192,0.14872384,0.14872384071350098,0.0012761592864990179,0.850772857666012,-0.000638084,0.00063808257
-4.076923,-7.5,1676,1208,0.00063808565,0.14936192,0.14872384,0.14872384071350098,0.0012761592864990179,0.850772857666012,-0.00063808594,0.00063808565
-4.076923,-5.0,1675,1207,0.0006381082,0.14936192,0.14872381,0.1487238109111786,0.0012761890888214056,0.8507927258809371,-0.00063807727,0.0006381082
-4.076923,-2.5,1674,1206,0.00063811283,0.14936194,0.14872383,0.14872382581233978,0.0012761741876602117,0.8507827917734745,-0.0006380718,0.00063811283
-4.076923,0.0,1673,1205,0.0006381174,0.14936195,0.14872384,0.148723840713501,0.0012761592864990179,0.850772857666012,-0.0006380558,0.0006381174
-4.076923,2.5,1672,1204,0.00063812174,0.14936195,0.14872383,0.14872382581233978,0.0012761741876602117,0.8507827917734745,-0.00063805707,0.00063812174
-4.076923,5.0,1671,1203,0.0006381335,0.14936195,0.14872383,0.14872382581233978,0.0012761741876602117,0.8507827917734745,-0.0006380525,0.0006381335
-4.076923,7.5,1670,1202,0.00063813373,0.14936195,0.14872383,0.14872382581233978,0.0012761741876602117,0.8507827917734745,-0.0006380556,0.00063813373
-4.076923,10.0,1669,1201,0.0006381313,0.14936195,0.14872383,0.14872382581233978,0.0012761741876602117,0.8507827917734745,-0.0006380591,0.0006381313
-4.076923,12.5,1668,1200,0.0006381378,0.14936195,0.14872381,0.1487238109111786,0.0012761890888214056,0.8507927258809371,-0.00063805614,0.0006381378
-4.076923,15.0,1667,1199,0.00063815847,0.14936197,0.14872381,0.1487238109111786,0.0012761890888214056,0.8507927258809371,-0.0006380361,0.00063815847
-4.076923,17.5,1666,1198,0.0006381672,0.14936198,0.14872381,0.1487238109111786,0.0012761890888214056,0.8507927258809371,-0.00063802965,0.0006381672
-4.076923,20.0,1665,1197,0.0006381743,0.14936198,0.14872381,0.1487238109111786,0.0012761890888214056,0.8507927258809371,-0.0006380262,0.0006381743
-4.076923,22.499998,1664,1196,0.00063817814,0.14936198,0.14872381,0.1487238109111786,0.0012761890888214056,0.8507927258809371,-0.0006380256,0.00063817814
-4.076923,25.0,1663,1195,0.0006381752,0.14936198,0.14872381,0.1487238109111786,0.0012761890888214056,0.8507927258809371,-0.00063802407,0.0006381752
-4.076923,27.500002,1662,1194,0.0006381572,0.14936197,0.14872381,0.1487238109111786,0.0012761890888214056,0.8507927258809371,-0.00063803914,0.0006381572
-4.076923,30.0,1661,1193,0.00063815346,0.14936197,0.14872381,0.1487238109111786,0.0012761890888214056,0.8507927258809371,-0.00063804135,0.00063815346
-4.076923,32.5,1660,1192,0.0006381426,0.14936195,0.14872381,0.1487238109111786,0.0012761890888214056,0.8507927258809371,-0.0006380455,0.0006381426
-4.076923,35.0,1659,1191,0.0006381345,0.14936197,0.14872384,0.14872384071350098,0.0012761592864990179,0.850772857666012,-0.0006380385,0.0006381345
-4.076923,37.5,1658,1190,0.0006381169,0.14936197,0.14872386,0.14872385561466217,0.001276144385337824,0.8507629235585494,-0.00063803146,0.0006381169
-4.076923,40.0,1657,1189,0.0006380869,0.149362,0.14872392,0.14872391521930695,0.0012760847806930486,0.8507231871286991,-0.0006380151,0.0006380869
-4.076923,42.5,1656,1188,0.00063805224,0.14936203,0.14872397,0.14872397482395172,0.0012760251760482733,0.8506834506988489,-0.0006379772,0.00063805224
-4.076923,44.999996,1655,1187,0.0006380077,0.14936207,0.14872406,0.14872406423091888,0.0012759357690811102,0.8506238460540735,-0.00063792773,0.0006380077
-4.076923,47.5,1654,1186,0.00063795474,0.14936213,0.14872418,0.14872418344020844,0.0012758165597915594,0.8505443731943729,-0.0006378699,0.00063795474
-4.076923,50.0,230,121,0.00063792453,0.14936216,0.14872424,0.1487242430448532,0.001275756955146784,0.8505046367645227,-0.0006378386,0.00063792453
-3.7692306,-50.0,173,76,0.00084254495,0.1491574,0.14831486,0.14831486344337463,0.0016851365566253607,1.1234243710835738,-0.00084260287,0.00084254495
-3.7692306,-47.5,1653,1185,0.0008425756,0.14915738,0.1483148,0.14831480383892148,0.001685196161270136,1.1234641075134242,-0.0008426347,0.0008425756
-3.7692306,-44.999996,1652,1184,0.0008426313,0.14915732,0.14831468,0.1483146846294403,0.0016853153705596868,1.1235435803731246,-0.00084268907,0.0008426313
-3.7692306,-42.5,1651,1183,0.00084267854,0.14915727,0.1483146,0.14831459522247314,0.00168540477752685,1.1236031850179,-0.0008427337,0.00084267854
-3.7692306,-40.0,1650,1182,0.0008427182,0.14915724,0.14831452,0.14831452071666718,0.0016854792833328192,1.1236528555552128,-0.00084276556,0.0008427182
-3.7692306,-37.5,1649,1181,0.00084273674,0.14915723,0.14831449,0.1483144909143448,0.0016855090856552069,1.123672723770138,-0.0008427784,0.00084273674
-3.7692306,-35.0,1648,1180,0.000842758,0.14915721,0.14831445,0.1483144462108612,0.0016855537891387884,1.1237025260925257,-0.0008427881,0.000842758
-3.7692306,-32.5,1647,1179,0.00084277976,0.14915721,0.14831443,0.1483144313097,0.0016855686902999822,1.1237124601999882,-0.00084279856,0.00084277976
-3.7692306,-30.0,1646,1178,0.000842795,0.14915721,0.14831442,0.14831441640853882,0.001685583591461176,1.1237223943074508,-0.00084279425,0.000842795
-3.7692306,-27.500002,1645,1177,0.0008428018,0.14915723,0.14831443,0.1483144313097,0.0016855686902999822,1.1237124601999882,-0.00084277923,0.0008428018
-3.7692306,-25.0,1644,1176,0.00084280194,0.14915723,0.14831443,0.1483144313097,0.0016855686902999822,1.1237124601999882,-0.000842782,0.00084280194
-3.7692306,-22.499998,1643,1175,0.0008427999,0.14915721,0.14831442,0.14831441640873044,0.001685583591461176,1.1237223943074508,-0.00084278936,0.0008427999
-3.7692306,-20.0,1642,1174,0.0008428022,0.14915721,0.14831442,0.14831441640873044,0.001685583591461176,1.1237223943074508,-0.0008427905,0.0008428022
-3.7692306,-17.5,1641,1173,0.0008428016,0.14915721,0.14831442,0.14831441640853882,0.001685583591461176,1.1237223943074508,-0.00084279635,0.0008428016
-3.7692306,-15.0,1640,1172,0.0008428025,0.14915721,0.1483144,0.14831440150737762,0.00168559849262237,1.1237323284149134,-0.0008427961,0.0008428025
-3.7692306,-12.5,1639,1171,0.00084279414,0.14915721,0.14831442,0.14831441640853882,0.001685583591461176,1.1237223943074508,-0.0008427915,0.00084279414
-3.7692306,-10.0,1638,1170,0.0008427924,0.14915723,0.14831443,0.1483144313097,0.0016855686902999822,1.1237124601999882,-0.0008427751,0.0008427924
-3.7692306,-7.5,1637,1169,0.0008427993,0.14915723,0.14831443,0.1483144313097,0.0016855686902999822,1.1237124601999882,-0.0008427811,0.0008427993
-3.7692306,-5.0,1636,1168,0.0008428319,0.14915723,0.1483144,0.14831440150737762,0.00168559849262237,1.1237323284149134,-0.0008427822,0.0008428319
-3.7692306,-2.5,1635,1167,0.00084283546,0.14915723,0.14831439,0.14831438660621643,0.0016856133937835638,1.1237422625223759,-0.0008427749,0.00084283546
-3.7692306,0.0,1634,1166,0.00084283005,0.14915726,0.14831443,0.1483144313098917,0.0016855686902999822,1.1237124601999882,-0.0008427484,0.00084283005
-3.7692306,2.5,1633,1165,0.00084283174,0.14915726,0.14831443,0.1483144313097,0.0016855686902999822,1.1237124601999882,-0.0008427512,0.00084283174
-3.7692306,5.0,1632,1164,0.00084284606,0.14915726,0.14831442,0.14831441640853882,0.001685583591461176,1.1237223943074508,-0.00084275036,0.00084284606
-3.7692306,7.5,1631,1163,0.0008428457,0.14915726,0.14831442,0.14831441640853882,0.001685583591461176,1.1237223943074508,-0.0008427567,0.0008428457
-3.7692306,10.0,1630,1162,0.0008428416,0.14915724,0.1483144,0.14831440150737762,0.00168559849262237,1.1237323284149134,-0.0008427602,0.0008428416
-3.7692306,12.5,1629,1161,0.00084284664,0.14915724,0.1483144,0.14831440150737762,0.00168559849262237,1.1237323284149134,-0.00084275793,0.00084284664
-3.7692306,15.0,1628,1160,0.0008428659,0.14915727,0.1483144,0.14831440150737762,0.00168559849262237,1.1237323284149134,-0.00084273564,0.0008428659
-3.7692306,17.5,1627,1159,0.00084287394,0.14915727,0.1483144,0.14831440150737762,0.00168559849262237,1.1237323284149134,-0.00084272964,0.00084287394
-3.7692306,20.0,1626,1158,0.00084288145,0.14915727,0.14831439,0.14831438660621643,0.0016856133937835638,1.1237422625223759,-0.00084272947,0.00084288145
-3.7692306,22.499998,1625,1157,0.0008428857,0.14915727,0.14831439,0.14831438660621643,0.0016856133937835638,1.1237422625223759,-0.00084273,0.0008428857
-3.7692306,25.0,1624,1156,0.00084287865,0.14915729,0.1483144,0.14831440150737762,0.00168559849262237,1.1237323284149134,-0.0008427246,0.00084287865
-3.7692306,27.500002,1623,1155,0.00084285834,0.14915727,0.14831442,0.14831441640853882,0.001685583591461176,1.1237223943074508,-0.00084273814,0.00084285834
-3.7692306,30.0,1622,1154,0.00084285677,0.14915727,0.14831442,0.14831441640853882,0.001685583591461176,1.1237223943074508,-0.00084274245,0.00084285677
-3.7692306,32.5,1621,1153,0.00084284705,0.14915726,0.1483144,0.14831440150737762,0.00168559849262237,1.1237323284149134,-0.0008427502,0.00084284705
-3.7692306,35.0,1620,1152,0.0008428386,0.14915726,0.14831442,0.14831441640853882,0.001685583591461176,1.1237223943074508,-0.0008427443,0.0008428386
-3.7692306,37.5,1619,1151,0.00084282283,0.14915727,0.14831445,0.14831444621105283,0.0016855537891387884,1.1237025260925257,-0.0008427371,0.00084282283
-3.7692306,40.0,1618,1150,0.0008427909,0.14915729,0.14831449,0.1483144909143448,0.0016855090856552069,1.123672723770138,-0.00084272004,0.0008427909
-3.7692306,42.5,1617,1149,0.0008427526,0.14915733,0.14831458,0.14831458032131195,0.0016854196786880438,1.1236131191253627,-0.00084268086,0.0008427526
-3.7692306,44.999996,1616,1148,0.0008427071,0.14915738,0.14831467,0.1483146697282791,0.0016853302717208807,1.1235535144805873,-0.0008426306,0.0008427071
-3.7692306,47.5,1615,1147,0.0008426577,0.14915743,0.14831477,0.14831477403640747,0.0016852259635925237,1.1234839757283492,-0.00084257644,0.0008426577
-3.7692306,50.0,229,122,0.0008426297,0.14915746,0.14831483,0.14831483364105225,0.0016851663589477484,1.123444239298499,-0.00084254803,0.0008426297
-3.4615386,-50.0,174,75,0.001064587,0.14893542,0.14787084,0.14787083864231257,0.002129161357879633,1.4194409052530887,-0.0010645894,0.001064587
-3.4615386,-47.5,1614,1146,0.0010646201,0.14893538,0.14787076,0.1478707641363144,0.0021292358636856024,1.4194905757904017,-0.001064623,0.0010646201
-3.4615386,-44.999996,1613,1145,0.0010646745,0.14893533,0.14787066,0.14787065982837824,0.0021293401718139593,1.4195601145426395,-0.0010646762,0.0010646745
-3.4615386,-42.5,1612,1144,0.0010647147,0.14893529,0.14787057,0.14787057042121887,0.0021294295787811224,1.419619719187415,-0.0010647164,0.0010647147
-3.4615386,-40.0,1611,1143,0.0010647464,0.14893526,0.14787051,0.1478705108165741,0.0021294891834258978,1.4196594556172653,-0.0010647447,0.0010647464
-3.4615386,-37.5,1610,1142,0.0010647498,0.14893526,0.14787051,0.1478705108165741,0.0021294891834258978,1.4196594556172653,-0.0010647484,0.0010647498
-3.4615386,-35.0,1609,1141,0.0010647691,0.14893524,0.14787048,0.1478704810142517,0.0021295189857482855,1.4196793238321903,-0.0010647625,0.0010647691
-3.4615386,-32.5,1608,1140,0.001064798,0.14893521,0.14787042,0.14787042140960693,0.002129578590393061,1.4197190602620406,-0.0010647866,0.001064798
-3.4615386,-30.0,1607,1139,0.0010648087,0.14893521,0.1478704,0.14787040650844574,0.0021295934915542547,1.4197289943695033,-0.0010647867,0.0010648087
-3.4615386,-27.500002,1606,1138,0.0010648039,0.14893524,0.14787044,0.14787043631076813,0.002129563689231867,1.419709126154578,-0.0010647591,0.0010648039
-3.4615386,-25.0,1605,1137,0.0010647995,0.14893524,0.14787045,0.14787045121192932,0.002129548788070673,1.4196991920471156,-0.0010647557,0.0010647995
-3.4615386,-22.499998,1604,1136,0.0010648017,0.14893524,0.14787044,0.14787043631096033,0.002129563689231867,1.419709126154578,-0.001064759,0.0010648017
-3.4615386,-20.0,1603,1135,0.0010648043,0.14893524,0.14787044,0.14787043631096033,0.002129563689231867,1.419709126154578,-0.0010647572,0.0010648043
-3.4615386,-17.5,1602,1134,0.0010648016,0.14893524,0.14787044,0.14787043631076813,0.002129563689231867,1.419709126154578,-0.0010647606,0.0010648016
-3.4615386,-15.0,1601,1133,0.0010647954,0.14893526,0.14787047,0.14787046611309052,0.0021295338869094793,1.419689257939653,-0.001064754,0.0010647954
-3.4615386,-12.5,1600,1132,0.0010647719,0.14893527,0.1478705,0.1478704959154129,0.0021295040845870916,1.419669389724728,-0.0010647376,0.0010647719
-3.4615386,-10.0,1599,1131,0.0010647599,0.1489353,0.14787054,0.14787054061889648,0.00212945938110351,1.4196395874023402,-0.0010647055,0.0010647599
-3.4615386,-7.5,1598,1130,0.0010647789,0.14893529,0.14787051,0.1478705108165741,0.0021294891834258978,1.4196594556172653,-0.0010647157,0.0010647789
-3.4615386,-5.0,1597,1129,0.0010648331,0.14893526,0.14787042,0.14787042140960693,0.002129578590393061,1.4197190602620406,-0.0010647414,0.0010648331
-3.4615386,-2.5,1596,1128,0.0010648373,0.14893527,0.14787044,0.14787043631076813,0.002129563689231867,1.419709126154578,-0.0010647314,0.0010648373
-3.4615386,0.0,1595,1127,0.0010648117,0.14893533,0.14787053,0.14787052571773535,0.002129474282264704,1.4196495215098026,-0.0010646789,0.0010648117
-3.4615386,2.5,1594,1126,0.0010648086,0.14893532,0.14787051,0.1478705108167663,0.0021294891834258978,1.4196594556172653,-0.0010646817,0.0010648086
-3.4615386,5.0,1593,1125,0.0010648287,0.14893532,0.1478705,0.1478704959154129,0.0021295040845870916,1.419669389724728,-0.0010646897,0.0010648287
-3.4615386,7.5,1592,1124,0.0010648285,0.1489353,0.14787048,0.1478704810142517,0.0021295189857482855,1.4196793238321903,-0.0010647004,0.0010648285
-3.4615386,10.0,1591,1123,0.0010648228,0.1489353,0.14787048,0.14787048101444392,0.0021295189857482855,1.4196793238321903,-0.0010647044,0.0010648228
-3.4615386,12.5,1590,1122,0.0010648271,0.1489353,0.14787048,0.1478704810142517,0.0021295189857482855,1.4196793238321903,-0.0010647068,0.0010648271
-3.4615386,15.0,1589,1121,0.0010648423,0.14893532,0.14787048,0.1478704810142517,0.0021295189857482855,1.4196793238321903,-0.0010646845,0.0010648423
-3.4615386,17.5,1588,1120,0.001064849,0.14893532,0.14787047,0.14787046611309052,0.0021295338869094793,1.419689257939653,-0.0010646832,0.001064849
-3.4615386,20.0,1587,1119,0.0010648579,0.14893532,0.14787047,0.14787046611309052,0.0021295338869094793,1.419689257939653,-0.0010646945,0.0010648579
-3.4615386,22.499998,1586,1118,0.0010648655,0.1489353,0.14787044,0.14787043631076813,0.002129563689231867,1.419709126154578,-0.0010646973,0.0010648655
-3.4615386,25.0,1585,1117,0.0010648521,0.14893533,0.14787048,0.1478704810142517,0.0021295189857482855,1.4196793238321903,-0.0010646804,0.0010648521
-3.4615386,27.500002,1584,1116,0.0010648293,0.14893532,0.1478705,0.1478704959154129,0.0021295040845870916,1.419669389724728,-0.0010646909,0.0010648293
-3.4615386,30.0,1583,1115,0.0010648333,0.1489353,0.14787047,0.14787046611309052,0.0021295338869094793,1.419689257939653,-0.0010647048,0.0010648333
-3.4615386,32.5,1582,1114,0.0010648298,0.14893527,0.14787044,0.14787043631076813,0.002129563689231867,1.419709126154578,-0.0010647253,0.0010648298
-3.4615386,35.0,1581,1113,0.0010648238,0.14893529,0.14787047,0.14787046611309052,0.0021295338869094793,1.419689257939653,-0.0010647238,0.0010648238
-3.4615386,37.5,1580,1112,0.0010648166,0.14893529,0.14787047,0.14787046611309052,0.0021295338869094793,1.419689257939653,-0.0010647161,0.0010648166
-3.4615386,40.0,1579,1111,0.0010647846,0.1489353,0.14787053,0.1478705257177353,0.002129474282264704,1.4196495215098026,-0.0010646961,0.0010647846
-3.4615386,42.5,1578,1110,0.0010647379,0.14893535,0.14787062,0.14787061512489466,0.002129384875297541,1.4195899168650272,-0.0010646529,0.0010647379
-3.4615386,44.999996,1577,1109,0.0010646892,0.1489354,0.14787072,0.1478707194328308,0.002129280567169184,1.4195203781127894,-0.0010645983,0.0010646892
-3.4615386,47.5,1576,1108,0.0010646459,0.14893547,0.14787082,0.14787082374095917,0.002129176259040827,1.4194508393605514,-0.0010645434,0.0010646459
-3.4615386,50.0,228,123,0.0010646208,0.1489355,0.14787088,0.14787088334560394,0.0021291166543960516,1.419411102930701,-0.0010645156,0.0010646208
-3.1538465,-50.0,175,74,0.0015571947,0.1484428,0.1468856,0.14688560366649903,0.0031143963336944525,2.0762642224629686,-0.0015571972,0.0015571947
-3.1538465,-47.5,1575,1107,0.0015572009,0.14844278,0.14688557,0.14688557386417664,0.00311442613601684,2.0762840906778934,-0.0015572294,0.0015572009
-3.1538465,-44.999996,1574,1106,0.0015572556,0.14844272,0.14688545,0.1468854546554676,0.003114545345306391,2.076363563537594,-0.001557298,0.0015572556
-3.1538465,-42.5,1573,1105,0.0015572814,0.14844267,0.1468854,0.14688539505004883,0.0031146049499511663,2.076403299967444,-0.0015573304,0.0015572814
-3.1538465,-40.0,1572,1104,0.0015573278,0.14844267,0.14688534,0.14688533544540405,0.0031146645545959417,2.0764430363972948,-0.001557334,0.0015573278
-3.1538465,-37.5,1571,1103,0.0015573606,0.14844276,0.1468854,0.1468853950502423,0.0031146049499511663,2.076403299967444,-0.0015572496,0.0015573606
-3.1538465,-35.0,1570,1102,0.0015573999,0.1484428,0.14688541,0.14688540995121002,0.0031145900487899725,2.076393365859982,-0.0015572014,0.0015573999
-3.1538465,-32.5,1569,1101,0.0015574632,0.14844282,0.14688535,0.14688535034656525,0.003114649653434748,2.076433102289832,-0.0015571797,0.0015574632
-3.1538465,-30.0,1568,1100,0.0015574803,0.14844285,0.14688537,0.14688536524850043,0.003114634752273554,2.0764231681823695,-0.0015571614,0.0015574803
-3.1538465,-27.500002,1567,1099,0.001557469,0.14844288,0.14688541,0.14688540995198401,0.0031145900487899725,2.076393365859982,-0.0015571264,0.001557469
-3.1538465,-25.0,1566,1098,0.001557431,0.14844283,0.14688541,0.1468854099514035,0.0031145900487899725,2.076393365859982,-0.0015571747,0.001557431
-3.1538465,-22.499998,1565,1097,0.0015574091,0.14844279,0.14688538,0.14688538014908112,0.00311461985111236,2.076413234074907,-0.0015572145,0.0015574091
-3.1538465,-20.0,1564,1096,0.0015574122,0.14844276,0.14688535,0.14688535034656525,0.003114649653434748,2.076433102289832,-0.0015572445,0.0015574122
-3.1538465,-17.5,1563,1095,0.0015574088,0.14844276,0.14688535,0.14688535034656525,0.003114649653434748,2.076433102289832,-0.0015572456,0.0015574088
-3.1538465,-15.0,1562,1094,0.0015573727,0.14844279,0.14688541,0.1468854099514035,0.0031145900487899725,2.076393365859982,-0.0015572214,0.0015573727
-3.1538465,-12.5,1561,1093,0.001557298,0.14844286,0.14688557,0.14688557386475715,0.00311442613601684,2.0762840906778934,-0.0015571432,0.001557298
-3.1538465,-10.0,1560,1092,0.0015572673,0.14844291,0.14688565,0.1468856483699826,0.003114351630210871,2.076234420140581,-0.0015570938,0.0015572673
-3.1538465,-7.5,1559,1091,0.0015573384,0.14844282,0.14688548,0.146885484457016,0.0031145155429840032,2.076343695322669,-0.0015571917,0.0015573384
-3.1538465,-5.0,1558,1090,0.0015574277,0.14844272,0.14688529,0.14688529074211396,0.0031147092580795233,2.0764728387196825,-0.0015572894,0.0015574277
-3.1538465,-2.5,1557,1089,0.0015573947,0.14844275,0.14688535,0.14688535034675873,0.003114649653434748,2.076433102289832,-0.001557267,0.0015573947
-3.1538465,0.0,1556,1088,0.0015572824,0.14844291,0.14688563,0.1468856334688215,0.0031143665313720648,2.0762443542480433,-0.0015571028,0.0015572824
-3.1538465,2.5,1555,1087,0.0015572209,0.14844292,0.14688571,0.1468857079752079,0.0031142920255660955,2.0761946837107303,-0.001557082,0.0015572209
-3.1538465,5.0,1554,1086,0.001557241,0.1484429,0.14688565,0.1468856483699826,0.003114351630210871,2.076234420140581,-0.0015571179,0.001557241
-3.1538465,7.5,1553,1085,0.0015572683,0.14844283,0.14688556,0.14688555896301544,0.003114441037178034,2.0762940247853563,-0.001557176,0.0015572683
-3.1538465,10.0,1552,1084,0.0015572665,0.1484428,0.14688554,0.14688554406185425,0.003114455938339228,2.0763039588928187,-0.0015572003,0.0015572665
-3.1538465,12.5,1551,1083,0.0015572852,0.14844282,0.14688553,0.14688552916049957,0.0031144708395004217,2.076313893000281,-0.0015571811,0.0015572852
-3.1538465,15.0,1550,1082,0.0015573045,0.14844292,0.14688562,0.14688561856746674,0.0031143814325332586,2.0762542883555057,-0.001557086,0.0015573045
-3.1538465,17.5,1549,1081,0.0015573219,0.14844297,0.14688565,0.1468856483699826,0.003114351630210871,2.076234420140581,-0.001557032,0.0015573219
-3.1538465,20.0,1548,1080,0.0015573311,0.14844297,0.14688563,0.14688563346862793,0.0031143665313720648,2.0762443542480433,-0.0015570355,0.0015573311
-3.1538465,22.499998,1547,1079,0.0015573227,0.14844297,0.14688565,0.1468856483699826,0.003114351630210871,2.076234420140581,-0.0015570327,0.0015573227
-3.1538465,25.0,1546,1078,0.0015572795,0.148443,0.14688572,0.14688572287578858,0.0031142771244049017,2.076184749603268,-0.0015570004,0.0015572795
-3.1538465,27.500002,1545,1077,0.0015572103,0.14844298,0.14688577,0.14688576757927216,0.00311423242092132,2.0761549472808802,-0.0015570164,0.0015572103
-3.1538465,30.0,1544,1076,0.001557195,0.14844298,0.14688578,0.14688578248043335,0.0031142175197601263,2.076145013173418,-0.0015570197,0.001557195
-3.1538465,32.5,1543,1075,0.0015571831,0.14844297,0.14688578,0.14688578248023987,0.0031142175197601263,2.076145013173418,-0.0015570301,0.0015571831
-3.1538465,35.0,1542,1074,0.0015571733,0.14844295,0.14688578,0.14688578248043335,0.0031142175197601263,2.076145013173418,-0.001557046,0.0015571733
-3.1538465,37.5,1541,1073,0.001557151,0.14844294,0.14688578,0.14688578248023987,0.0031142175197601263,2.076145013173418,-0.0015570716,0.001557151
-3.1538465,40.0,1540,1072,0.0015571074,0.14844291,0.1468858,0.14688579738140106,0.0031142026185989324,2.076135079065955,-0.0015570909,0.0015571074
-3.1538465,42.5,1539,1071,0.00155707,0.14844292,0.14688586,0.14688585698681983,0.003114143013954157,2.076095342636105,-0.0015570783,0.00155707
-3.1538465,44.999996,1538,1070,0.0015570181,0.14844294,0.14688592,0.1468859165906906,0.0031140834093093817,2.0760556062062547,-0.00155707,0.0015570181
-3.1538465,47.5,1537,1069,0.0015569725,0.14844295,0.14688598,0.14688597619610938,0.0031140238046646063,2.076015869776404,-0.0015570592,0.0015569725
-3.1538465,50.0,227,124,0.0015569492,0.14844295,0.146886,0.14688600599785126,0.0031139940023422186,2.0759960015614793,-0.001557045,0.0015569492
-2.8461535,-50.0,176,73,0.002335154,0.14766443,0.14532927,0.14532926678677088,0.004670733213424677,3.113822142283118,-0.0023355738,0.002335154
-2.8461535,-47.5,1536,1068,0.002335313,0.14766438,0.14532907,0.14532907307167536,0.004670926928520197,3.1139512856801317,-0.0023356166,0.002335313
-2.8461535,-44.999996,1535,1067,0.0023355898,0.14766435,0.14532876,0.1453287601472903,0.004671239852905268,3.1141599019368456,-0.0023356536,0.0023355898
-2.8461535,-42.5,1534,1066,0.0023356508,0.14766434,0.14532869,0.14532868564128876,0.004671314358711237,3.114209572474158,-0.002335671,0.0023356508
-2.8461535,-40.0,1533,1065,0.002335548,0.1476644,0.14532885,0.14532884955425746,0.004671150445938105,3.11410029729207,-0.0023356096,0.002335548
-2.8461535,-37.5,1532,1064,0.0023353072,0.1476645,0.14532919,0.14532919228076935,0.004670807719230646,3.113871812820431,-0.0023355098,0.0023353072
-2.8461535,-35.0,1531,1063,0.0023353097,0.1476644,0.14532909,0.145329087972641,0.004670912027359003,3.113941351572669,-0.0023356054,0.0023353097
-2.8461535,-32.5,1530,1062,0.002335399,0.14766392,0.14532852,0.1453285217287112,0.0046714782714843694,3.1143188476562464,-0.0023360811,0.002335399
-2.8461535,-30.0,1529,1061,0.0023354858,0.14766386,0.14532837,0.14532837271709925,0.004671627283096308,3.114418188730872,-0.0023361451,0.0023354858
-2.8461535,-27.500002,1528,1060,0.0023354443,0.14766432,0.14532888,0.14532887935657984,0.004671120643615717,3.114080429077145,-0.0023356876,0.0023354443
-2.8461535,-25.0,1527,1059,0.0023353908,0.14766444,0.14532906,0.14532905817110087,0.004670941829681391,3.113961219787594,-0.0023355596,0.0023353908
-2.8461535,-22.499998,1526,1058,0.0023353724,0.14766441,0.14532904,0.14532904326935298,0.004670956730842585,3.1139711538950565,-0.0023355898,0.0023353724
-2.8461535,-20.0,1525,1057,0.0023353654,0.14766437,0.145329,0.14532899856567383,0.004671001434326166,3.114000956217444,-0.002335642,0.0023353654
-2.8461535,-17.5,1524,1056,0.0023353552,0.1476644,0.14532904,0.1453290432691574,0.004670956730842585,3.1139711538950565,-0.0023356099,0.0023353552
-2.8461535,-15.0,1523,1055,0.0023352928,0.1476645,0.1453292,0.14532920718193054,0.0046707928180694525,3.1138618787129686,-0.0023355028,0.0023352928
-2.8461535,-12.5,1522,1054,0.0023351624,0.14766468,0.14532952,0.14532952010651118,0.004670479893684382,3.1136532624562547,-0.0023353319,0.0023351624
-2.8461535,-10.0,1521,1053,0.0023352623,0.14766452,0.14532925,0.14532925188541412,0.004670748114585871,3.113832076390581,-0.0023354853,0.0023352623
-2.8461535,-7.5,1520,1052,0.0023357184,0.14766397,0.14532825,0.1453282535083964,0.004671746492385859,3.1144976615905726,-0.0023360332,0.0023357184
-2.8461535,-5.0,1519,1051,0.00233615,0.14766344,0.1453273,0.14532729983329773,0.004672700166702265,3.1151334444681766,-0.0023365666,0.00233615
-2.8461535,-2.5,1518,1050,0.0023361824,0.14766356,0.14532737,0.145327374339886,0.004672625660896296,3.115083773930864,-0.002336446,0.0023361824
-2.8461535,0.0,1517,1049,0.0023358956,0.14766422,0.14532833,0.1453283280142024,0.0046716719865798895,3.1144479910532596,-0.0023357845,0.0023358956
-2.8461535,2.5,1516,1048,0.0023355258,0.14766458,0.14532906,0.14532905817110087,0.004670941829681391,3.113961219787594,-0.0023354217,0.0023355258
-2.8461535,5.0,1515,1047,0.0023353978,0.14766465,0.14532925,0.1453292518856097,0.004670748114585871,3.113832076390581,-0.0023353593,0.0023353978
-2.8461535,7.5,1514,1046,0.0023354325,0.14766456,0.14532913,0.14532913267612457,0.004670867323875422,3.113911549250281,-0.0023354457,0.0023354325
-2.8461535,10.0,1513,1045,0.0023353887,0.14766455,0.14532916,0.14532916247864253,0.004670837521553034,3.1138916810353563,-0.0023354562,0.0023353887
-2.8461535,12.5,1512,1044,0.0023353652,0.14766462,0.14532925,0.1453292518856097,0.004670748114585871,3.113832076390581,-0.0023353866,0.0023353652
-2.8461535,15.0,1511,1043,0.0023352997,0.14766471,0.14532942,0.14532941579818726,0.004670584201812739,3.1137228012084925,-0.0023352988,0.0023352997
-2.8461535,17.5,1510,1042,0.0023353244,0.14766452,0.14532919,0.14532919228096491,0.004670807719230646,3.113871812820431,-0.0023354923,0.0023353244
-2.8461535,20.0,1509,1041,0.002335424,0.14766401,0.14532858,0.14532858133335597,0.004671418666839594,3.1142791112263963,-0.002335994,0.002335424
-2.8461535,22.499998,1508,1040,0.0023356876,0.14766406,0.14532837,0.14532837271768595,0.004671627283096308,3.114418188730872,-0.0023359559,0.0023356876
-2.8461535,25.0,1507,1039,0.0023356054,0.14766456,0.14532895,0.1453289538623858,0.004671046137809748,3.114030758539832,-0.0023354378,0.0023356054
-2.8461535,27.500002,1506,1038,0.002335235,0.14766476,0.14532952,0.14532952010651118,0.004670479893684382,3.1136532624562547,-0.0023352476,0.002335235
-2.8461535,30.0,1505,1037,0.002335061,0.14766476,0.1453297,0.14532969892024994,0.0046703010797500555,3.113534053166704,-0.0023352532,0.002335061
-2.8461535,32.5,1504,1036,0.0023350418,0.14766477,0.14532973,0.14532972872257233,0.004670271277427668,3.1135141849517787,-0.002335239,0.0023350418
-2.8461535,35.0,1503,1035,0.0023350709,0.14766476,0.14532968,0.1453296840192843,0.004670315980911249,3.1135439872741664,-0.002335252,0.0023350709
-2.8461535,37.5,1502,1034,0.0023350313,0.14766471,0.14532968,0.14532968401908875,0.004670315980911249,3.1135439872741664,-0.0023352967,0.0023350313
-2.8461535,40.0,1501,1033,0.0023349617,0.14766473,0.14532976,0.14532975852567698,0.00467024147510528,3.1134943167368534,-0.0023352858,0.0023349617
-2.8461535,42.5,1500,1032,0.0023348664,0.14766483,0.14532997,0.145329967141347,0.004670032858848566,3.113355239232378,-0.002335179,0.0023348664
-2.8461535,44.999996,1499,1031,0.0023348005,0.14766486,0.14533006,0.14533005654831416,0.004669943451881403,3.1132956345876024,-0.0023351507,0.0023348005
-2.8461535,47.5,1498,1030,0.0023348748,0.14766483,0.14532995,0.1453299522407725,0.00467004776000976,3.11336517333984,-0.0023351712,0.0023348748
-2.8461535,50.0,226,125,0.0023349477,0.14766482,0.14532986,0.14532986283380533,0.004670137166976923,3.1134247779846156,-0.0023351936,0.0023349477
-2.5384614,-50.0,177,72,0.003324385,0.14667693,0.14335254,0.14335253834902864,0.006647461652755732,4.431641101837155,-0.0033230814,0.003324385
-2.5384614,-47.5,1497,1029,0.0033250316,0.14667684,0.14335181,0.14335180819113882,0.00664819180965423,4.43212787310282,-0.0033231606,0.0033250316
-2.5384614,-44.999996,1496,1028,0.003326241,0.14667676,0.14335053,0.14335052669068135,0.006649473309516901,4.432982206344601,-0.0033232486,0.003326241
-2.5384614,-42.5,1495,1027,0.0033263825,0.14667673,0.14335035,0.14335034787674703,0.006649652123451227,4.433101415634152,-0.0033232728,0.0033263825
-2.5384614,-40.0,1494,1026,0.0033252465,0.14667669,0.14335144,0.14335143566131592,0.0066485643386840765,4.432376225789385,-0.0033233156,0.0033252465
-2.5384614,-37.5,1493,1025,0.0033233229,0.1466766,0.14335328,0.14335328340530396,0.006646716594696039,4.431144396464026,-0.0033234041,0.0033233229
-2.5384614,-35.0,1492,1024,0.0033223256,0.14667508,0.14335275,0.14335274696350098,0.006647253036499018,4.431502024332678,-0.003324925,0.0033223256
-2.5384614,-32.5,1491,1023,0.003322199,0.14667256,0.14335036,0.14335036277850302,0.0066496372222900335,4.43309148152669,-0.0033274372,0.003322199
-2.5384614,-30.0,1490,1022,0.0033221405,0.14667234,0.1433502,0.1433501988651351,0.006649801135063166,4.433200756708777,-0.003327661,0.0033221405
-2.5384614,-27.500002,1489,1021,0.0033219606,0.14667493,0.14335297,0.14335297048111714,0.00664702951908111,4.43135301272074,-0.0033250817,0.0033219606
-2.5384614,-25.0,1488,1020,0.003321796,0.14667672,0.14335492,0.14335492253323354,0.006645077466964716,4.430051644643145,-0.0033232803,0.003321796
-2.5384614,-22.499998,1487,1019,0.003321701,0.14667745,0.14335574,0.1433557420970992,0.0066442579030990545,4.429505268732703,-0.0033225596,0.003321701
-2.5384614,-20.0,1486,1018,0.0033217329,0.14667752,0.14335579,0.14335578680038452,0.006644213199615473,4.429475466410315,-0.0033224847,0.0033217329
-2.5384614,-17.5,1485,1017,0.0033219564,0.1466775,0.14335553,0.14335553348064423,0.006644466519355768,4.429644346237179,-0.0033225117,0.0033219564
-2.5384614,-15.0,1484,1016,0.0033219731,0.14667748,0.1433555,0.1433555036785201,0.006644496321678156,4.429664214452105,-0.0033225224,0.0033219731
-2.5384614,-12.5,1483,1015,0.003322001,0.14667717,0.14335516,0.14335516095161438,0.0066448390483856146,4.429892698923743,-0.0033228332,0.003322001
-2.5384614,-10.0,1482,1014,0.003322954,0.14667605,0.14335309,0.14335308969020844,0.006646910309791559,4.43127353986104,-0.0033239592,0.003322954
-2.5384614,-7.5,1481,1013,0.0033250626,0.14667444,0.14334938,0.14334937930285557,0.0066506206989288275,4.433747132619219,-0.0033255715,0.0033250626
-2.5384614,-5.0,1480,1012,0.0033269394,0.14667347,0.14334653,0.14334653317948143,0.006653466820716852,4.435644547144568,-0.0033265313,0.0033269394
-2.5384614,-2.5,1479,1011,0.0033277236,0.14667374,0.14334601,0.14334601163864136,0.006653988361358637,4.435992240905758,-0.0033262686,0.0033277236
-2.5384614,0.0,1478,1010,0.003327339,0.14667505,0.14334771,0.14334771037101773,0.006652289628982538,4.434859752655026,-0.0033249496,0.003327339
-2.5384614,2.5,1477,1009,0.0033263587,0.1466764,0.14335005,0.14335004985352315,0.006649950146675104,4.433300097783404,-0.0033236062,0.0033263587
-2.5384614,5.0,1476,1008,0.003325682,0.14667717,0.14335148,0.14335148036499776,0.006648519635200495,4.432346423466997,-0.0033228325,0.003325682
-2.5384614,7.5,1475,1007,0.0033251543,0.1466775,0.14335234,0.1433523446329418,0.006647655367851252,4.431770245234167,-0.0033225045,0.0033251543
-2.5384614,10.0,1474,1006,0.0033242393,0.14667778,0.14335354,0.14335353672504425,0.006646463274955744,4.430975516637163,-0.0033222302,0.0033242393
-2.5384614,12.5,1473,1005,0.003323377,0.14667788,0.1433545,0.14335450530052185,0.006645494699478144,4.430329799652096,-0.003322131,0.003323377
-2.5384614,15.0,1472,1004,0.0033224511,0.14667739,0.14335494,0.14335493743439473,0.006645062565803522,4.430041710535681,-0.003322623,0.0033224511
-2.5384614,17.5,1471,1003,0.0033223254,0.14667529,0.14335297,0.14335297048111714,0.00664702951908111,4.43135301272074,-0.003324717,0.0033223254
-2.5384614,20.0,1470,1002,0.0033230165,0.14667274,0.14334972,0.14334972202857169,0.006650277972221369,4.4335186481475795,-0.0033272626,0.0033230165
-2.5384614,22.499998,1469,1001,0.0033245732,0.14667304,0.14334847,0.14334847033202278,0.006651529669761652,4.434353113174435,-0.0033269662,0.0033245732
-2.5384614,25.0,1468,1000,0.0033245645,0.14667566,0.1433511,0.14335109293540152,0.006648907065391535,4.432604710261023,-0.0033243492,0.0033245645
-2.5384614,27.500002,1467,999,0.0033232777,0.14667737,0.1433541,0.14335410296936787,0.006645897030830378,4.430598020553585,-0.0033226374,0.0033232777
-2.5384614,30.0,1466,998,0.0033222334,0.14667772,0.14335549,0.1433554887773589,0.00664451122283935,4.429674148559567,-0.0033222851,0.0033222334
-2.5384614,32.5,1465,997,0.0033219282,0.14667778,0.14335585,0.14335584640522755,0.006644153594970698,4.429435729980465,-0.0033222355,0.0033219282
-2.5384614,35.0,1464,996,0.0033218917,0.1466776,0.14335571,0.14335571229457855,0.006644287705421442,4.429525136947628,-0.003322413,0.0033218917
-2.5384614,37.5,1463,995,0.0033218276,0.1466774,0.14335558,0.14335557818432607,0.006644421815872187,4.429614543914791,-0.0033225964,0.0033218276
-2.5384614,40.0,1462,994,0.0033218223,0.14667743,0.14335561,0.1433556079864502,0.006644392013549799,4.429594675699866,-0.0033225748,0.0033218223
-2.5384614,42.5,1461,993,0.0033218644,0.14667788,0.14335601,0.14335601031780243,0.006643989682197565,4.429326454798376,-0.003322124,0.0033218644
-2.5384614,44.999996,1460,992,0.0033222018,0.14667806,0.14335586,0.14335586130638875,0.006644138693809504,4.429425795873003,-0.0033219403,0.0033222018
-2.5384614,47.5,1459,991,0.0033230714,0.14667802,0.14335494,0.14335493743419647,0.006645062565803522,4.430041710535681,-0.0033219892,0.0033230714
-2.5384614,50.0,225,126,0.003323556,0.14667802,0.14335446,0.14335446059703827,0.006645539402961725,4.430359601974484,-0.0033219918,0.003323556
-2.2307692,-50.0,178,71,0.004521701,0.14548142,0.14095972,0.14095972478893815,0.009040275216102595,6.026850144068396,-0.0045185895,0.004521701
-2.2307692,-47.5,1458,990,0.0045233304,0.14548111,0.14095777,0.14095777273500712,0.009042227268218989,6.0281515121459925,-0.004518901,0.0045233304
-2.2307692,-44.999996,1457,989,0.004524689,0.1454809,0.14095621,0.14095620811167037,0.009043791890144343,6.029194593429562,-0.0045191017,0.004524689
-2.2307692,-42.5,1456,988,0.00452489,0.14548081,0.14095592,0.14095592498960768,0.009044075012207026,6.02938334147135,-0.0045191976,0.00452489
-2.2307692,-40.0,1455,987,0.0045234896,0.1454804,0.14095691,0.1409569084652383,0.009043091535568232,6.028727690378821,-0.0045196083,0.0045234896
-2.2307692,-37.5,1454,986,0.004520999,0.14547992,0.14095892,0.14095892012199945,0.009041079878807062,6.027386585871374,-0.0045200908,0.004520999
-2.2307692,-35.0,1453,985,0.0045200842,0.14547859,0.1409585,0.1409585028904942,0.00904149711132049,6.027664740880327,-0.0045214104,0.0045200842
-2.2307692,-32.5,1452,984,0.004519613,0.14547513,0.14095552,0.14095552265825545,0.00904447734355926,6.029651562372839,-0.0045248675,0.004519613
-2.2307692,-30.0,1451,983,0.0045194374,0.145475,0.14095557,0.14095556736012596,0.009044432640075678,6.029621760050452,-0.004524999,0.0045194374
-2.2307692,-27.500002,1450,982,0.004519241,0.14547807,0.14095883,0.14095883071422577,0.009041169285774225,6.02744619051615,-0.004521932,0.004519241
-2.2307692,-25.0,1449,981,0.0045189452,0.14547993,0.14096099,0.1409609913834054,0.009039008617401117,6.0260057449340785,-0.00452008,0.0045189452
-2.2307692,-22.499998,1448,980,0.004518668,0.14548108,0.1409624,0.1409624069937188,0.009037593007087702,6.025062004725134,-0.004518922,0.004518668
-2.2307692,-20.0,1447,979,0.0045186654,0.1454811,0.14096242,0.1409624218940735,0.009037578105926508,6.025052070617672,-0.004518916,0.0045186654
-2.2307692,-17.5,1446,978,0.004519052,0.14548095,0.1409619,0.1409619003534317,0.009038099646568293,6.025399764378863,-0.004519054,0.004519052
-2.2307692,-15.0,1445,977,0.00451924,0.14548087,0.14096163,0.14096163213273183,0.009038367867469782,6.025578578313189,-0.0045191343,0.00451924
-2.2307692,-12.5,1444,976,0.004519253,0.14548054,0.14096129,0.14096128940602437,0.00903871059417724,6.025807062784827,-0.004519456,0.004519253
-2.2307692,-10.0,1443,975,0.004520426,0.14547941,0.14095898,0.1409589797258377,0.009041020274162287,6.027346849441525,-0.0045205997,0.004520426
-2.2307692,-7.5,1442,974,0.00452289,0.14547732,0.14095443,0.14095443487167358,0.00904556512832641,6.030376752217608,-0.0045226826,0.00452289
-2.2307692,-5.0,1441,973,0.004525477,0.14547588,0.1409504,0.1409503966571917,0.009049603343009943,6.033068895339962,-0.0045241197,0.004525477
-2.2307692,-2.5,1440,972,0.0045263995,0.14547622,0.14094982,0.14094981551251007,0.009050184488296503,6.033456325531002,-0.004523778,0.0045263995
-2.2307692,0.0,1439,971,0.0045257118,0.1454778,0.1409521,0.1409520953901735,0.009047904610633845,6.03193640708923,-0.004522208,0.0045257118
-2.2307692,2.5,1438,970,0.0045246463,0.14547929,0.14095464,0.14095464348873685,0.009045356512069697,6.030237674713131,-0.0045207203,0.0045246463
-2.2307692,5.0,1437,969,0.004523761,0.14548041,0.14095666,0.14095665514650618,0.009043344855308527,6.028896570205685,-0.0045195934,0.004523761
-2.2307692,7.5,1436,968,0.0045229485,0.14548099,0.14095804,0.14095804095449718,0.0090419590473175,6.027972698211666,-0.0045190216,0.0045229485
-2.2307692,10.0,1435,967,0.0045217136,0.14548144,0.14095972,0.14095972478571206,0.009040275216102595,6.026850144068396,-0.004518564,0.0045217136
-2.2307692,12.5,1434,966,0.0045206943,0.1454814,0.1409607,0.14096069336118966,0.009039306640624994,6.02620442708333,-0.0045186095,0.0045206943
-2.2307692,15.0,1433,965,0.004519695,0.14548062,0.14096092,0.14096091687699452,0.009039083123207087,6.026055415471392,-0.004519392,0.004519695
-2.2307692,17.5,1432,964,0.004519614,0.14547835,0.14095874,0.14095874130746025,0.009041258692741388,6.027505795160925,-0.004521655,0.004519614
-2.2307692,20.0,1431,963,0.00452038,0.1454748,0.14095442,0.14095441997131894,0.009045580029487604,6.03038668632507,-0.004525206,0.00452038
-2.2307692,22.499998,1430,962,0.0045221616,0.14547497,0.14095281,0.14095281064832968,0.00904718935489654,6.031459569931027,-0.004525035,0.0045221616
-2.2307692,25.0,1429,961,0.004522636,0.14547901,0.14095637,0.14095637202343533,0.00904362797737121,6.029085318247473,-0.0045210025,0.004522636
-2.2307692,27.500002,1428,960,0.0045207827,0.14548068,0.14095989,0.14095988869747705,0.009040111303329462,6.026740868886309,-0.0045193327,0.0045207827
-2.2307692,30.0,1427,959,0.0045197723,0.14548105,0.14096127,0.14096127450486318,0.009038725495338434,6.02581699689229,-0.004518954,0.0045197723
-2.2307692,32.5,1426,958,0.004519158,0.14548111,0.14096195,0.14096194505691528,0.009038054943084711,6.025369962056475,-0.0045188963,0.004519158
-2.2307692,35.0,1425,957,0.0045189937,0.145481,0.140962,0.14096200466156006,0.009037995338439936,6.0253302256266235,-0.0045190062,0.0045189937
-2.2307692,37.5,1424,956,0.0045189727,0.14548075,0.14096178,0.14096178114434377,0.009038218855857844,6.025479237238562,-0.0045192535,0.0045189727
-2.2307692,40.0,1423,955,0.0045188637,0.14548106,0.1409622,0.1409621983768572,0.009037801623344416,6.025201082229611,-0.0045189406,0.0045188637
-2.2307692,42.5,1422,954,0.004518953,0.14548197,0.14096302,0.14096301794233587,0.009036982059478754,6.02465470631917,-0.0045180316,0.004518953
-2.2307692,44.999996,1421,953,0.004519353,0.1454823,0.14096294,0.1409629434365299,0.009037056565284723,6.024704376856482,-0.0045177094,0.004519353
-2.2307692,47.5,1420,952,0.0045204796,0.14548221,0.14096174,0.1409617364438846,0.009038263559341425,6.02550903956095,-0.004517797,0.0045204796
-2.2307692,50.0,224,127,0.0045210286,0.14548223,0.1409612,0.14096120000389628,0.009038800001144404,6.025866667429602,-0.004517781,0.0045210286
-1.9230767,-50.0,179,70,0.005825777,0.14417718,0.13835141,0.13835141062818684,0.011648589372634882,7.765726248423254,-0.0058228294,0.005825777
-1.9230767,-47.5,1419,951,0.005815668,0.14417875,0.13836308,0.13836307823678531,0.0116369217634201,7.757947842280066,-0.005821264,0.005815668
-1.9230767,-44.999996,1418,950,0.0058121313,0.14417842,0.13836628,0.13836628198623657,0.011633718013763422,7.7558120091756155,-0.0058215884,0.0058121313
-1.9230767,-42.5,1417,949,0.005812395,0.14417648,0.13836409,0.13836409151559242,0.011635908484458918,7.757272322972613,-0.0058235205,0.005812395
-1.9230767,-40.0,1416,948,0.00581552,0.14417665,0.13836113,0.1383611261849257,0.011638873815536493,7.759249210357663,-0.005823363,0.00581552
-1.9230767,-37.5,1415,947,0.0058268593,0.14417641,0.13834955,0.13834954798242133,0.011650452017784113,7.766968011856076,-0.0058235913,0.0058268593
-1.9230767,-35.0,1414,946,0.0058274283,0.14417686,0.13834943,0.13834942877313178,0.011650571227073664,7.767047484715777,-0.0058231573,0.0058274283
-1.9230767,-32.5,1413,945,0.0058272905,0.14419387,0.13836658,0.13836658000966587,0.011633419990539545,7.7556133270263645,-0.0058061313,0.0058272905
-1.9230767,-30.0,1412,944,0.00582836,0.14419436,0.138366,0.1383659988641739,0.011634001135826105,7.756000757217405,-0.0058056368,0.00582836
-1.9230767,-27.500002,1411,943,0.0058289473,0.1441788,0.13834985,0.1383498460054911,0.011650153994560236,7.766769329706824,-0.005821218,0.0058289473
-1.9230767,-25.0,1410,942,0.005829005,0.14417641,0.1383474,0.13834740221500397,0.011652597784996027,7.768398523330686,-0.0058236034,0.005829005
-1.9230767,-22.499998,1409,941,0.005828865,0.14417407,0.13834521,0.13834521174435982,0.011654788255691523,7.769858837127683,-0.0058259307,0.005828865
-1.9230767,-20.0,1408,940,0.0058285818,0.1441737,0.13834512,0.13834512233754676,0.011654877662658686,7.769918441772458,-0.0058263107,0.0058285818
-1.9230767,-17.5,1407,939,0.0058276476,0.14417364,0.13834599,0.138345986604896,0.011654013395309443,7.769342263539629,-0.0058263624,0.0058276476
-1.9230767,-15.0,1406,938,0.0058273976,0.14417402,0.13834663,0.13834662735467324,0.011653372645378107,7.768915096918738,-0.0058259876,0.0058273976
-1.9230767,-12.5,1405,937,0.0058276486,0.14417501,0.13834736,0.13834735751172583,0.011652642488479609,7.7684283256530735,-0.005825004,0.0058276486
-1.9230767,-10.0,1404,936,0.0058261594,0.14417745,0.13835129,0.13835129141853778,0.011648708581924433,7.765805721282956,-0.005822559,0.0058261594
-1.9230767,-7.5,1403,935,0.005820519,0.14418359,0.13836308,0.13836307823740154,0.0116369217634201,7.757947842280066,-0.005816409,0.005820519
-1.9230767,-5.0,1402,934,0.0058113392,0.14419071,0.13837938,0.13837938010877449,0.01162061989307403,7.747079928716021,-0.005809296,0.0058113392
-1.9230767,-2.5,1401,933,0.0058088703,0.14419013,0.13838126,0.13838125765472545,0.011618742346763605,7.745828231175738,-0.005809876,0.0058088703
-1.9230767,0.0,1400,932,0.00581011,0.14418268,0.13837257,0.13837257027755395,0.011627429723739618,7.751619815826413,-0.0058173225,0.00581011
-1.9230767,2.5,1399,931,0.005813293,0.14417782,0.13836452,0.1383645236512698,0.011635476350784296,7.7569842338561985,-0.0058221747,0.005813293
-1.9230767,5.0,1398,930,0.0058153635,0.14417508,0.13835973,0.13835972547859798,0.011640274524688715,7.760183016459143,-0.0058249193,0.0058153635
-1.9230767,7.5,1397,929,0.005816047,0.14417408,0.13835804,0.13835804164594517,0.01164195835590362,7.761305570602414,-0.0058259247,0.005816047
-1.9230767,10.0,1396,928,0.0058173556,0.14417374,0.13835639,0.13835638761566607,0.011643612384796137,7.762408256530759,-0.005826264,0.0058173556
-1.9230767,12.5,1395,927,0.005820352,0.1441732,0.13835286,0.13835285604020633,0.011647143959999079,7.764762639999387,-0.005826801,0.005820352
-1.9230767,15.0,1394,926,0.005825116,0.1441736,0.13834849,0.13834848999977112,0.011651510000228876,7.767673333485918,-0.0058264052,0.005825116
-1.9230767,17.5,1393,925,0.005825394,0.14417765,0.13835225,0.1383522450925974,0.011647754907608027,7.765169938405352,-0.005822366,0.005825394
-1.9230767,20.0,1392,924,0.005824214,0.14419335,0.13836914,0.13836914300939118,0.011630856990814203,7.753904660542803,-0.005806656,0.005824214
-1.9230767,22.499998,1391,923,0.0058151493,0.144192,0.13837685,0.13837684690998514,0.011623153090476984,7.748768726984656,-0.0058080116,0.0058151493
-1.9230767,25.0,1390,922,0.0058159158,0.1441737,0.13835779,0.13835778832563997,0.011642211675643915,7.761474450429278,-0.0058263075,0.0058159158
-1.9230767,27.500002,1389,921,0.0058263442,0.14417106,0.13834472,0.13834472000681083,0.01165527999401092,7.7701866626739475,-0.0058289473,0.0058263442
-1.9230767,30.0,1388,920,0.0058279573,0.1441701,0.13834214,0.13834214210530799,0.011657857894897455,7.771905263264971,-0.005829897,0.0058279573
-1.9230767,32.5,1387,919,0.005828004,0.14416975,0.13834174,0.13834173977380165,0.01165826022624969,7.77217348416646,-0.0058302637,0.005828004
-1.9230767,35.0,1386,918,0.0058282134,0.14416957,0.13834135,0.1383413523436106,0.01165864765644073,7.772431770960486,-0.0058304304,0.0058282134
-1.9230767,37.5,1385,917,0.005828432,0.14417124,0.13834281,0.1383428126578185,0.011657187342643732,7.771458228429156,-0.0058287615,0.005828432
-1.9230767,40.0,1384,916,0.005828379,0.14417154,0.13834316,0.13834315538426917,0.011656844615936274,7.771229743957517,-0.005828465,0.005828379
-1.9230767,42.5,1383,915,0.0058276206,0.1441703,0.13834268,0.13834267854736776,0.011657321453094477,7.771547635396319,-0.005829706,0.0058276206
-1.9230767,44.999996,1382,914,0.005827004,0.14417002,0.138343,0.1383430063737358,0.011656993627548212,7.771329085032141,-0.0058299834,0.005827004
-1.9230767,47.5,1381,913,0.0058235843,0.14416972,0.13834614,0.13834613561712425,0.011653864383697504,7.769242922465002,-0.0058302814,0.0058235843
-1.9230767,50.0,223,128,0.00582182,0.14416984,0.13834801,0.1383480131638969,0.01165198683738708,7.767991224924719,-0.0058301706,0.00582182
-1.6153847,-50.0,180,69,0.0071805106,0.14282407,0.13564356,0.13564355671929623,0.014356443285942072,9.570962190628048,-0.007175939,0.0071805106
-1.6153847,-47.5,1380,912,0.007179014,0.14282532,0.13564631,0.1356463134364218,0.01435368657112121,9.569124380747473,-0.0071746823,0.007179014
-1.6153847,-44.999996,1379,911,0.007177473,0.14282791,0.13565044,0.13565044105938176,0.014349558949470514,9.566372632980343,-0.0071720956,0.007177473
-1.6153847,-42.5,1378,910,0.0071767992,0.14282887,0.13565207,0.13565206528233759,0.014347934722900385,9.565289815266924,-0.0071711377,0.0071767992
-1.6153847,-40.0,1377,909,0.007176604,0.14282817,0.13565156,0.1356515586395047,0.014348441362380976,9.56562757492065,-0.007171843,0.007176604
-1.6153847,-37.5,1376,908,0.007177765,0.14282756,0.13564979,0.13564978539948933,0.014350214600563044,9.566809733708697,-0.007172455,0.007177765
-1.6153847,-35.0,1375,907,0.0071774935,0.14282803,0.13565055,0.13565054536054352,0.014349454641342158,9.566303094228106,-0.0071719666,0.0071774935
-1.6153847,-32.5,1374,906,0.007176832,0.14283045,0.13565361,0.1356536150031017,0.014346385002136225,9.564256668090817,-0.0071695605,0.007176832
-1.6153847,-30.0,1373,905,0.007176811,0.14283039,0.13565357,0.13565357030323227,0.014346429705619806,9.564286470413204,-0.0071696234,0.007176811
-1.6153847,-27.500002,1372,904,0.0071772886,0.14282796,0.13565066,0.1356506645742854,0.014349335432052607,9.566223621368405,-0.00717205,0.0071772886
-1.6153847,-25.0,1371,903,0.0071780384,0.14282723,0.13564919,0.1356491893593273,0.014350810647010798,9.567207098007199,-0.0071727815,0.0071780384
-1.6153847,-22.499998,1370,902,0.007178727,0.14282604,0.13564731,0.1356473118100312,0.014352688193321222,9.568458795547482,-0.0071739648,0.007178727
-1.6153847,-20.0,1369,901,0.007178595,0.14282681,0.13564822,0.1356482207793973,0.014351779222488398,9.567852814992266,-0.0071731997,0.007178595
-1.6153847,-17.5,1368,900,0.0071779042,0.14282712,0.13564922,0.135649219155783,0.01435078084468841,9.567187229792273,-0.007172887,0.0071779042
-1.6153847,-15.0,1367,899,0.007178383,0.1428257,0.13564731,0.13564731180751688,0.014352688193321222,9.568458795547482,-0.007174314,0.007178383
-1.6153847,-12.5,1366,898,0.0071798726,0.1428239,0.13564403,0.13564403355378288,0.014355966448783869,9.570644299189246,-0.0071761035,0.0071798726
-1.6153847,-10.0,1365,897,0.0071813753,0.14282301,0.13564163,0.13564163446510205,0.014358365535736078,9.572243690490719,-0.0071769883,0.0071813753
-1.6153847,-7.5,1364,896,0.00717894,0.14282455,0.1356456,0.13564559817314148,0.014354401826858515,9.569601217905676,-0.0071754665,0.00717894
-1.6153847,-5.0,1363,895,0.0071763885,0.14282794,0.13565156,0.13565155863761902,0.014348441362380976,9.56562757492065,-0.0071720686,0.0071763885
-1.6153847,-2.5,1362,894,0.007173924,0.1428283,0.13565437,0.13565437495750368,0.014345625042915339,9.563750028610226,-0.0071717124,0.007173924
-1.6153847,0.0,1361,893,0.0071745343,0.14282516,0.13565062,0.1356506198663507,0.014349380135536188,9.566253423690792,-0.0071748453,0.0071745343
-1.6153847,2.5,1360,892,0.0071753766,0.14282228,0.13564691,0.1356469094805647,0.014353090524673456,9.568727016448971,-0.0071777315,0.0071753766
-1.6153847,5.0,1359,891,0.007176036,0.1428212,0.13564515,0.13564515114254863,0.01435484886169433,9.569899241129553,-0.0071788183,0.007176036
-1.6153847,7.5,1358,890,0.0071765203,0.14282045,0.13564393,0.1356439292473308,0.014356070756912226,9.570713837941485,-0.007179551,0.0071765203
-1.6153847,10.0,1357,889,0.0071774567,0.14281991,0.13564245,0.13564245403336792,0.014357545971870417,9.571697314580279,-0.007180099,0.0071774567
-1.6153847,12.5,1356,888,0.0071760314,0.14281979,0.13564377,0.13564376533288142,0.014356234669685358,9.570823113123572,-0.007180219,0.0071760314
-1.6153847,15.0,1355,887,0.007175752,0.14282002,0.13564426,0.1356442570686864,0.014355742931365961,9.570495287577307,-0.0071799867,0.007175752
-1.6153847,17.5,1354,886,0.00717539,0.14282098,0.1356456,0.1356455981739796,0.014354401826858515,9.569601217905676,-0.0071790274,0.00717539
-1.6153847,20.0,1353,885,0.0071753473,0.1428231,0.13564776,0.13564775884340033,0.014352241158485407,9.568160772323605,-0.007176907,0.0071753473
-1.6153847,22.499998,1352,884,0.0071749086,0.14282352,0.13564861,0.13564860820958835,0.014351391792297358,9.567594528198239,-0.0071764933,0.0071749086
-1.6153847,25.0,1351,883,0.0071741818,0.1428221,0.13564792,0.13564792275449725,0.014352077245712275,9.568051497141516,-0.007177904,0.0071741818
-1.6153847,27.500002,1350,882,0.007174805,0.14282183,0.13564703,0.13564702868650183,0.014352971315383906,9.56864754358927,-0.007178169,0.007174805
-1.6153847,30.0,1349,881,0.007175212,0.14282152,0.13564631,0.13564631343018835,0.01435368657112121,9.569124380747473,-0.007178485,0.007175212
-1.6153847,32.5,1348,880,0.007176186,0.14282112,0.13564493,0.13564492762109728,0.014355072379112238,9.570048252741492,-0.007178884,0.007176186
-1.6153847,35.0,1347,879,0.00717701,0.14282086,0.13564385,0.1356438547372818,0.014356145262718195,9.570763508478796,-0.0071791434,0.00717701
-1.6153847,37.5,1346,878,0.007176298,0.14282028,0.13564399,0.13564398890137264,0.01435601115226745,9.570674101511633,-0.0071797282,0.007176298
-1.6153847,40.0,1345,877,0.0071769888,0.1428188,0.1356418,0.13564179837708942,0.014358201622962946,9.57213441530863,-0.007181208,0.0071769888
-1.6153847,42.5,1344,876,0.007178264,0.14281687,0.13563861,0.1356386095287511,0.01436139047145843,9.57426031430562,-0.0071831336,0.007178264
-1.6153847,44.999996,1343,875,0.0071776947,0.14281681,0.13563912,0.13563911616823168,0.014360883831977839,9.573922554651892,-0.007183201,0.0071776947
-1.6153847,47.5,1342,874,0.007177998,0.14281589,0.1356379,0.13563789427327572,0.014362105727195734,9.574737151463824,-0.0071841106,0.007177998
-1.6153847,50.0,222,129,0.0071790414,0.1428151,0.13563606,0.13563606143081558,0.014363938570022577,9.575959046681719,-0.0071849134,0.0071790414
-1.3076923,-50.0,181,68,0.008539693,0.14146644,0.13292675,0.132926747207203,0.017073252797126764,11.382168531417843,-0.008533564,0.008539693
-1.3076923,-47.5,1341,873,0.008538483,0.14146768,0.13292919,0.1329291909986543,0.017070809006690973,11.380539337793982,-0.008532334,0.008538483
-1.3076923,-44.999996,1340,872,0.008536172,0.14146982,0.13293365,0.13293364644483552,0.017066353559494013,11.377569039662676,-0.008530183,0.008536172
-1.3076923,-42.5,1339,871,0.008535291,0.14147086,0.13293557,0.1329355686937208,0.017064431309700007,11.376287539800005,-0.008529144,0.008535291
-1.3076923,-40.0,1338,870,0.0085348915,0.14147085,0.13293596,0.1329359561209721,0.017064043879508967,11.376029253005978,-0.008529163,0.0085348915
-1.3076923,-37.5,1337,869,0.008535259,0.14147025,0.13293499,0.13293498754522723,0.017065012454986567,11.376674969991045,-0.008529759,0.008535259
-1.3076923,-35.0,1336,868,0.008534928,0.14146982,0.1329349,0.13293489814146708,0.01706510186195373,11.37673457463582,-0.008530181,0.008534928
-1.3076923,-32.5,1335,867,0.00853401,0.14147022,0.13293621,0.1329362094479281,0.01706379055976867,11.375860373179114,-0.008529781,0.00853401
-1.3076923,-30.0,1334,866,0.008533908,0.1414702,0.13293628,0.13293628395651347,0.017063716053962702,11.375810702641802,-0.008529809,0.008533908
-1.3076923,-27.500002,1333,865,0.008534536,0.14146948,0.13293494,0.13293494284922672,0.017065057158470148,11.376704772313433,-0.0085305255,0.008534536
-1.3076923,-25.0,1332,864,0.008535141,0.14146931,0.13293417,0.13293416798649285,0.01706583201885223,11.377221345901486,-0.008530693,0.008535141
-1.3076923,-22.499998,1331,863,0.008535277,0.14146894,0.13293366,0.13293366134701226,0.01706633865833282,11.377559105555212,-0.008531069,0.008535277
-1.3076923,-20.0,1330,862,0.008534923,0.141469,0.13293408,0.13293407857610484,0.01706592142581939,11.377280950546261,-0.008531,0.008534923
-1.3076923,-17.5,1329,861,0.008534663,0.14146881,0.13293414,0.13293413817930644,0.017065861821174616,11.377241214116411,-0.008531198,0.008534663
-1.3076923,-15.0,1328,860,0.008534848,0.14146833,0.13293348,0.1329334825277863,0.017066517472267145,11.377678314844763,-0.008531676,0.008534848
-1.3076923,-12.5,1327,859,0.008534833,0.14146829,0.13293345,0.13293345272546392,0.017066547274589533,11.377698183059689,-0.008531724,0.008534833
-1.3076923,-10.0,1326,858,0.00853273,0.14146861,0.13293588,0.13293588161473852,0.017064118385314936,11.376078923543291,-0.008531395,0.00853273
-1.3076923,-7.5,1325,857,0.008526718,0.14146966,0.13294294,0.13294294476599955,0.017057055234909052,11.371370156606035,-0.008530355,0.008526718
-1.3076923,-5.0,1324,856,0.008525512,0.14147113,0.13294563,0.1329456269741593,0.01705437302589416,11.369582017262774,-0.008528875,0.008525512
-1.3076923,-2.5,1323,855,0.008528575,0.14147148,0.1329429,0.1329429000624625,0.017057099938392634,11.371399958928423,-0.008528526,0.008528575
-1.3076923,0.0,1322,854,0.008530608,0.14147007,0.13293947,0.13293947279887883,0.01706052720546722,11.373684803644812,-0.008529924,0.008530608
-1.3076923,2.5,1321,853,0.008530952,0.1414684,0.13293746,0.13293746114311655,0.017062538862228388,11.375025908152258,-0.008531602,0.008530952
-1.3076923,5.0,1320,852,0.008531396,0.14146739,0.132936,0.13293600082830406,0.017063999176025385,11.37599945068359,-0.008532609,0.008531396
-1.3076923,7.5,1319,851,0.008531801,0.1414662,0.13293439,0.13293439150198652,0.01706560850143432,11.377072334289547,-0.008533807,0.008531801
-1.3076923,10.0,1318,850,0.008532298,0.14146537,0.13293307,0.1329330653039854,0.017066934704780573,11.377956469853716,-0.008534647,0.008532298
-1.3076923,12.5,1317,849,0.008531277,0.14146529,0.13293402,0.13293401897295667,0.017065981030464167,11.37732068697611,-0.008534716,0.008531277
-1.3076923,15.0,1316,848,0.008531125,0.14146546,0.13293433,0.13293433189440196,0.017065668106079096,11.377112070719397,-0.008534551,0.008531125
-1.3076923,17.5,1315,847,0.008531304,0.14146522,0.13293391,0.13293391466188853,0.017066085338592524,11.37739022572835,-0.008534796,0.008531304
-1.3076923,20.0,1314,846,0.008531264,0.14146517,0.13293391,0.1329339146633317,0.017066085338592524,11.37739022572835,-0.008534833,0.008531264
-1.3076923,22.499998,1313,845,0.008531097,0.14146507,0.13293397,0.13293397426690745,0.01706602573394775,11.377350489298498,-0.008534932,0.008531097
-1.3076923,25.0,1312,844,0.008531291,0.1414649,0.13293362,0.1329336166519205,0.0170663833618164,11.3775889078776,-0.008535101,0.008531291
-1.3076923,27.500002,1311,843,0.008531566,0.1414648,0.13293323,0.13293322920820635,0.01706677079200744,11.377847194671627,-0.008535205,0.008531566
-1.3076923,30.0,1310,842,0.008531725,0.14146443,0.13293271,0.13293270766756457,0.017067292332649225,11.378194888432818,-0.008535576,0.008531725
-1.3076923,32.5,1309,841,0.008532168,0.14146408,0.13293192,0.13293191790666273,0.0170680820941925,11.378721396128332,-0.008535923,0.008532168
-1.3076923,35.0,1308,840,0.008532678,0.14146386,0.13293119,0.1329311877491228,0.017068812251090998,11.379208167394,-0.008536139,0.008532678
-1.3076923,37.5,1307,839,0.008532518,0.14146402,0.1329315,0.13293150067329407,0.017068499326705927,11.378999551137285,-0.0085359765,0.008532518
-1.3076923,40.0,1306,838,0.00853253,0.14146437,0.13293184,0.13293184340000153,0.01706815659999847,11.378771066665646,-0.008535639,0.00853253
-1.3076923,42.5,1305,837,0.008532942,0.14146332,0.13293038,0.13293038308625799,0.017069616913795466,11.379744609196978,-0.008536685,0.008532942
-1.3076923,44.999996,1304,836,0.008533476,0.14146225,0.13292877,0.13292877376127668,0.0170712262392044,11.380817492802935,-0.0085377535,0.008533476
-1.3076923,47.5,1303,835,0.008534975,0.14146087,0.1329259,0.13292589783802153,0.017074102163314814,11.38273477554321,-0.008539145,0.008534975
-1.3076923,50.0,221,130,0.008535948,0.14146009,0.13292414,0.13292413950158868,0.017075860500335688,11.383907000223791,-0.008539912,0.008535948
-1.0,-50.0,5,2,0.009810824,0.14019449,0.13038367,0.13038367033169612,0.019616329669952387,13.077553113301594,-0.009805522,0.009810824
-1.0,-47.5,131,67,0.0098090535,0.14019631,0.13038726,0.13038726151219773,0.01961273849010467,13.075158993403113,-0.0098037,0.0098090535
-1.0,-44.999996,132,66,0.0098057045,0.14020039,0.13039468,0.13039468229013157,0.019605317711830134,13.070211807886755,-0.009799619,0.0098057045
-1.0,-42.5,133,65,0.009802953,0.14020295,0.1304,0.1304000020046777,0.01959999799728393,13.06666533152262,-0.009797055,0.009802953
-1.0,-40.0,134,64,0.009800463,0.14020464,0.13040417,0.13040417432834073,0.019595825672149653,13.063883781433102,-0.009795373,0.009800463
-1.0,-37.5,135,63,0.009799942,0.14020471,0.13040477,0.13040477037431172,0.0195952296257019,13.063486417134602,-0.009795295,0.009799942
-1.0,-35.0,136,62,0.009799652,0.14020473,0.13040507,0.13040506839801236,0.019594931602478022,13.063287734985348,-0.009795274,0.009799652
-1.0,-32.5,137,61,0.00979888,0.1402049,0.13040602,0.13040602207450824,0.019593977928161616,13.062651952107746,-0.009795098,0.00979888
-1.0,-30.0,138,60,0.009798879,0.1402048,0.13040592,0.13040591777030294,0.019594082236289972,13.062721490859982,-0.009795204,0.009798879
-1.0,-27.500002,139,59,0.009799026,0.1402046,0.13040558,0.13040557504300976,0.01959442496299743,13.062949975331623,-0.009795407,0.009799026
-1.0,-25.0,140,58,0.009799607,0.14020464,0.13040504,0.1304050386006483,0.01959496140480041,13.063307603200276,-0.009795373,0.009799607
-1.0,-22.499998,141,57,0.009799825,0.14020422,0.1304044,0.13040439784875546,0.019595602154731745,13.063734769821163,-0.009795786,0.009799825
-1.0,-20.0,142,56,0.009799316,0.14020403,0.13040471,0.1304047107710155,0.019595289230346674,13.06352615356445,-0.009795979,0.009799316
-1.0,-17.5,143,55,0.009798911,0.14020419,0.13040528,0.13040527701399662,0.019594722986221308,13.063148657480872,-0.009795817,0.009798911
-1.0,-15.0,144,54,0.0097986115,0.14020453,0.13040592,0.13040591776372365,0.019594082236289972,13.062721490859982,-0.009795471,0.0097986115
-1.0,-12.5,145,53,0.009798488,0.1402049,0.13040642,0.13040642440716815,0.01959357559680938,13.062383731206257,-0.009795105,0.009798488
-1.0,-10.0,146,52,0.009798184,0.14020479,0.1304066,0.13040660321877315,0.019593396782875055,13.062264521916706,-0.00979522,0.009798184
-1.0,-7.5,147,51,0.009795406,0.14020476,0.13040935,0.13040934503188795,0.019590654969215388,13.060436646143591,-0.009795244,0.009795406
-1.0,-5.0,148,50,0.009794535,0.14020555,0.13041101,0.13041101396220045,0.019588986039161677,13.059324026107785,-0.009794456,0.009794535
-1.0,-2.5,149,49,0.0097961165,0.14020565,0.13040954,0.13040953874818215,0.019590461254119867,13.060307502746578,-0.009794348,0.0097961165
-1.0,0.0,150,48,0.009795739,0.1402058,0.13041006,0.13041006029046062,0.019589939713478083,13.059959808985388,-0.009794205,0.009795739
-1.0,2.5,151,47,0.009792983,0.14020622,0.13041323,0.13041323423877338,0.019586765766143793,13.057843844095862,-0.009793785,0.009792983
-1.0,5.0,152,46,0.009791843,0.14020698,0.13041514,0.13041514158690215,0.01958485841751098,13.056572278340656,-0.009793023,0.009791843
-1.0,7.5,153,45,0.0097924005,0.14020576,0.13041335,0.1304133534466327,0.019586646556854242,13.057764371236164,-0.009794252,0.0097924005
-1.0,10.0,154,44,0.00979391,0.1402035,0.1304096,0.13040959835401197,0.019590401649475092,13.06026776631673,-0.009796494,0.00979391
-1.0,12.5,155,43,0.00979525,0.14020175,0.1304065,0.13040649891206146,0.019593501091003412,13.062334060668942,-0.009798263,0.00979525
-1.0,15.0,156,42,0.009796166,0.14020091,0.13040474,0.13040474057219364,0.019595259428024286,13.063506285349524,-0.00979909,0.009796166
-1.0,17.5,157,41,0.009796335,0.14020015,0.13040382,0.13040381670032225,0.019596183300018305,13.064122200012203,-0.0097998595,0.009796335
-1.0,20.0,158,40,0.009796485,0.14019969,0.1304032,0.13040320575324454,0.019596794247627253,13.064529498418171,-0.009800309,0.009796485
-1.0,22.499998,159,39,0.009796431,0.14019945,0.13040303,0.13040302693931022,0.01959697306156158,13.064648707707722,-0.009800546,0.009796431
-1.0,25.0,160,38,0.009796694,0.14019953,0.13040283,0.13040283323750984,0.0195971667766571,13.064777851104733,-0.009800477,0.009796694
-1.0,27.500002,161,37,0.00979667,0.14019948,0.13040282,0.13040281832239967,0.019597181677818293,13.064787785212195,-0.009800521,0.00979667
-1.0,30.0,162,36,0.009796615,0.1401994,0.13040277,0.13040277361891608,0.019597226381301874,13.064817587534582,-0.009800606,0.009796615
-1.0,32.5,163,35,0.009797093,0.14019898,0.13040188,0.13040187954989832,0.019598120450973505,13.065413633982336,-0.009801031,0.009797093
-1.0,35.0,164,34,0.00979805,0.14019832,0.13040027,0.13040027022410797,0.01959972977638244,13.066486517588293,-0.009801691,0.00979805
-1.0,37.5,165,33,0.009798629,0.14019787,0.13039924,0.13039924204383574,0.019600757956504816,13.06717197100321,-0.009802139,0.009798629
-1.0,40.0,166,32,0.009799468,0.14019778,0.13039832,0.13039831817162376,0.019601681828498835,13.06778788566589,-0.009802229,0.009799468
-1.0,42.5,167,31,0.009801094,0.14019571,0.13039462,0.13039462268357957,0.01960537731647491,13.070251544316609,-0.009804294,0.009801094
-1.0,44.999996,168,30,0.009802953,0.14019346,0.13039051,0.13039050996309007,0.01960949003696441,13.072993357976276,-0.009806551,0.009802953
-1.0,47.5,169,29,0.009806312,0.14019041,0.1303841,0.13038410246459417,0.019615897536277765,13.077265024185177,-0.009809598,0.009806312
-1.0,50.0,8,1,0.009807792,0.14018887,0.13038108,0.13038107752936232,0.019618922472000117,13.07928164800008,-0.009811129,0.009807792
-0.6666667,-50.0,831,828,0.010729382,0.1392726,0.12854321,0.12854321301166188,0.021456786990165705,14.30452466011047,-0.010727402,0.010729382
-0.6666667,-47.5,6296,6218,0.010727743,0.1392747,0.12854695,0.12854695320345313,0.02145304679870605,14.302031199137366,-0.010725305,0.010727743
-0.6666667,-44.999996,6295,6217,0.010724913,0.13927881,0.1285539,0.12855389714440008,0.021446102857589716,14.297401905059811,-0.010721197,0.010724913
-0.6666667,-42.5,6294,6216,0.010721111,0.13928266,0.12856154,0.12856154143993004,0.021438458561897272,14.292305707931515,-0.01071735,0.010721111
-0.6666667,-40.0,6293,6215,0.010719149,0.13928384,0.12856469,0.1285646855835326,0.02143531441688537,14.290209611256916,-0.010716172,0.010719149
-0.6666667,-37.5,6292,6214,0.010718584,0.13928448,0.1285659,0.12856589257734058,0.02143410742282867,14.289404948552448,-0.010715529,0.010718584
-0.6666667,-35.0,6291,6213,0.010718895,0.13928522,0.12856632,0.1285663247137509,0.021433675289154047,14.289116859436032,-0.010714783,0.010718895
-0.6666667,-32.5,6290,6212,0.010719394,0.1392857,0.12856631,0.12856630982090733,0.02143369019031524,14.289126793543494,-0.010714307,0.010719394
-0.6666667,-30.0,6289,6211,0.010719909,0.13928615,0.12856624,0.12856623531631378,0.02143376469612121,14.289176464080807,-0.01071386,0.010719909
-0.6666667,-27.500002,6288,6210,0.010719015,0.13928688,0.12856786,0.1285678595501236,0.02143214046955108,14.28809364636739,-0.010713135,0.010719015
-0.6666667,-25.0,6287,6209,0.010717634,0.1392876,0.12856998,0.12856997551239116,0.021430024504661555,14.286683003107703,-0.010712398,0.010717634
-0.6666667,-22.499998,6286,6208,0.0107162865,0.13928753,0.12857124,0.12857124209637485,0.021428757905960077,14.285838603973385,-0.010712474,0.0107162865
-0.6666667,-20.0,6285,6207,0.010716611,0.13928774,0.12857112,0.12857112290042133,0.021428877115249628,14.285918076833088,-0.010712266,0.010716611
-0.6666667,-17.5,6284,6206,0.0107169505,0.1392875,0.12857056,0.12857055664112238,0.021429443359374994,14.286295572916663,-0.010712499,0.0107169505
-0.6666667,-15.0,6283,6205,0.0107165035,0.1392877,0.1285712,0.12857119739412434,0.02142880260944366,14.285868406295773,-0.010712308,0.0107165035
-0.6666667,-12.5,6282,6204,0.010715454,0.13928828,0.12857282,0.12857282161740624,0.02142717838287353,14.284785588582356,-0.010711724,0.010715454
-0.6666667,-10.0,6281,6203,0.010715347,0.13928741,0.12857206,0.1285720616626894,0.021427938342094416,14.285292228062946,-0.010712589,0.010715347
-0.6666667,-7.5,6280,6202,0.010715404,0.13928562,0.12857021,0.12857021391713672,0.021429786086082453,14.286524057388302,-0.010714383,0.010715404
-0.6666667,-5.0,6279,6201,0.010716757,0.1392841,0.12856735,0.12856735289538962,0.02143264710903167,14.288431406021115,-0.010715905,0.010716757
-0.6666667,-2.5,6278,6200,0.010719594,0.13928226,0.12856266,0.12856265903030803,0.021437340974807734,14.291560649871823,-0.010717754,0.010719594
-0.6666667,0.0,6277,6199,0.010721129,0.13928056,0.12855943,0.12855942547815882,0.0214405745267868,14.293716351191199,-0.010719445,0.010721129
-0.6666667,2.5,6276,6198,0.010719829,0.1392796,0.12855977,0.12855976820464965,0.02144023180007934,14.293487866719563,-0.0107203955,0.010719829
-0.6666667,5.0,6275,6197,0.010717791,0.13928068,0.12856288,0.12856288254660328,0.021437117457389826,14.291411638259884,-0.010719326,0.010717791
-0.6666667,7.5,6274,6196,0.010716146,0.1392813,0.12856516,0.1285651624233816,0.021434837579727167,14.289891719818112,-0.010718701,0.010716146
-0.6666667,10.0,6273,6195,0.010715059,0.13928099,0.12856594,0.128565937283173,0.021434062719345087,14.28937514623006,-0.010719014,0.010715059
-0.6666667,12.5,6272,6194,0.0107147135,0.1392802,0.12856549,0.12856549024706607,0.021434509754180903,14.289673169453938,-0.01071981,0.0107147135
-0.6666667,15.0,6271,6193,0.010714649,0.13928033,0.12856568,0.1285656839609457,0.021434316039085383,14.289544026056921,-0.010719678,0.010714649
-0.6666667,17.5,6270,6192,0.010714222,0.13928066,0.12856644,0.12856644392041527,0.021433556079864496,14.28903738657633,-0.010719344,0.010714222
-0.6666667,20.0,6269,6191,0.010713689,0.13928092,0.12856722,0.12856721878140184,0.021432781219482416,14.288520812988278,-0.0107190935,0.010713689
-0.6666667,22.499998,6268,6190,0.010714013,0.13928118,0.12856717,0.12856717407841564,0.021432825922965998,14.288550615310665,-0.010718827,0.010714013
-0.6666667,25.0,6267,6189,0.010714613,0.1392812,0.1285666,0.1285665929328666,0.021433407068252558,14.288938045501705,-0.010718811,0.010714613
-0.6666667,27.500002,6266,6188,0.0107149035,0.13928105,0.12856615,0.12856614589924664,0.021433854103088373,14.289236068725582,-0.0107189575,0.0107149035
-0.6666667,30.0,6265,6187,0.010714599,0.13928132,0.12856671,0.12856671214435642,0.021433287858963007,14.288858572642004,-0.01071869,0.010714599
-0.6666667,32.5,6264,6186,0.010714138,0.13928154,0.1285674,0.12856739759545016,0.02143260240554809,14.288401603698727,-0.0107184695,0.010714138
-0.6666667,35.0,6263,6185,0.010713941,0.1392814,0.12856747,0.12856747210028896,0.02143252789974212,14.288351933161413,-0.010718605,0.010713941
-0.6666667,37.5,6262,6184,0.01071468,0.13928063,0.12856595,0.12856595218239986,0.021434047818183893,14.289365212122595,-0.0107193785,0.01071468
-0.6666667,40.0,6261,6183,0.010716167,0.1392794,0.12856323,0.12856322527009484,0.021436774730682367,14.291183153788245,-0.010720609,0.010716167
-0.6666667,42.5,6260,6182,0.010717527,0.13927773,0.1285602,0.1285602003345936,0.02143979966640472,14.293199777603146,-0.010722281,0.010717527
-0.6666667,44.999996,6259,6181,0.010719971,0.13927463,0.12855466,0.12855465710301295,0.02144534289836883,14.29689526557922,-0.010725381,0.010719971
-0.6666667,47.5,6258,6180,0.010723773,0.13927059,0.12854682,0.12854681909222507,0.021453180909156794,14.302120606104529,-0.010729419,0.010723773
-0.6666667,50.0,834,829,0.010725262,0.13926896,0.1285437,0.12854370474967725,0.021456295251846308,14.304196834564205,-0.010731048,0.010725262
-0.33333334,-50.0,832,827,0.011322674,0.13867939,0.12735671,0.12735670805161878,0.022643291950225825,15.095527966817219,-0.011320628,0.011322674
-0.33333334,-47.5,6257,6179,0.011328488,0.13867392,0.12734543,0.12734542787310782,0.022654572129249567,15.103048086166378,-0.011326092,0.011328488
-0.33333334,-44.999996,6256,6178,0.011340291,0.13866344,0.12732315,0.12732315063730829,0.02267684936523437,15.117899576822913,-0.011336567,0.011340291
-0.33333334,-42.5,6255,6177,0.011345208,0.13865861,0.1273134,0.1273134052771901,0.022686594724655146,15.12439648310343,-0.011341388,0.011345208
-0.33333334,-40.0,6254,6176,0.011347018,0.13865592,0.1273089,0.12730890512567242,0.022691094875335688,15.127396583557125,-0.011344089,0.011347018
-0.33333334,-37.5,6253,6175,0.011348185,0.13865444,0.12730625,0.1273062527179753,0.022693747282028193,15.129164854685461,-0.011345566,0.011348185
-0.33333334,-35.0,6252,6174,0.011349227,0.13865386,0.12730463,0.12730462849324703,0.022695371508598322,15.130247672398884,-0.011346148,0.011349227
-0.33333334,-32.5,6251,6173,0.01135001,0.13865323,0.12730323,0.12730322778931352,0.022696772217750544,15.131181478500363,-0.011346772,0.01135001
-0.33333334,-30.0,6250,6172,0.011350697,0.13865285,0.12730215,0.12730215490881586,0.0226978451013565,15.131896734237667,-0.0113471635,0.011350697
-0.33333334,-27.500002,6249,6171,0.011350621,0.13865313,0.12730251,0.1273025125329623,0.02269748747348785,15.131658315658566,-0.011346871,0.011350621
-0.33333334,-25.0,6248,6170,0.011350226,0.1386536,0.12730338,0.12730337679789402,0.022696623206138605,15.13108213742574,-0.011346398,0.011350226
-0.33333334,-22.499998,6247,6169,0.011349561,0.13865325,0.12730369,0.12730368972098138,0.022696310281753534,15.130873521169026,-0.011346755,0.011349561
-0.33333334,-20.0,6246,6168,0.011349731,0.13865301,0.12730327,0.12730327248712842,0.022696727514266962,15.131151676177975,-0.011347001,0.011349731
-0.33333334,-17.5,6245,6167,0.0113499,0.13865267,0.12730277,0.1273027658464757,0.022697234153747553,15.131489435831702,-0.01134734,0.0113499
-0.33333334,-15.0,6244,6166,0.011349597,0.13865289,0.12730329,0.12730328739052219,0.02269671261310577,15.131141742070515,-0.011347111,0.011349597
-0.33333334,-12.5,6243,6165,0.011348821,0.1386536,0.12730479,0.12730479240863996,0.02269520759582519,15.130138397216793,-0.011346406,0.011348821
-0.33333334,-10.0,6242,6164,0.011348684,0.13865319,0.12730451,0.1273045092880424,0.022695490717887873,15.130327145258581,-0.011346818,0.011348684
-0.33333334,-7.5,6241,6163,0.011348539,0.13865204,0.1273035,0.127303496010522,0.022696503996849055,15.131002664566036,-0.011347964,0.011348539
-0.33333334,-5.0,6240,6162,0.011348929,0.13865145,0.12730251,0.1273025125321809,0.02269748747348785,15.131658315658566,-0.011348555,0.011348929
-0.33333334,-2.5,6239,6161,0.0113503765,0.13865064,0.12730026,0.12730026245658604,0.02269973754882812,15.133158365885413,-0.01134936,0.0113503765
-0.33333334,0.0,6238,6160,0.011351103,0.13864952,0.12729841,0.12729841471213885,0.022701585292816157,15.134390195210774,-0.011350485,0.011351103
-0.33333334,2.5,6237,6159,0.011349644,0.13864866,0.12729901,0.12729901075916095,0.022700989246368403,15.133992830912268,-0.011351341,0.011349644
-0.33333334,5.0,6236,6158,0.011348227,0.13864926,0.12730102,0.12730102241597435,0.022698977589607233,15.132651726404822,-0.011350758,0.011348227
-0.33333334,7.5,6235,6157,0.011347251,0.13864943,0.12730218,0.1273021847057416,0.022697815299034113,15.131876866022742,-0.0113505665,0.011347251
-0.33333334,10.0,6234,6156,0.011346656,0.13864893,0.12730227,0.12730227411173198,0.02269772589206695,15.131817261377966,-0.01135108,0.011346656
-0.33333334,12.5,6233,6155,0.011346415,0.13864823,0.12730181,0.12730181217429423,0.02269818782806396,15.132125218709309,-0.011351773,0.011346415
-0.33333334,15.0,6232,6154,0.0113462815,0.13864812,0.12730184,0.12730184197515146,0.02269815802574157,15.132105350494381,-0.011351877,0.0113462815
-0.33333334,17.5,6231,6153,0.011345957,0.13864805,0.1273021,0.12730209529416966,0.022697904706001276,15.131936470667517,-0.011351955,0.011345957
-0.33333334,20.0,6230,6152,0.011345643,0.138648,0.12730236,0.1273023635149316,0.022697636485099787,15.13175765673319,-0.011351995,0.011345643
-0.33333334,22.499998,6229,6151,0.011345743,0.13864814,0.1273024,0.12730239331790633,0.0226976066827774,15.131737788518269,-0.011351873,0.011345743
-0.33333334,25.0,6228,6150,0.011346198,0.13864821,0.12730202,0.12730202078945208,0.022697979211807245,15.13198614120483,-0.011351791,0.011346198
-0.33333334,27.500002,6227,6149,0.0113462405,0.13864823,0.12730199,0.12730199100184755,0.022698009014129633,15.132006009419758,-0.011351773,0.0113462405
-0.33333334,30.0,6226,6148,0.011345622,0.13864876,0.12730314,0.12730313837712767,0.022696861624717707,15.131241083145138,-0.011351249,0.011345622
-0.33333334,32.5,6225,6147,0.01134482,0.1386494,0.12730458,0.1273045837884204,0.022695416212081904,15.130277474721272,-0.011350597,0.01134482
-0.33333334,35.0,6224,6146,0.011343736,0.13865018,0.12730645,0.12730644643319292,0.022693553566932673,15.129035711288449,-0.0113498205,0.011343736
-0.33333334,37.5,6223,6145,0.01134206,0.13865098,0.12730892,0.1273089200272208,0.022691079974174494,15.127386649449665,-0.011349022,0.01134206
-0.33333334,40.0,6222,6144,0.011339066,0.13865246,0.12731339,0.12731339037619283,0.02268660962581634,15.124406417210896,-0.011347549,0.011339066
-0.33333334,42.5,6221,6143,0.011336739,0.13865452,0.12731777,0.12731777131793257,0.02268222868442535,15.121485789616901,-0.011345492,0.011336739
-0.33333334,44.999996,6220,6142,0.011333426,0.13865921,0.12732579,0.12732578814343598,0.02267421185970306,15.116141239802038,-0.011340795,0.011333426
-0.33333334,47.5,6219,6141,0.011323534,0.13866974,0.12734622,0.12734621763447324,0.022653782367706293,15.102521578470862,-0.011330257,0.011323534
-0.33333334,50.0,833,830,0.011317825,0.13867551,0.12735769,0.12735769152842144,0.02264230847358703,15.09487231572469,-0.011324498,0.011317825
0.0,-50.0,27,28,0.01157748,0.13842505,0.12684757,0.1268475651762909,0.02315243482589721,15.434956550598141,-0.011574946,0.01157748
0.0,-47.5,783,788,0.011586799,0.13841607,0.12682927,0.12682926660827,0.023170733451843256,15.44715563456217,-0.011583935,0.011586799
0.0,-44.999996,782,789,0.01160257,0.1384016,0.12679903,0.1267990320952465,0.023200967907905573,15.467311938603718,-0.011598405,0.01160257
0.0,-42.5,781,790,0.011606776,0.13839759,0.1267908,0.1267908066533045,0.023209193348884577,15.472795565923054,-0.011602422,0.011606776
0.0,-40.0,780,791,0.01160767,0.13839571,0.12678804,0.12678803503603003,0.023211964964866633,15.474643309911091,-0.011604296,0.01160767
0.0,-37.5,779,792,0.011608182,0.13839473,0.12678654,0.12678654491901747,0.023213455080986017,15.475636720657345,-0.011605274,0.011608182
0.0,-35.0,778,793,0.011608776,0.13839447,0.1267857,0.12678569555467883,0.023214304447174067,15.476202964782711,-0.011605532,0.011608776
0.0,-32.5,777,794,0.01160916,0.13839412,0.12678495,0.12678495050154745,0.02321504950523376,15.476699670155842,-0.011605891,0.01160916
0.0,-30.0,776,795,0.01160953,0.13839383,0.12678431,0.12678430975430624,0.023215690255165095,15.47712683677673,-0.011606177,0.01160953
0.0,-27.500002,775,796,0.011609575,0.13839415,0.12678458,0.12678457797191517,0.023215422034263605,15.476948022842404,-0.011605861,0.011609575
0.0,-25.0,774,797,0.011609421,0.13839464,0.12678522,0.12678521873406384,0.02321478128433227,15.476520856221516,-0.0116053615,0.011609421
0.0,-22.499998,773,798,0.011608822,0.13839424,0.12678541,0.12678541243350935,0.02321458756923675,15.4763917128245,-0.011605762,0.011608822
0.0,-20.0,772,799,0.011608991,0.13839392,0.12678494,0.1267849355948695,0.023215064406394953,15.476709604263302,-0.011606077,0.011608991
0.0,-17.5,771,800,0.01160917,0.13839358,0.12678441,0.1267844140531349,0.023215585947036738,15.477057298024494,-0.011606423,0.01160917
0.0,-15.0,770,801,0.0116089415,0.13839374,0.1267848,0.12678480148318583,0.023215198516845698,15.476799011230465,-0.0116062565,0.0116089415
0.0,-12.5,769,802,0.011608332,0.13839433,0.126786,0.12678599358053322,0.02321400642395019,15.47600428263346,-0.011605686,0.011608332
0.0,-10.0,768,803,0.01160816,0.13839397,0.12678581,0.12678581476807002,0.023214185237884516,15.47612349192301,-0.011606045,0.01160816
0.0,-7.5,767,804,0.011607903,0.13839301,0.12678511,0.1267851144122505,0.023214885592460627,15.476590394973751,-0.011606991,0.011607903
0.0,-5.0,766,805,0.011608053,0.13839267,0.12678462,0.12678462267465618,0.023215377330780024,15.476918220520016,-0.011607333,0.011608053
0.0,-2.5,765,806,0.011609085,0.13839218,0.1267831,0.12678310275647017,0.023216897249221796,15.477931499481198,-0.011607833,0.011609085
0.0,0.0,764,807,0.011609561,0.13839129,0.12678173,0.12678173184917915,0.02321826815605163,15.478845437367756,-0.011608725,0.011609561
0.0,2.5,763,808,0.011608126,0.1383904,0.12678228,0.12678228319246443,0.023217716813087458,15.478477875391638,-0.011609603,0.011608126
0.0,5.0,762,809,0.011606943,0.13839078,0.12678383,0.12678383291300435,0.023216167092323298,15.477444728215534,-0.011609224,0.011606943
0.0,7.5,761,810,0.011606183,0.13839078,0.1267846,0.1267845928714371,0.02321540713310241,15.476938088734943,-0.011609225,0.011606183
0.0,10.0,760,811,0.011605699,0.13839029,0.1267846,0.12678459287453347,0.02321540713310241,15.476938088734943,-0.011609723,0.011605699
0.0,12.5,759,812,0.011605432,0.13838963,0.1267842,0.12678420543926003,0.02321579456329345,15.477196375528967,-0.011610367,0.011605432
0.0,15.0,758,813,0.01160527,0.13838956,0.1267843,0.12678429484468598,0.02321570515632629,15.477136770884192,-0.011610449,0.01160527
0.0,17.5,757,814,0.011604974,0.13838945,0.12678447,0.12678447365783221,0.023215526342391962,15.477017561594641,-0.011610556,0.011604974
0.0,20.0,756,815,0.011604613,0.13838935,0.12678474,0.12678474187852354,0.023215258121490473,15.476838747660315,-0.01161066,0.011604613
0.0,22.499998,755,816,0.011604659,0.13838945,0.1267848,0.12678480149800575,0.023215198516845698,15.476799011230465,-0.011610558,0.011604659
0.0,25.0,754,817,0.011605104,0.1383895,0.1267844,0.12678439915281434,0.02321560084819793,15.477067232131954,-0.011610503,0.011605104
0.0,27.500002,753,818,0.011605123,0.13838942,0.1267843,0.1267842948449382,0.02321570515632629,15.477136770884192,-0.011610588,0.011605123
0.0,30.0,752,819,0.011604698,0.1383898,0.1267851,0.12678509950777925,0.02321490049362182,15.476600329081213,-0.011610217,0.011604698
0.0,32.5,751,820,0.011604275,0.13839015,0.12678587,0.12678587436698444,0.02321412563323974,15.47608375549316,-0.011609856,0.011604275
0.0,35.0,750,821,0.011603722,0.1383905,0.12678677,0.12678676843678216,0.02321323156356811,15.475487709045407,-0.011609509,0.011603722
0.0,37.5,749,822,0.011602864,0.13839091,0.12678805,0.1267880499384837,0.02321195006370544,15.474633375803625,-0.011609093,0.011602864
0.0,40.0,748,823,0.011600666,0.13839199,0.12679133,0.12679132819534378,0.023208671808242792,15.472447872161862,-0.011608026,0.011600666
0.0,42.5,747,824,0.011599202,0.13839316,0.12679397,0.126793965701579,0.02320603430271148,15.470689535140988,-0.011606845,0.011599202
0.0,44.999996,746,825,0.01159649,0.13839704,0.12680055,0.1268005520153308,0.0231994479894638,15.466298659642536,-0.011602975,0.01159649
0.0,47.5,745,826,0.011582122,0.13841161,0.12682949,0.12682949006938773,0.02317050993442535,15.447006622950232,-0.011588401,0.011582122
0.0,50.0,26,25,0.011572853,0.13842086,0.12684801,0.12684801221208947,0.023151987791061396,15.434658527374264,-0.011579142,0.011572853
