elementLabel,x_mm,y_mm,z_mm,S_Mises_MPa,S22_MPa,S11_MPa
1,48.75,0.0149999996647239,13.75,0.00162634160369635,0.0005669560632668436,-0.0011627533240243793
2,48.75,0.0449999989941716,13.75,0.00118783093057573,0.00037018649163655937,-0.0005327229737304151
3,48.75,0.0750000011175871,13.75,0.0008990005007945,0.00039889244362711906,-0.0003579649783205241
4,48.75,0.105000000447035,13.75,0.000709379324689507,0.0005735542508773506,0.0009229467250406742
5,48.75,0.135000001639128,13.75,0.000876397883985192,0.0004814857093151659,0.001233768300153315
6,48.75,0.0149999996647239,16.25,0.00194788444787264,-0.00027804457931779325,-0.0023805261589586735
7,48.75,0.0449999989941716,16.25,0.00137493363581598,-0.0001065002943505533,-0.001417944091372192
8,48.75,0.0750000011175871,16.25,0.000995750189758837,-0.00016461542691104114,-0.0006305575952865183
9,48.75,0.105000000447035,16.25,0.000829323136713356,-0.0002221752074547112,-0.00023742781195323914
10,48.75,0.135000001639128,16.25,0.0013656864175573,-0.00020093699276912957,0.000723634148016572
11,48.75,0.0149999996647239,18.75,0.00201798300258815,0.0001994113263208419,-0.001757597434334457
12,48.75,0.0449999989941716,18.75,0.00102333736140281,9.388315083924681e-05,-0.0005827740533277392
13,48.75,0.0750000011175871,18.75,0.00078398350160569,0.00013310307986102998,4.283941234461963e-05
14,48.75,0.105000000447035,18.75,0.000733964261598885,0.00010236150410491973,0.0005961047718301415
15,48.75,0.135000001639128,18.75,0.00142019079066813,0.00010359119187342003,0.0013874713331460953
16,48.75,0.0149999996647239,21.25,0.00170071877073497,-9.483816393185407e-05,-0.0018376867519691586
17,48.75,0.0449999989941716,21.25,0.00103915017098188,-1.523154423921369e-05,-0.0004772975225932896
18,48.75,0.0750000011175871,21.25,0.0011639348231256,-3.0080147553235292e-05,0.0005100049893371761
19,48.75,0.105000000447035,21.25,0.00102661328855902,-1.2497452189563774e-05,0.0007513814489357173
20,48.75,0.135000001639128,21.25,0.00173963815905154,-3.979776010964997e-05,0.0016435302095487714
21,48.75,0.0149999996647239,23.75,0.00168765126727521,4.079967402503826e-05,-0.0012015013489872217
22,48.75,0.0449999989941716,23.75,0.000502089271321893,2.320520070497878e-05,8.040166903811041e-06
23,48.75,0.0750000011175871,23.75,0.000476188666652888,3.358570393174887e-05,0.00033296490437351167
24,48.75,0.105000000447035,23.75,0.000652212474960834,2.7413063435233198e-05,0.0007086864789016545
25,48.75,0.135000001639128,23.75,0.00192551757209003,2.7585627321968786e-05,0.001966208452358842
26,46.25,0.0149999996647239,13.75,0.00111221871338785,0.0003915010893251747,-0.0007660892442800105
27,46.25,0.0449999989941716,13.75,0.00103627459611744,5.500616680365056e-05,-0.0003774835786316544
28,46.25,0.0750000011175871,13.75,0.000986780854873359,-7.544590334873646e-05,-0.00034883967600762844
29,46.25,0.105000000447035,13.75,0.00109186547342688,-3.25004912156146e-05,0.00020496186334639788
30,46.25,0.135000001639128,13.75,0.000876317091751844,0.0004155866045039147,0.00011128607002319768
31,46.25,0.0149999996647239,16.25,0.00137660652399063,-0.0002606076013762504,-0.0017258684383705258
32,46.25,0.0449999989941716,16.25,0.00118380866479129,-0.0001261547877220437,-0.0010621118126437068
33,46.25,0.0750000011175871,16.25,0.00118127267342061,2.599260005808901e-05,-0.000705550832208246
34,46.25,0.105000000447035,16.25,0.00137266714591533,2.583495734143071e-05,-0.00010930325515801087
35,46.25,0.135000001639128,16.25,0.00140400347299874,-0.0002765974204521626,-0.0001345190976280719
36,46.25,0.0149999996647239,18.75,0.00166355783585459,0.00012717809295281768,-0.0009768055751919746
37,46.25,0.0449999989941716,18.75,0.000904562708456069,2.4236958779511042e-05,-0.00047686503967270255
38,46.25,0.0750000011175871,18.75,0.000807650270871818,-0.0001090884325094521,6.177510658744723e-05
39,46.25,0.105000000447035,18.75,0.00100143835879862,-5.2175131713738665e-05,0.0005234714481048286
40,46.25,0.135000001639128,18.75,0.000880013103596866,0.00018157955491915345,0.00020837703777942806
41,46.25,0.0149999996647239,21.25,0.00123320613056421,-0.00010478976764716208,-0.0008966081077232957
42,46.25,0.0449999989941716,21.25,0.00123952596914023,-0.00010673797078197822,-0.00045438858796842396
43,46.25,0.0750000011175871,21.25,0.00102642131969333,-1.229048939421773e-05,-0.00019116171461064368
44,46.25,0.105000000447035,21.25,0.00112884084228426,-1.4327140888781287e-05,0.00019513635197654366
45,46.25,0.135000001639128,21.25,0.0011011156020686,-0.0001368344237562269,0.00030177002190612257
46,46.25,0.0149999996647239,23.75,0.00111863994970918,1.0892234058701433e-05,-0.0006309319869615138
47,46.25,0.0449999989941716,23.75,0.000989705440588295,-1.283303845411865e-05,-0.000464610755443573
48,46.25,0.0750000011175871,23.75,0.000870231713633984,-5.4439111409010366e-05,-0.0001608046586625278
49,46.25,0.105000000447035,23.75,0.000826435047201812,-4.259735578671098e-05,6.121068872744218e-05
50,46.25,0.135000001639128,23.75,0.000823805225081742,2.824253351718653e-05,0.00025827594799920917
51,43.75,0.0149999996647239,13.75,0.001424546004273,0.0005179049330763519,0.0015247504925355315
52,43.75,0.0449999989941716,13.75,0.000641345628537238,0.0005000674282200634,0.0009557974408380687
53,43.75,0.0750000011175871,13.75,0.00112087675370276,0.00021271193691063672,-0.00029904383700340986
54,43.75,0.105000000447035,13.75,0.00136637315154076,0.0002354551834287122,-0.0001777290744939819
55,43.75,0.135000001639128,13.75,0.00189123617019504,0.0005268807872198522,-0.0012016156688332558
56,43.75,0.0149999996647239,16.25,0.00159129244275391,-0.00020652561215683818,0.0006494609988294542
57,43.75,0.0449999989941716,16.25,0.000458301743492484,-6.552257400471717e-05,0.00017315935110673308
58,43.75,0.0750000011175871,16.25,0.000898427329957485,0.00014684107736684382,-0.0002838856598827988
59,43.75,0.105000000447035,16.25,0.0014045633142814,3.585233571357094e-05,-0.0008617403218522668
60,43.75,0.135000001639128,16.25,0.00183950166683644,-0.0003094770945608616,-0.0016393823316320777
61,43.75,0.0149999996647239,18.75,0.00265104882419109,0.00015284778783097863,0.0015415387460961938
62,43.75,0.0449999989941716,18.75,0.00128334038890898,0.00012343857088126242,0.000663822575006634
63,43.75,0.0750000011175871,18.75,0.000611809024121612,-5.9196925576543435e-05,5.1399510994087905e-06
64,43.75,0.105000000447035,18.75,0.00050425116205588,-5.780809442512691e-05,-0.0004628156893886626
65,43.75,0.135000001639128,18.75,0.00164131540805101,0.00023838947527110577,-0.0015812156489118934
66,43.75,0.0149999996647239,21.25,0.00233575794845819,-1.819744284148328e-05,0.0014129267074167728
67,43.75,0.0449999989941716,21.25,0.00161853421013802,5.5551787227159366e-05,0.0007375530549325049
68,43.75,0.0750000011175871,21.25,0.00090371782425791,0.00015202679787762463,-4.0768965845927596e-05
69,43.75,0.105000000447035,21.25,0.000983578036539257,0.00011855632328661159,-0.0006909968215040863
70,43.75,0.135000001639128,21.25,0.00163668976165354,-0.0001276497496291995,-0.0016119747888296843
71,43.75,0.0149999996647239,23.75,0.00158212578389794,2.9530207029893063e-05,0.0014089122414588928
72,43.75,0.0449999989941716,23.75,0.00106121168937534,3.36120901920367e-05,0.0007378641748800874
73,43.75,0.0750000011175871,23.75,0.000814028200693429,2.105371095240116e-06,-5.830329428135883e-07
74,43.75,0.105000000447035,23.75,0.00135808973573148,-8.957634236139711e-06,-0.000763766176532954
75,43.75,0.135000001639128,23.75,0.00198530755005777,5.607602361124009e-05,-0.0015082188183441758
76,41.25,0.0149999996647239,13.75,0.0011999182170257,0.0005353803862817585,0.0013600635575130582
77,41.25,0.0449999989941716,13.75,0.00100340298376977,0.0001048207122948952,0.0007724901079200208
78,41.25,0.0750000011175871,13.75,0.00129090994596481,0.00014644357725046575,-0.000236442792811431
79,41.25,0.105000000447035,13.75,0.00181082775816321,0.00022041438205633312,-0.0005680148024111986
80,41.25,0.135000001639128,13.75,0.00216759531758726,0.0005425554700195789,-0.0013605643762275577
81,41.25,0.0149999996647239,16.25,0.0015925265615806,-0.00031649437732994556,0.00044461333891376853
82,41.25,0.0449999989941716,16.25,0.00125322141684592,-0.00017135386588051915,6.639058847213164e-05
83,41.25,0.0750000011175871,16.25,0.00189919618424028,-0.00014181260485202074,-0.0007497598417103291
84,41.25,0.105000000447035,16.25,0.00200444273650646,-8.297868043882772e-05,-0.0010692354990169406
85,41.25,0.135000001639128,16.25,0.00208306079730392,-0.00031508036772720516,-0.0015276026679202914
86,41.25,0.0149999996647239,18.75,0.00261179637163877,0.00011593328963499516,0.0012965757632628083
87,41.25,0.0449999989941716,18.75,0.00160102907102555,-4.801526665687561e-05,0.0003004937316291034
88,41.25,0.0750000011175871,18.75,0.00129110156558454,-1.826933294069022e-05,-0.0003309599414933473
89,41.25,0.105000000447035,18.75,0.00151617883238941,6.014362588757649e-05,-0.00041495676850900054
90,41.25,0.135000001639128,18.75,0.00223662843927741,0.0002243869676021859,-0.001357976463623345
91,41.25,0.0149999996647239,21.25,0.00260088359937072,-7.198681123554707e-05,0.0008904195274226367
92,41.25,0.0449999989941716,21.25,0.00184076325967908,-6.875574035802856e-05,0.00033774771145544946
93,41.25,0.0750000011175871,21.25,0.00164378806948662,-7.966227713041008e-05,-0.000264706410234794
94,41.25,0.105000000447035,21.25,0.00196623872034252,-9.982852498069406e-05,-0.0007895166636444628
95,41.25,0.135000001639128,21.25,0.00232174340635538,-0.0001372605620417744,-0.001287531922571361
96,41.25,0.0149999996647239,23.75,0.00218345038592815,1.5360106772277504e-05,0.0008796514011919498
97,41.25,0.0449999989941716,23.75,0.00201777298934758,2.0351792045403272e-05,0.0005384119576774538
98,41.25,0.0750000011175871,23.75,0.00184884935151786,3.4985310776392e-05,5.829928704770282e-05
99,41.25,0.105000000447035,23.75,0.00205179117619991,6.076093632145785e-05,-0.0004070293507538736
100,41.25,0.135000001639128,23.75,0.00246085319668055,5.5929660447873175e-05,-0.001036575878970325
101,38.75,0.0149999996647239,13.75,0.00182021094951779,0.0009156630258075893,-0.0009286271524615586
102,38.75,0.0449999989941716,13.75,0.00159366591833532,0.00020540169498417526,-0.0005306066595949233
103,38.75,0.0750000011175871,13.75,0.00129892816767097,0.00029042831738479435,-0.00023742485791444778
104,38.75,0.105000000447035,13.75,0.00153108581434935,0.0001457114121876657,0.0008567377808503807
105,38.75,0.135000001639128,13.75,0.00137421325780451,0.00021039732382632792,0.0010797304566949606
106,38.75,0.0149999996647239,16.25,0.00159264844842255,-0.0005169194773770869,-0.0022326975595206022
107,38.75,0.0449999989941716,16.25,0.0014666129136458,7.712315709795803e-05,-0.0010987999849021435
108,38.75,0.0750000011175871,16.25,0.0011430133599788,-5.7262626796728e-05,-0.0006740553071722388
109,38.75,0.105000000447035,16.25,0.00100608833599836,-7.703692244831473e-05,-7.100100629031658e-05
110,38.75,0.135000001639128,16.25,0.00144615641329437,-0.00011577811528695747,0.001068723271600902
111,38.75,0.0149999996647239,18.75,0.00203884998336434,0.00034186942502856255,-0.0017351435963064432
112,38.75,0.0449999989941716,18.75,0.0011306373635307,0.00013479329936672002,-0.0007589561282657087
113,38.75,0.0750000011175871,18.75,0.000802540511358529,0.00010970159200951457,-0.00017042786930687726
114,38.75,0.105000000447035,18.75,0.000957315496634692,2.966896499856375e-05,0.0005328115075826645
115,38.75,0.135000001639128,18.75,0.00150663091335446,6.459386349888518e-05,0.001492387498728931
116,38.75,0.0149999996647239,21.25,0.00184356921818107,-0.00015815181541256607,-0.002186991274356842
117,38.75,0.0449999989941716,21.25,0.00120601034723222,-3.3318190162390238e-06,-0.001103219692595303
118,38.75,0.0750000011175871,21.25,0.00113036576658487,6.0299305914668366e-05,2.0431041775736958e-05
119,38.75,0.105000000447035,21.25,0.00134730362333357,-2.924013460869901e-05,0.0008481974364258349
120,38.75,0.135000001639128,21.25,0.00215461757034063,-4.2785806726897135e-05,0.0017535127699375153
121,38.75,0.0149999996647239,23.75,0.00209310720674694,1.7853461031336337e-05,-0.0021613219287246466
122,38.75,0.0449999989941716,23.75,0.00115077092777938,-4.828559758607298e-05,-0.0011012032628059387
123,38.75,0.0750000011175871,23.75,0.000718555937055498,-0.00010923539230134338,0.0001262685691472143
124,38.75,0.105000000447035,23.75,0.00133762031327933,-4.802186231245287e-05,0.0012319893576204777
125,38.75,0.135000001639128,23.75,0.00201858300715685,-4.044543857162353e-06,0.0021328572183847427
126,36.25,0.0149999996647239,13.75,0.00138157873880118,0.0006568636163137853,-0.0001527985732536763
127,36.25,0.0449999989941716,13.75,0.00164214323740453,0.0002797463093884289,8.238129521487281e-05
128,36.25,0.0750000011175871,13.75,0.00166993087623268,0.0001119784647016786,-9.278987272409722e-05
129,36.25,0.105000000447035,13.75,0.00178810046054423,0.0003713428450282663,0.00034729536855593324
130,36.25,0.135000001639128,13.75,0.00167339900508523,0.000424758909502998,0.0003289278538431972
131,36.25,0.0149999996647239,16.25,0.00125935673713684,-0.00040009975782595575,-0.001562042161822319
132,36.25,0.0449999989941716,16.25,0.00105098495259881,-0.00015320467355195433,-0.0005294384900480509
133,36.25,0.0750000011175871,16.25,0.00139996979851276,2.2540871214005165e-05,-0.0005153397214598954
134,36.25,0.105000000447035,16.25,0.00135323812719434,-2.18062868952984e-05,-0.00021692180598620325
135,36.25,0.135000001639128,16.25,0.0014842787059024,-0.00014737278979737312,0.0004937922349199653
136,36.25,0.0149999996647239,18.75,0.00163351441733539,0.00023162750585470349,-0.0009459818829782307
137,36.25,0.0449999989941716,18.75,0.000885410117916763,-0.00018154650751966983,-0.0001646498858463019
138,36.25,0.0750000011175871,18.75,0.000929351313970983,-0.00011644363985396922,9.040123586601112e-06
139,36.25,0.105000000447035,18.75,0.000978727010078728,3.155144804622978e-05,0.0003253528557252139
140,36.25,0.135000001639128,18.75,0.00107153959106654,0.00010353456309530884,0.0007343997713178396
141,36.25,0.0149999996647239,21.25,0.00138029013760388,-0.00011156182881677523,-0.0014283312484622002
142,36.25,0.0449999989941716,21.25,0.0012016479158774,0.00010488138650543988,-0.0005804244428873062
143,36.25,0.0750000011175871,21.25,0.0012380953412503,-4.456824242993207e-08,1.3559792932937853e-05
144,36.25,0.105000000447035,21.25,0.00142302934546024,4.108049688511528e-05,0.0004591999459080398
145,36.25,0.135000001639128,21.25,0.00125138601288199,-4.9009562644641846e-05,0.00039554195245727897
146,36.25,0.0149999996647239,23.75,0.00142319616861641,8.535083179594949e-05,-0.0010256619425490499
147,36.25,0.0449999989941716,23.75,0.000897693913429976,5.6884760851971805e-05,-0.00025732527137733996
148,36.25,0.0750000011175871,23.75,0.000895701756235212,0.0001550269080325961,0.0001237028045579791
149,36.25,0.105000000447035,23.75,0.000854946032632142,0.00010423133062431589,0.0003855301474686712
150,36.25,0.135000001639128,23.75,0.000922168663237244,5.399429937824607e-05,0.0005605042679235339
151,33.75,0.0149999996647239,13.75,0.00135268829762936,0.000570090429391712,0.0016186697175726295
152,33.75,0.0449999989941716,13.75,0.000784758303780109,0.00022257167438510805,0.0007465140661224723
153,33.75,0.0750000011175871,13.75,0.00125104398466647,0.0001746011694194749,-0.00043741593253798783
154,33.75,0.105000000447035,13.75,0.00178895832505077,0.00024835419026203454,-0.0004497322079259902
155,33.75,0.135000001639128,13.75,0.00217677210457623,0.0003604925877880305,-0.0015338939847424626
156,33.75,0.0149999996647239,16.25,0.00149585190229118,-0.000389704538974911,0.0006368319736793637
157,33.75,0.0449999989941716,16.25,0.000654661504086107,-4.2393188778078184e-05,-6.181468779686838e-05
158,33.75,0.0750000011175871,16.25,0.0013426267541945,-8.529407932655886e-05,-0.0006372610223479569
159,33.75,0.105000000447035,16.25,0.00188724743202329,-0.00017962008132599294,-0.001337868394330144
160,33.75,0.135000001639128,16.25,0.00206515262834728,-0.0002891054900828749,-0.001577823655679822
161,33.75,0.0149999996647239,18.75,0.00244481419213116,0.00032048558932729065,0.0013367747887969017
162,33.75,0.0449999989941716,18.75,0.00126869091764092,0.00019201003306079656,0.00041296856943517923
163,33.75,0.0750000011175871,18.75,0.00071482767816633,8.614555554231629e-05,-0.00019925227388739586
164,33.75,0.105000000447035,18.75,0.00128749967552722,-8.999864803627133e-05,-0.0008873752667568624
165,33.75,0.135000001639128,18.75,0.00189131719525903,0.00020840184879489243,-0.001791324932128191
166,33.75,0.0149999996647239,21.25,0.00213883677497506,-0.0002464866265654564,0.0013468227116391063
167,33.75,0.0449999989941716,21.25,0.00122658116742969,-0.00011273379641352221,0.0005228817462921143
168,33.75,0.0750000011175871,21.25,0.000594255514442921,-7.193459896370769e-05,-0.00010722318984335288
169,33.75,0.105000000447035,21.25,0.00117671606130898,1.1396523404982872e-05,-0.0012202138314023614
170,33.75,0.135000001639128,21.25,0.00171379663515836,-0.00020099693210795522,-0.0020205131731927395
171,33.75,0.0149999996647239,23.75,0.00157463923096657,2.028390736086294e-05,0.0016760817961767316
172,33.75,0.0449999989941716,23.75,0.000676425057463348,-9.254142787540331e-05,0.0005934530054219067
173,33.75,0.0750000011175871,23.75,0.000584621506277472,-0.00016622288967482746,-0.00034591034636832774
174,33.75,0.105000000447035,23.75,0.00133158452808857,-0.0001835202710935846,-0.0011356179602444172
175,33.75,0.135000001639128,23.75,0.00245392858050764,2.88648261630442e-05,-0.0023132218047976494
176,31.25,0.0149999996647239,13.75,0.000770497659686953,0.0005037799710407853,0.00028557892073877156
177,31.25,0.0449999989941716,13.75,0.000831315061077476,0.00018371461192145944,0.00031851089443080127
178,31.25,0.0750000011175871,13.75,0.00103042344562709,0.0003802213759627193,-0.00018676271429285407
179,31.25,0.105000000447035,13.75,0.00119531387463212,0.00030607657390646636,1.1475145583972335e-05
180,31.25,0.135000001639128,13.75,0.00172054825816303,0.0003813464136328548,-0.0007950507570058107
181,31.25,0.0149999996647239,16.25,0.00129690347239375,-0.0003375137457624078,-0.0011987274046987295
182,31.25,0.0449999989941716,16.25,0.00120953470468521,-7.276572432601824e-05,-0.0005624897894449532
183,31.25,0.0750000011175871,16.25,0.00138344406150281,-0.00014757836470380425,-0.0004907121765427291
184,31.25,0.105000000447035,16.25,0.00165655231103301,2.3162205252447166e-05,-0.0010013669962063432
185,31.25,0.135000001639128,16.25,0.0016338333953172,-9.398604015586898e-05,-0.000560385116841644
186,31.25,0.0149999996647239,18.75,0.00155541207641363,0.00036293527227826416,-0.0003877677954733372
187,31.25,0.0449999989941716,18.75,0.000979550066404045,-6.56738702673465e-05,-0.00012645366950891912
188,31.25,0.0750000011175871,18.75,0.000767078658100218,0.00014499432290904224,-0.00036707246908918023
189,31.25,0.105000000447035,18.75,0.00102424435317516,0.00016757467528805137,-0.0002571625227574259
190,31.25,0.135000001639128,18.75,0.000904745189473033,4.759026342071593e-05,-0.00028909757384099066
191,31.25,0.0149999996647239,21.25,0.00116577686276287,-0.0002035800280282274,-0.0007715545361861587
192,31.25,0.0449999989941716,21.25,0.00114670163020492,0.00016535664326511323,-0.00020694058912340552
193,31.25,0.0750000011175871,21.25,0.000874391873367131,7.741856097709388e-05,0.00013806555944029242
194,31.25,0.105000000447035,21.25,0.000838259526062757,0.00014441803796216846,-0.00010178320371778682
195,31.25,0.135000001639128,21.25,0.000720413692761213,0.00011438472574809566,3.8634516386082396e-05
196,31.25,0.0149999996647239,23.75,0.000911522307433188,0.00014785287203267217,-0.0004040011845063418
197,31.25,0.0449999989941716,23.75,0.000700860575307161,5.865614002686925e-05,-0.00022770700161345303
198,31.25,0.0750000011175871,23.75,0.000592029537074268,0.0001602583797648549,5.752978540840559e-05
199,31.25,0.105000000447035,23.75,0.00066914118360728,0.00011658231233013794,0.00013674177171196789
200,31.25,0.135000001639128,23.75,0.000578882696572691,-5.94194148106908e-07,0.00018993340199813247
201,28.75,0.0149999996647239,13.75,0.00152273301500827,0.0005851262831129134,-0.00046487562940455973
202,28.75,0.0449999989941716,13.75,0.00148852914571762,0.00018563016783446074,0.00010423391358926892
203,28.75,0.0750000011175871,13.75,0.00149491825141013,0.0003326795995235443,-0.0002730386913754046
204,28.75,0.105000000447035,13.75,0.00129147514235228,0.00017689712694846094,9.395145025337115e-05
205,28.75,0.135000001639128,13.75,0.00149758509360254,0.00012242731463629752,-0.00011863074905704707
206,28.75,0.0149999996647239,16.25,0.00186278787441552,-0.00042072433279827237,-0.0010886150412261486
207,28.75,0.0449999989941716,16.25,0.00131936476100236,8.069660543696955e-05,-0.0006745537393726408
208,28.75,0.0750000011175871,16.25,0.00135312438942492,-0.00011815411562565714,-0.00044166058069095016
209,28.75,0.105000000447035,16.25,0.00149643560871482,-0.00019138782226946205,-0.0006180629716254771
210,28.75,0.135000001639128,16.25,0.00154116284102201,0.0001237140386365354,-0.0005359412753023207
211,28.75,0.0149999996647239,18.75,0.00198413198813796,0.00023253998369909823,-0.000358432560460642
212,28.75,0.0449999989941716,18.75,0.00152015476487577,-0.0001729103096295148,-0.00012984068598598242
213,28.75,0.0750000011175871,18.75,0.00156316184438765,-0.0002053707285085693,-7.61845221859403e-05
214,28.75,0.105000000447035,18.75,0.00139587675221264,-0.00013664014113601297,-3.484361513983458e-05
215,28.75,0.135000001639128,18.75,0.00185611366759986,-0.0003038346767425537,-0.0002986645558848977
216,28.75,0.0149999996647239,21.25,0.00166545936372131,-0.0002633281983435154,-0.00080972007708624
217,28.75,0.0449999989941716,21.25,0.00171005434822291,-1.4558645489159971e-05,-0.00029462247039191425
218,28.75,0.0750000011175871,21.25,0.00165904243476689,-5.920324838371016e-05,-5.422910544439219e-05
219,28.75,0.105000000447035,21.25,0.00161282287444919,-0.00025327992625534534,0.00010966398258460686
220,28.75,0.135000001639128,21.25,0.00171627150848508,0.00010233490320388228,0.00010987238783854991
221,28.75,0.0149999996647239,23.75,0.00168628513347358,3.767392990994267e-05,-0.0008992284419946373
222,28.75,0.0449999989941716,23.75,0.00158670486416668,-0.00011580840509850532,-0.00035093113547191024
223,28.75,0.0750000011175871,23.75,0.00148560886736959,-0.00018063811876345426,-1.8625023585627787e-05
224,28.75,0.105000000447035,23.75,0.00136853789445013,-8.87514470377937e-05,0.00018021583673544228
225,28.75,0.135000001639128,23.75,0.00146017584484071,-8.949228504206985e-05,0.00045903067803010345
226,26.25,0.0149999996647239,13.75,0.00113217905163765,0.0006845775060355663,0.0007143615512177348
227,26.25,0.0449999989941716,13.75,0.000687658146489412,0.000247606891207397,0.00046380070853047073
228,26.25,0.0750000011175871,13.75,0.000992411398328841,0.0002671651018317789,-0.000152979206177406
229,26.25,0.105000000447035,13.75,0.00147724663838744,0.0004155183560214937,-0.00024267846310976893
230,26.25,0.135000001639128,13.75,0.00178591394796968,9.198957559419796e-05,-0.0011129069607704878
231,26.25,0.0149999996647239,16.25,0.00196847319602966,-0.0004242729628458619,0.00034892678377218544
232,26.25,0.0449999989941716,16.25,0.000514662475325167,-0.00015858198457863182,1.2529285413620528e-05
233,26.25,0.0750000011175871,16.25,0.000721471209544688,-9.13739568204619e-05,-0.0003607217513490468
234,26.25,0.105000000447035,16.25,0.00132729473989457,-0.0002082143910229206,-0.0007305831531994045
235,26.25,0.135000001639128,16.25,0.00174416590016335,0.00017092752386815846,-0.0013830441748723388
236,26.25,0.0149999996647239,18.75,0.00244896416552365,0.00038046581903472543,0.0010660156840458512
237,26.25,0.0449999989941716,18.75,0.00085951725486666,0.00011696140427375212,0.0004492898005992174
238,26.25,0.0750000011175871,18.75,0.000887041038367897,0.00025239685783162713,0.00010764299076981843
239,26.25,0.105000000447035,18.75,0.00101131852716208,0.0004845790390390903,-0.00047785398783162236
240,26.25,0.135000001639128,18.75,0.00131545762997121,-0.00016405576025135815,-0.0013193112099543214
241,26.25,0.0149999996647239,21.25,0.00182222644798458,-0.00010812079563038424,0.0012500588782131672
242,26.25,0.0449999989941716,21.25,0.00140002579428256,0.00024189410032704473,0.0007609169697389007
243,26.25,0.0750000011175871,21.25,0.00118996377568692,0.0002599778526928276,0.0003220140642952174
244,26.25,0.105000000447035,21.25,0.00102667510509491,0.0001410813711117953,-0.0008135512471199036
245,26.25,0.135000001639128,21.25,0.00184234115295112,0.0003833477385342121,-0.0016625502612441778
246,26.25,0.0149999996647239,23.75,0.00184011727105826,9.760334069142118e-05,0.001982130343094468
247,26.25,0.0449999989941716,23.75,0.00145304400939494,1.700839857221581e-05,0.0014217877760529518
248,26.25,0.0750000011175871,23.75,0.000706190359778702,0.00010330425720894709,0.0005070259794592857
249,26.25,0.105000000447035,23.75,0.0012728264555335,0.0001460421335650608,-0.0008447584114037454
250,26.25,0.135000001639128,23.75,0.00215745228342712,-9.39510136959143e-05,-0.002048478927463293
251,23.75,0.0149999996647239,13.75,0.000972584472037852,0.0007135705091059208,1.1098362847405951e-05
252,23.75,0.0449999989941716,13.75,0.000871414958965033,0.00014814823225606233,2.7926857001148164e-05
253,23.75,0.0750000011175871,13.75,0.00150705617852509,0.0002999618009198457,-0.00040833346429280937
254,23.75,0.105000000447035,13.75,0.00143981096334755,0.0004382252518553287,-2.03141535166651e-05
255,23.75,0.135000001639128,13.75,0.00182372331619263,3.050392660952639e-05,-0.0006880313158035278
256,23.75,0.0149999996647239,16.25,0.00129607052076608,-0.00044727709610015154,-0.00038381502963602543
257,23.75,0.0449999989941716,16.25,0.000833691388834268,-5.1300688937772065e-05,-0.0005429950542747974
258,23.75,0.0750000011175871,16.25,0.000957343552727252,-9.417362161912024e-05,-0.0004469180421438068
259,23.75,0.105000000447035,16.25,0.00140083744190633,-0.0003688191354740411,-0.0005392619641497731
260,23.75,0.135000001639128,16.25,0.0015595507575199,0.00021993182599544525,-0.0008754810551181436
261,23.75,0.0149999996647239,18.75,0.00203571375459433,0.00023382180370390415,0.00037661418900825083
262,23.75,0.0449999989941716,18.75,0.000930551381316036,-2.5307515898020938e-05,-2.534373925300315e-05
263,23.75,0.0750000011175871,18.75,0.000785403186455369,-0.00021707062842324376,-0.00021296332124620676
264,23.75,0.105000000447035,18.75,0.000939003366511315,1.7067951603166875e-06,3.531281618052162e-05
265,23.75,0.135000001639128,18.75,0.00106503861024976,-0.0004599752719514072,-0.0005184839828871191
266,23.75,0.0149999996647239,21.25,0.00121861544903368,-0.00023444667749572545,0.0002561649598646909
267,23.75,0.0449999989941716,21.25,0.00103912397753447,-0.0001704042952042073,3.312006447231397e-05
268,23.75,0.0750000011175871,21.25,0.00110500981099904,-0.00019865606736857444,-3.093827035627328e-05
269,23.75,0.105000000447035,21.25,0.00117118575144559,-0.0004924067761749029,-0.00043037006980739534
270,23.75,0.135000001639128,21.25,0.00151647918391973,0.00017523078713566065,-0.001227269065566361
271,23.75,0.0149999996647239,23.75,0.00151311070658267,3.563883637980325e-06,0.0013515797909349203
272,23.75,0.0449999989941716,23.75,0.00156027963384986,-0.00011830428411485627,0.0009583025821484625
273,23.75,0.0750000011175871,23.75,0.00156112900003791,-0.00021472123626153916,0.0004978798096999526
274,23.75,0.105000000447035,23.75,0.00166465644724667,-7.986654964042827e-05,-0.0008403679239563644
275,23.75,0.135000001639128,23.75,0.00154113012831658,-0.00015517370775341988,-0.0015706171980127692
276,21.25,0.0149999996647239,13.75,0.00251535116694868,0.0009558518067933619,-0.0015731890453025699
277,21.25,0.0449999989941716,13.75,0.00155927799642086,0.00031188735738396645,-0.0006893805111758411
278,21.25,0.0750000011175871,13.75,0.00134755077306181,0.00028308251057751477,-0.0002806253032758832
279,21.25,0.105000000447035,13.75,0.00122546183411032,0.0003295691276434809,0.0008962489664554596
280,21.25,0.135000001639128,13.75,0.00167146581225097,4.281188012100756e-05,0.001219425699673593
281,21.25,0.0149999996647239,16.25,0.00172285572625697,-0.0006143590435385704,-0.0019984517712146044
282,21.25,0.0449999989941716,16.25,0.0016284262528643,-8.951366180554032e-05,-0.0014296964509412646
283,21.25,0.0750000011175871,16.25,0.00128892681095749,4.2355382902314886e-05,-0.0004914411110803485
284,21.25,0.105000000447035,16.25,0.00103786354884505,-0.0001264177990378812,0.0003702300018630922
285,21.25,0.135000001639128,16.25,0.00118606188334525,0.00020815068273805082,0.000688368221744895
286,21.25,0.0149999996647239,18.75,0.00221056886948645,0.0005806563422083855,-0.0015819664113223553
287,21.25,0.0449999989941716,18.75,0.00115753652062267,0.00014696171274408698,-0.0005710546975024045
288,21.25,0.0750000011175871,18.75,0.000878731603734195,0.0001367466466035694,-1.2795432667189743e-05
289,21.25,0.105000000447035,18.75,0.000852796656545252,0.00043689279118552804,0.0008035124628804624
290,21.25,0.135000001639128,18.75,0.0013167317956686,-0.0001678942353464663,0.000757661706302315
291,21.25,0.0149999996647239,21.25,0.00122180487960577,-0.00026394869200885296,-0.0012353723868727684
292,21.25,0.0449999989941716,21.25,0.00126473605632782,0.00015385683218482882,-0.0006183021469041705
293,21.25,0.0750000011175871,21.25,0.00119522400200367,0.00028709787875413895,0.0002889458555728197
294,21.25,0.105000000447035,21.25,0.00117421988397837,0.00012931400851812214,0.0008775434107519686
295,21.25,0.135000001639128,21.25,0.00129451544489712,0.00034618258359842,0.0008983766892924905
296,21.25,0.0149999996647239,23.75,0.00136354262940586,0.00021781200484838337,-0.000978065305389464
297,21.25,0.0449999989941716,23.75,0.00102560420054942,0.0001625906879780814,-0.0004183333949185908
298,21.25,0.0750000011175871,23.75,0.000801642658188939,0.0002605147019494325,0.0003332443011458963
299,21.25,0.105000000447035,23.75,0.00111791340168566,0.00029926959541626275,0.0009937245631590486
300,21.25,0.135000001639128,23.75,0.00153585942462087,-1.5912557500996627e-05,0.0013738791458308697
301,18.75,0.0149999996647239,13.75,0.00141991022974253,0.0005944229196757078,-0.0009205786045640707
302,18.75,0.0449999989941716,13.75,0.00120497040916234,3.114299943263177e-06,-0.0006959821912460029
303,18.75,0.0750000011175871,13.75,0.00117440870963037,0.00013528917043004185,-0.0006220579380169511
304,18.75,0.105000000447035,13.75,0.000836377148516476,0.0003841437282972038,0.0004565630224533379
305,18.75,0.135000001639128,13.75,0.000961726589594036,0.0001590430474607274,0.0007977946661412716
306,18.75,0.0149999996647239,16.25,0.00130958016961813,-0.0004911654395982623,-0.0019486398668959737
307,18.75,0.0449999989941716,16.25,0.00130026927217841,-0.0001321317977271974,-0.0011837268248200417
308,18.75,0.0750000011175871,16.25,0.000856876606121659,-0.0001258919364772737,-0.0005228496738709509
309,18.75,0.105000000447035,16.25,0.000996180227957666,-0.0003956210857722908,-8.618862193543464e-05
310,18.75,0.135000001639128,16.25,0.000772871833760291,4.86873286718037e-05,0.0005642183241434395
311,18.75,0.0149999996647239,18.75,0.00144514790736139,0.00019990911823697388,-0.0012603611685335636
312,18.75,0.0449999989941716,18.75,0.000787933066021651,1.5133900888031349e-05,-0.0008002083632163703
313,18.75,0.0750000011175871,18.75,0.000343719148077071,-0.0001323204196523875,-0.0002047450834652409
314,18.75,0.105000000447035,18.75,0.000597126083448529,9.752600453794003e-05,0.00036405149148777127
315,18.75,0.135000001639128,18.75,0.000896535930223763,-0.0002285065856995061,0.0005828866851516068
316,18.75,0.0149999996647239,21.25,0.00141183554660529,-0.00025777905830182135,-0.001813430106267333
317,18.75,0.0449999989941716,21.25,0.00116119254380465,-0.00020018266513943672,-0.0014056825311854482
318,18.75,0.0750000011175871,21.25,0.000551236618775874,-0.00018725678091868758,-4.2568237404339015e-05
319,18.75,0.105000000447035,21.25,0.00153468851931393,-0.0004616261285264045,0.0011422106763347983
320,18.75,0.135000001639128,21.25,0.001166858128272,5.8105604693992063e-05,0.0011415787739679217
321,18.75,0.0149999996647239,23.75,0.0020006368868053,-6.670491711702198e-05,-0.00228577246889472
322,18.75,0.0449999989941716,23.75,0.00172946485690773,-0.0002236689906567335,-0.0017873133765533566
323,18.75,0.0750000011175871,23.75,0.00112814933527261,-0.0004004538932349533,0.00011316771269775927
324,18.75,0.105000000447035,23.75,0.00184470589738339,-0.000271205382887274,0.0017690632957965136
325,18.75,0.135000001639128,23.75,0.00190879707224667,-0.0001853906869655475,0.001981507521122694
326,16.25,0.0149999996647239,13.75,0.00124538945965469,0.0007273566443473101,-0.00055804627481848
327,16.25,0.0449999989941716,13.75,0.00104332016780972,0.0004527407872956246,-0.00018213328439742327
328,16.25,0.0750000011175871,13.75,0.00110726396087557,0.0003950214886572212,-0.0002951253263745457
329,16.25,0.105000000447035,13.75,0.00126987416297197,0.00033113505924120545,0.00022561220976058394
330,16.25,0.135000001639128,13.75,0.00109071203041822,0.0001511218142695725,6.543262861669064e-05
331,16.25,0.0149999996647239,16.25,0.00102886639069766,-0.0004049705166835338,-0.0014697699807584286
332,16.25,0.0449999989941716,16.25,0.00100487237796187,-2.6844376407098025e-05,-0.0005494849756360054
333,16.25,0.0750000011175871,16.25,0.000816625368315727,1.4615262671213713e-06,-0.0004001614870503545
334,16.25,0.105000000447035,16.25,0.000980391865596175,-0.00015625811647623777,-0.00040264238486997783
335,16.25,0.135000001639128,16.25,0.00101752893533558,0.00011699533934006467,0.0001413080608472228
336,16.25,0.0149999996647239,18.75,0.00134046387393028,0.0004088823334313929,-0.0008439826779067516
337,16.25,0.0449999989941716,18.75,0.000680059485603124,-4.4725406041834503e-05,-0.0001064471434801817
338,16.25,0.0750000011175871,18.75,0.000298958795610815,0.00010287780605722219,-1.2705530934908893e-05
339,16.25,0.105000000447035,18.75,0.000618821359239519,0.0003724832204170525,0.00021342973923310637
340,16.25,0.135000001639128,18.75,0.000826591392979026,-9.007707558339462e-05,0.0005256946897134185
341,16.25,0.0149999996647239,21.25,0.000926222710404545,-0.00019101245561614633,-0.0012236357433721423
342,16.25,0.0449999989941716,21.25,0.000894303317181766,0.00026982533745467663,-0.0005920831463299692
343,16.25,0.0750000011175871,21.25,0.000404268357669935,0.0002119025739375502,8.605336915934458e-05
344,16.25,0.105000000447035,21.25,0.00058664777316153,0.00014947350427974015,0.00028143954114057124
345,16.25,0.135000001639128,21.25,0.000801647605840117,0.0002748160040937364,0.0008598821004852653
346,16.25,0.0149999996647239,23.75,0.00156190455891192,0.00023156804672908038,-0.001429858966730535
347,16.25,0.0449999989941716,23.75,0.000759536342229694,0.00018259590433444828,-0.000543842907063663
348,16.25,0.0750000011175871,23.75,0.000382386904675514,0.0003941861796192825,6.062363172532059e-05
349,16.25,0.105000000447035,23.75,0.000479174370411783,0.0003871730586979538,0.0006635938188992441
350,16.25,0.135000001639128,23.75,0.0010774799156934,6.373455107677728e-05,0.0012371813645586371
351,13.75,0.0149999996647239,13.75,0.00111034302972257,0.0006019081338308752,0.0010744370520114899
352,13.75,0.0449999989941716,13.75,0.00123116106260568,2.1041138097643852e-05,0.0006179726333357394
353,13.75,0.0750000011175871,13.75,0.00103847321588546,0.00024508131900802255,-0.00012044700270052999
354,13.75,0.105000000447035,13.75,0.00163557648193091,0.00044576669461093843,-0.0003238328208681196
355,13.75,0.135000001639128,13.75,0.00216073170304298,7.773512334097177e-05,-0.001477887504734099
356,13.75,0.0149999996647239,16.25,0.00154585717245936,-0.0004711543442681432,0.0003551752888597548
357,13.75,0.0449999989941716,16.25,0.000836627907119691,-3.837926851701923e-05,-5.471623080666177e-05
358,13.75,0.0750000011175871,16.25,0.000968140549957752,-0.00019969732966274023,-0.00047384286881424487
359,13.75,0.105000000447035,16.25,0.00141827925108373,-0.00033385370625182986,-0.0009441374568268657
360,13.75,0.135000001639128,16.25,0.00213154312223196,7.940884825075045e-05,-0.0013759781140834093
361,13.75,0.0149999996647239,18.75,0.00213589007034898,0.0003367335011716932,0.0009600881603546441
362,13.75,0.0449999989941716,18.75,0.00130565860308707,-2.3539374524261802e-05,0.0004934833850711584
363,13.75,0.0750000011175871,18.75,0.000951185240410268,7.641877164132893e-05,-4.140320470469305e-06
364,13.75,0.105000000447035,18.75,0.00106330460403115,9.375195804750547e-05,-0.0006287845899350941
365,13.75,0.135000001639128,18.75,0.00138900696765631,-0.0002476317749824375,-0.0011124979937449098
366,13.75,0.0149999996647239,21.25,0.00185911753214896,-0.000206754615646787,0.0007518582278862596
367,13.75,0.0449999989941716,21.25,0.0012612227583304,-1.988650410567061e-06,0.00052217289339751
368,13.75,0.0750000011175871,21.25,0.000796864158473909,-0.00023778874310664833,0.00020275884889997542
369,13.75,0.105000000447035,21.25,0.000796281034126878,-0.0003963921044487506,-0.0003792528877966106
370,13.75,0.135000001639128,21.25,0.00129541521891952,7.356491096288664e-06,-0.0011248862138018012
371,13.75,0.0149999996647239,23.75,0.00169153662864119,-6.466572813224047e-05,0.0011505198199301958
372,13.75,0.0449999989941716,23.75,0.00148160418029875,-0.000291915814159438,0.000667044660076499
373,13.75,0.0750000011175871,23.75,0.00109899253584445,-0.00036116299452260137,0.00029632565565407276
374,13.75,0.105000000447035,23.75,0.00108313758391887,-0.00027908646734431386,-0.0003022519813384861
375,13.75,0.135000001639128,23.75,0.00126503559295088,-0.0001639107067603618,-0.000934601528570056
376,11.25,0.0149999996647239,13.75,0.00196469994261861,0.0006661526276730001,0.0021029929630458355
377,11.25,0.0449999989941716,13.75,0.000908850634004921,0.0005153048550710082,0.0009736407082527876
378,11.25,0.0750000011175871,13.75,0.00124930206220597,0.00038775629946030676,-0.0005315367016009986
379,11.25,0.105000000447035,13.75,0.0021464740857482,0.00048825301928445697,-0.0008471388719044626
380,11.25,0.135000001639128,13.75,0.00217843404971063,0.00022296597308013588,-0.0017976677045226097
381,11.25,0.0149999996647239,16.25,0.00242559472098947,-0.0003546044754330069,0.0013153692707419395
382,11.25,0.0449999989941716,16.25,0.00119734311010689,-0.0001714664394967258,0.0004954826436005533
383,11.25,0.0750000011175871,16.25,0.00119890528731048,-9.621560457162559e-05,-0.0003133374557364732
384,11.25,0.105000000447035,16.25,0.00229726987890899,-0.0002356294571654871,-0.0015521770110353827
385,11.25,0.135000001639128,16.25,0.00246774195693433,-3.987859599874355e-05,-0.0018975541461259127
386,11.25,0.0149999996647239,18.75,0.00301680318079889,0.00020966089505236596,0.0021079126745462418
387,11.25,0.0449999989941716,18.75,0.00166183011606336,0.00010541005030972883,0.0010225198930129409
388,11.25,0.0750000011175871,18.75,0.000983209582045674,0.00018861930584535003,0.00011162678856635466
389,11.25,0.105000000447035,18.75,0.00143394991755486,0.0003361980488989502,-0.0007822648622095585
390,11.25,0.135000001639128,18.75,0.00212954124435782,0.000181212744791992,-0.0019179332302883267
391,11.25,0.0149999996647239,21.25,0.00282504805363715,-0.0001358946756226942,0.001879866817034781
392,11.25,0.0449999989941716,21.25,0.00160486262757331,-7.046156724754837e-07,0.0009025144972838461
393,11.25,0.0750000011175871,21.25,0.00111166422720999,-2.017258339037653e-05,0.00025741822901181877
394,11.25,0.105000000447035,21.25,0.00112763117067516,7.270348578458652e-05,-0.0006402251892723143
395,11.25,0.135000001639128,21.25,0.00180921249557287,1.9293900550110266e-05,-0.0015304215485230088
396,11.25,0.0149999996647239,23.75,0.00180001184344292,0.00013167253928259015,0.0015017981640994549
397,11.25,0.0449999989941716,23.75,0.00125131919048727,0.00018866338359657675,0.0007771799573674798
398,11.25,0.0750000011175871,23.75,0.00111518823541701,0.00035093509359285235,0.00018028523481916636
399,11.25,0.105000000447035,23.75,0.00146542233414948,0.000298700004350394,-0.0006156837916933
400,11.25,0.135000001639128,23.75,0.0020675000268966,0.00013346143532544374,-0.0014403981622308493
401,8.75,0.0149999996647239,13.75,0.00172915984876454,0.0006702885730192065,0.0005936459638178349
402,8.75,0.0449999989941716,13.75,0.00184256304055452,0.00029995886143296957,0.0002971929498016834
403,8.75,0.0750000011175871,13.75,0.00181855331175029,0.00023078452795743942,-0.0003558741882443428
404,8.75,0.105000000447035,13.75,0.00170761486515403,0.00042651654803194106,-0.00018766777066048235
405,8.75,0.135000001639128,13.75,0.00164662697352469,0.0003960529575124383,-0.0006304039270617068
406,8.75,0.0149999996647239,16.25,0.00171272142324597,-0.0005100408452562988,1.2768202395818662e-05
407,8.75,0.0449999989941716,16.25,0.00178861350286752,-0.0002526691241655499,-0.0001680818822933361
408,8.75,0.0750000011175871,16.25,0.00181002891622484,-8.974073716672137e-05,-0.0006590283592231572
409,8.75,0.105000000447035,16.25,0.00192000204697251,-0.00024375577049795538,-0.0007135489722713828
410,8.75,0.135000001639128,16.25,0.00181738880928606,-0.0002404763945378363,-0.0009456353727728128
411,8.75,0.0149999996647239,18.75,0.00192292791325599,0.0004226512392051518,0.0007684074807912111
412,8.75,0.0449999989941716,18.75,0.00171959260478616,0.00015395063383039087,0.00039748867857269943
413,8.75,0.0750000011175871,18.75,0.0014559468254447,-8.434275514446199e-06,-0.000267148541752249
414,8.75,0.105000000447035,18.75,0.00149440846871585,3.962327537010424e-05,-0.00037643665564246476
415,8.75,0.135000001639128,18.75,0.00133818876929581,9.087279613595456e-05,-0.0009492503013461828
416,8.75,0.0149999996647239,21.25,0.00173973559867591,-0.00023372581927105784,0.000837707135360688
417,8.75,0.0449999989941716,21.25,0.00168665091041476,-0.00011437865759944543,0.0005718477186746895
418,8.75,0.0750000011175871,21.25,0.00145334494300187,-0.00012309273006394506,-4.5440167014021426e-05
419,8.75,0.105000000447035,21.25,0.00149167014751583,-0.0002549856435507536,-0.0005329250125214458
420,8.75,0.135000001639128,21.25,0.00120514375157654,-0.00020842628146056086,-0.0010993648320436478
421,8.75,0.0149999996647239,23.75,0.00155303918290883,2.8167132768430747e-05,0.0013244904112070799
422,8.75,0.0449999989941716,23.75,0.00165375391952693,-7.768507930450141e-05,0.0009341865079477429
423,8.75,0.0750000011175871,23.75,0.00162858248222619,-0.00016433773271273822,7.973270112415776e-05
424,8.75,0.105000000447035,23.75,0.00147996447049081,-0.00012660276843234897,-0.0006780424737371504
425,8.75,0.135000001639128,23.75,0.00158789206761867,-9.070511623576749e-06,-0.0013525630347430706
426,6.25,0.0149999996647239,13.75,0.0018204360967502,0.000731293170247227,-0.0003615986497607082
427,6.25,0.0449999989941716,13.75,0.00142017542384565,0.00044144527055323124,-6.362286512739956e-05
428,6.25,0.0750000011175871,13.75,0.00190211774315685,0.00028098985785618424,-0.0003387038013897836
429,6.25,0.105000000447035,13.75,0.00156581134069711,0.0002644904307089746,0.00019800897280219942
430,6.25,0.135000001639128,13.75,0.00197270582430065,0.0002720601623877883,0.00010080094943987206
431,6.25,0.0149999996647239,16.25,0.00159180664923042,-0.0004224579897709191,-0.00020231826056260616
432,6.25,0.0449999989941716,16.25,0.00109239644370973,-0.00022249286121223122,-0.0005767265101894736
433,6.25,0.0750000011175871,16.25,0.00164131005294621,-0.00014385832764673978,-0.00010031535930465907
434,6.25,0.105000000447035,16.25,0.00178197596687824,-0.00014199897123035043,-0.00016857711307238787
435,6.25,0.135000001639128,16.25,0.00199726596474648,-0.0001734140096232295,4.66160308860708e-05
436,6.25,0.0149999996647239,18.75,0.00182741449680179,0.00025244164862670004,0.00039939687121659517
437,6.25,0.0449999989941716,18.75,0.00126067514065653,0.0001868864637799561,0.0001946648844750598
438,6.25,0.0750000011175871,18.75,0.00116843928117305,9.568674431648105e-05,0.0003297960211057216
439,6.25,0.105000000447035,18.75,0.00122206646483392,0.00012901313311886042,0.00016417950973846018
440,6.25,0.135000001639128,18.75,0.00134013453498483,0.00020698984735645354,-0.0001015975431073457
441,6.25,0.0149999996647239,21.25,0.00144634931348264,-0.00012199555931147188,0.0004126341955270618
442,6.25,0.0449999989941716,21.25,0.00133145321160555,-8.598861313657835e-05,0.0006244583637453616
443,6.25,0.0750000011175871,21.25,0.0009814741788432,6.883048627059907e-05,0.00036542254383675754
444,6.25,0.105000000447035,21.25,0.000954770657699555,0.0001226293243234977,-8.431780588580295e-05
445,6.25,0.135000001639128,21.25,0.000680510711390525,-0.00010344292968511581,-0.00026520653045736253
446,6.25,0.0149999996647239,23.75,0.0013394933193922,3.9792001189198345e-05,0.0012492926325649023
447,6.25,0.0449999989941716,23.75,0.000971225555986166,6.590480916202068e-05,0.0008058054372668266
448,6.25,0.0750000011175871,23.75,0.000701974320691079,5.822534149046987e-05,0.00039953947998583317
449,6.25,0.105000000447035,23.75,0.000636895303614438,4.623455970431678e-05,-7.140396064642118e-06
450,6.25,0.135000001639128,23.75,0.000872441043611616,8.240954775828868e-05,-0.0006008485215716064
451,3.75,0.0149999996647239,13.75,0.00144249654840678,0.0004911129362881184,-0.001106578973121941
452,3.75,0.0449999989941716,13.75,0.000873823999427259,0.00020909763406962156,-0.0006093597621656954
453,3.75,0.0750000011175871,13.75,0.00112406630069017,0.00017970954650081694,-0.0007483128574676812
454,3.75,0.105000000447035,13.75,0.00103798927739263,5.843153485329822e-05,-0.0001759485894581303
455,3.75,0.135000001639128,13.75,0.00079120130976662,0.00027891641366295516,-2.4942357413237914e-05
456,3.75,0.0149999996647239,16.25,0.00139743380714208,-0.0003305132850073278,-0.0018834875663742423
457,3.75,0.0449999989941716,16.25,0.00156923942267895,-0.00012319265806581825,-0.0011616791598498821
458,3.75,0.0750000011175871,16.25,0.00119625951629132,-6.170725100673735e-05,-0.0004231960920151323
459,3.75,0.105000000447035,16.25,0.00127631891518831,7.238976104417816e-05,0.0001226618478540331
460,3.75,0.135000001639128,16.25,0.00160365761257708,-0.00011795025784522295,0.0009175696177408099
461,3.75,0.0149999996647239,18.75,0.0015170214464888,0.00024101727467495948,-0.001449574250727892
462,3.75,0.0449999989941716,18.75,0.000777496956288815,8.388853166252375e-05,-0.000698177726007998
463,3.75,0.0750000011175871,18.75,0.000308876013150439,7.646176527487114e-05,6.277144711930305e-05
464,3.75,0.105000000447035,18.75,0.000738816394004971,-7.576083589810878e-05,0.00044082532986067235
465,3.75,0.135000001639128,18.75,0.00119266542606056,5.1103659643558785e-05,0.0013011962873861194
466,3.75,0.0149999996647239,21.25,0.00148846628144383,-0.00014640390872955322,-0.00180253223516047
467,3.75,0.0449999989941716,21.25,0.000731535314116627,-9.243301610695198e-05,-0.0008023020345717669
468,3.75,0.0750000011175871,21.25,0.000689680804498494,-0.00016875812434591353,0.00020353826403152198
469,3.75,0.105000000447035,21.25,0.00090067193377763,-9.036932169692591e-05,0.0008175592520274222
470,3.75,0.135000001639128,21.25,0.00142862857319415,-4.9922120524570346e-05,0.0014224484330043197
471,3.75,0.0149999996647239,23.75,0.00190032029058784,5.655748464050703e-05,-0.0018371341284364462
472,3.75,0.0449999989941716,23.75,0.00136936525814235,3.837065742118284e-05,-0.0010625412687659264
473,3.75,0.0750000011175871,23.75,0.000588003429584205,5.171165685169399e-05,-6.934844714123756e-05
474,3.75,0.105000000447035,23.75,0.000882482912857085,1.5818419342394918e-05,0.0008735505980439484
475,3.75,0.135000001639128,23.75,0.00153128115925938,1.4482995538855903e-05,0.0016905490774661303
476,1.25,0.0149999996647239,13.75,0.00167363556101918,0.0006224321550689638,-0.0007759678410366178
477,1.25,0.0449999989941716,13.75,0.00136725907213986,0.000546164927072823,-0.00018425099551677704
478,1.25,0.0750000011175871,13.75,0.00129639671649784,0.0004009258118458092,-9.166141535388306e-05
479,1.25,0.105000000447035,13.75,0.00123881781473756,0.0004394249990582466,0.0008939990657381713
480,1.25,0.135000001639128,13.75,0.00124076416250318,0.00015547082875855267,0.0008656958816573024
481,1.25,0.0149999996647239,16.25,0.00183164014015347,-0.0003574258298613131,-0.0019794160034507513
482,1.25,0.0449999989941716,16.25,0.00153045926708728,-0.0003516186843626201,-0.0008036154322326183
483,1.25,0.0750000011175871,16.25,0.00122295028995723,-0.00020309456158429384,-0.0003064151096623391
484,1.25,0.105000000447035,16.25,0.00144828739576042,-0.00024625693913549185,-0.00032002903753891587
485,1.25,0.135000001639128,16.25,0.00156942429021001,5.145240356796421e-05,0.0010264141019433737
486,1.25,0.0149999996647239,18.75,0.00155513500794768,0.00022485226509161294,-0.0012746697757393122
487,1.25,0.0449999989941716,18.75,0.00122598151210696,0.0002653749834280461,-0.0006364781293086708
488,1.25,0.0750000011175871,18.75,0.00106153113301843,0.00010540839866735041,8.239949238486588e-05
489,1.25,0.105000000447035,18.75,0.000937403121497482,0.00019303786393720657,0.0005040456890128553
490,1.25,0.135000001639128,18.75,0.00183789269067347,-0.00010393448610557243,0.0016687880270183086
491,1.25,0.0149999996647239,21.25,0.00163089099805802,-0.0001400511246174574,-0.0015494556864723563
492,1.25,0.0449999989941716,21.25,0.00126069446559995,-0.00017658517754171044,-0.0006492491811513901
493,1.25,0.0750000011175871,21.25,0.00112209876533598,-2.3006793981039664e-06,0.00030952549423091114
494,1.25,0.105000000447035,21.25,0.00134907756000757,-9.086384670808911e-05,0.0008962643914856017
495,1.25,0.135000001639128,21.25,0.00172633060719818,0.000130989879835397,0.0017434271285310388
496,1.25,0.0149999996647239,23.75,0.00206899270415306,5.342277654563077e-05,-0.0016971518052741885
497,1.25,0.0449999989941716,23.75,0.00138521590270102,7.501545042032376e-05,-0.0006277065840549767
498,1.25,0.0750000011175871,23.75,0.00119845615699887,-1.924719526869012e-06,0.0003065060591325164
499,1.25,0.105000000447035,23.75,0.00155636109411716,4.0340415580431e-05,0.0013570901937782764
500,1.25,0.135000001639128,23.75,0.00223210919648409,-6.099490565247834e-05,0.0021958649158477783
501,48.75,0.135000001639128,4.71428561210632,0.00202479562722147,0.003262388287112117,0.00259126047603786
502,48.75,0.105000000447035,4.71428561210632,0.00179926829878241,-0.0012612371938303113,-0.0015326763968914747
503,48.75,0.0750000011175871,4.71428561210632,0.00210813223384321,-0.0014230470405891538,-0.001434949692338705
504,48.75,0.0449999989941716,4.71428561210632,0.00218086154200137,-0.0034086296800523996,-0.0033782736863940954
505,48.75,0.0149999996647239,4.71428561210632,0.00156059174332768,0.00032245443435385823,-0.0002235422725789249
506,48.75,0.135000001639128,4.14285707473755,0.00360582023859024,-0.0065344092436134815,-0.004952555522322655
507,48.75,0.105000000447035,4.14285707473755,0.00304551934823394,7.123995601432398e-05,0.0016629052115604281
508,48.75,0.0750000011175871,4.14285707473755,0.00305301160551608,0.00025437521981075406,0.0011565082240849733
509,48.75,0.0449999989941716,4.14285707473755,0.00291891535744071,0.001843306003138423,0.002713198075070977
510,48.75,0.0149999996647239,4.14285707473755,0.00316281733103096,-0.0013598582008853555,0.0003574222791939974
511,48.75,0.135000001639128,3.57142865657806,0.00248060119338334,0.006832436192780733,0.008143624290823936
512,48.75,0.105000000447035,3.57142865657806,0.00306015857495368,-5.30062470716075e-06,0.0013093568850308657
513,48.75,0.0750000011175871,3.57142865657806,0.00327690364792943,-0.002832108410075307,-0.0007468180847354233
514,48.75,0.0449999989941716,3.57142865657806,0.00348446192219853,-0.005261596292257309,-0.003222311846911907
515,48.75,0.0149999996647239,3.57142865657806,0.00319153489544988,-0.0014585653552785516,-0.00036120330332778394
516,48.75,0.135000001639128,3.0,0.00345050124451518,-0.004773607477545738,-0.003015480935573578
517,48.75,0.105000000447035,3.0,0.0039595621638,-0.010982988402247429,-0.008645945228636265
518,48.75,0.0750000011175871,3.0,0.00299747684039176,0.0007694478263147175,0.001992747886106372
519,48.75,0.0449999989941716,3.0,0.00263949856162071,0.004901525564491749,0.006369852926582098
520,48.75,0.0149999996647239,3.0,0.00317420135252178,-0.0016163538675755262,0.0004643997526727617
521,48.75,0.135000001639128,2.42857134342194,0.0034364927560091,-0.004698002245277166,-0.002676167991012335
522,48.75,0.105000000447035,2.42857134342194,0.00268003507517278,0.0044831628911197186,0.005781725514680147
523,48.75,0.0750000011175871,2.42857134342194,0.00343392579816282,-0.004650377202779055,-0.002676194766536355
524,48.75,0.0449999989941716,2.42857134342194,0.00354403024539351,-0.005863543599843979,-0.004117913078516722
525,48.75,0.0149999996647239,2.42857134342194,0.00263193668797612,0.005190731026232243,0.006134783383458853
526,48.75,0.135000001639128,1.85714280605316,0.00314151379279792,-0.0009965705685317516,0.0004023491928819567
527,48.75,0.105000000447035,1.85714280605316,0.00296536111272871,0.0010304282186552882,0.0025673031341284513
528,48.75,0.0750000011175871,1.85714280605316,0.00320891616865993,-0.0019361544400453568,-0.00013768805365543813
529,48.75,0.0449999989941716,1.85714280605316,0.00317725026980042,-0.001614730223082006,0.00034657164360396564
530,48.75,0.0149999996647239,1.85714280605316,0.00355381402187049,-0.006153871770948172,-0.00392236839979887
531,48.75,0.135000001639128,1.28571426868439,0.00263919122517109,0.004863481502979994,0.006460041739046574
532,48.75,0.105000000447035,1.28571426868439,0.00340904225595295,-0.004298246465623379,-0.002486621495336294
533,48.75,0.0750000011175871,1.28571426868439,0.00307916291058064,-0.0003081723116338253,0.001224309322424233
534,48.75,0.0449999989941716,1.28571426868439,0.00305429962463677,4.4214997615199536e-05,0.0014409648720175028
535,48.75,0.0149999996647239,1.28571426868439,0.00348536274395883,-0.005160688888281584,-0.0034708562307059765
536,46.25,0.135000001639128,4.71428561210632,0.00213377038016915,0.0038656583055853844,0.0043466719798743725
537,46.25,0.105000000447035,4.71428561210632,0.00245080888271332,-0.00034845713526010513,0.0005349490093067288
538,46.25,0.0750000011175871,4.71428561210632,0.00261179311200976,-0.0003105239593423903,-0.00024927547201514244
539,46.25,0.0449999989941716,4.71428561210632,0.00242488132789731,-0.0004698818956967443,9.66631414485164e-05
540,46.25,0.0149999996647239,4.71428561210632,0.00259608193300664,0.00039094113162718713,0.0007490882417187095
541,46.25,0.135000001639128,4.14285707473755,0.00343696004711092,-0.004514108877629042,-0.0030165754724293947
542,46.25,0.105000000447035,4.14285707473755,0.00304142921231687,0.0001285070611629635,0.001685073715634644
543,46.25,0.0750000011175871,4.14285707473755,0.00303373741917312,0.00031436356948688626,0.0016251334454864264
544,46.25,0.0449999989941716,4.14285707473755,0.00297420751303434,0.000969464483205229,0.0023995523806661367
545,46.25,0.0149999996647239,4.14285707473755,0.00307345623150468,-0.00018684451060835272,0.0012010701466351748
546,46.25,0.135000001639128,3.57142865657806,0.00281337136402726,0.0027735508047044277,0.00446919072419405
547,46.25,0.105000000447035,3.57142865657806,0.00320011121220887,-0.0017918226076290011,-0.00010594094783300534
548,46.25,0.0750000011175871,3.57142865657806,0.00334425666369498,-0.003599569434300065,-0.0016050550621002913
549,46.25,0.0449999989941716,3.57142865657806,0.00332354218699038,-0.0032854867167770863,-0.0014937878586351871
550,46.25,0.0149999996647239,3.57142865657806,0.00325957080349326,-0.002422090619802475,-0.0009120229515247047
551,46.25,0.135000001639128,3.0,0.00353509793058038,-0.005782817956060171,-0.003994147293269634
552,46.25,0.105000000447035,3.0,0.00353915197774768,-0.00586834829300642,-0.003974152263253927
553,46.25,0.0750000011175871,3.0,0.00297480798326433,0.0009610205888748169,0.0023830521386116743
554,46.25,0.0449999989941716,3.0,0.00288066058419645,0.002141995122656226,0.003377349115908146
555,46.25,0.0149999996647239,3.0,0.00302336202003062,0.0002879528037738055,0.001992056844756007
556,46.25,0.135000001639128,2.42857134342194,0.00311791524291039,-0.0008246976067312062,0.0008681573090143502
557,46.25,0.105000000447035,2.42857134342194,0.00300047104246914,0.0006479808362200856,0.0021005249582231045
558,46.25,0.0750000011175871,2.42857134342194,0.00308825727552176,-0.0004473664448596537,0.0011703905183821917
559,46.25,0.0449999989941716,2.42857134342194,0.00279074418358505,0.003105594776570797,0.0046078977175056934
560,46.25,0.0149999996647239,2.42857134342194,0.00302451034076512,0.0004068979760631919,0.0017452967585995793
561,46.25,0.135000001639128,1.85714280605316,0.00297566899098456,0.000945795385632664,0.002380414167419076
562,46.25,0.105000000447035,1.85714280605316,0.00277642579749227,0.003215647069737315,0.004890732001513243
563,46.25,0.0750000011175871,1.85714280605316,0.0031468307133764,-0.0011322840582579374,0.00046416823170147836
564,46.25,0.0449999989941716,1.85714280605316,0.00293425936251879,0.0014372565783560276,0.002867011586204171
565,46.25,0.0149999996647239,1.85714280605316,0.00297861034050584,0.0007674998487345874,0.002625421155244112
566,46.25,0.135000001639128,1.28571426868439,0.00251890090294182,0.006346737965941429,0.007755883503705263
567,46.25,0.105000000447035,1.28571426868439,0.00345508055761456,-0.004791754297912121,-0.0031306406017392874
568,46.25,0.0750000011175871,1.28571426868439,0.00275508710183203,0.0035502773243933916,0.004981623962521553
569,46.25,0.0449999989941716,1.28571426868439,0.00339697604067624,-0.004202916752547026,-0.00223052641376853
570,46.25,0.0149999996647239,1.28571426868439,0.00335059431381524,-0.0034434758126735687,-0.0020697293803095818
571,43.75,0.135000001639128,4.71428561210632,0.00230951514095068,0.003114058170467615,0.0033274232409894466
572,43.75,0.105000000447035,4.71428561210632,0.0029468631837517,-0.001388760283589363,-0.00032385566737502813
573,43.75,0.0750000011175871,4.71428561210632,0.00283922860398889,-0.0008282496128231287,-0.0005666422075591981
574,43.75,0.0449999989941716,4.71428561210632,0.00274792220443487,-0.0011852693278342485,-0.0006955518038012087
575,43.75,0.0149999996647239,4.71428561210632,0.00295824441127479,-0.00011973013170063496,0.00031099768239073455
576,43.75,0.135000001639128,4.14285707473755,0.00344671541824937,-0.0045802961103618145,-0.003168865805491805
577,43.75,0.105000000447035,4.14285707473755,0.00299365934915841,0.0008998134289868176,0.0019595427438616753
578,43.75,0.0750000011175871,4.14285707473755,0.00299853156320751,0.0007931424188427627,0.001984433038160205
579,43.75,0.0449999989941716,4.14285707473755,0.00302929896861315,0.00042281532660126686,0.0016393153928220272
580,43.75,0.0149999996647239,4.14285707473755,0.00306344823911786,5.404511739470763e-06,0.0012720988597720861
581,43.75,0.135000001639128,3.57142865657806,0.00266719190403819,0.004529993515461683,0.006143405567854643
582,43.75,0.105000000447035,3.57142865657806,0.00317516946233809,-0.0014800584176555276,0.0001626364974072203
583,43.75,0.0750000011175871,3.57142865657806,0.00327025749720633,-0.0026820122729986906,-0.0008171439403668046
584,43.75,0.0449999989941716,3.57142865657806,0.0032710530795157,-0.002744192024692893,-0.0007183466223068535
585,43.75,0.0149999996647239,3.57142865657806,0.00329128373414278,-0.0029626323375850916,-0.0009754355996847153
586,43.75,0.135000001639128,3.0,0.00345938047394156,-0.0048255110159516335,-0.0032056064810603857
587,43.75,0.105000000447035,3.0,0.00337888859212399,-0.003993261605501175,-0.002045997651293874
588,43.75,0.0750000011175871,3.0,0.00302683003246784,0.00028015492716804147,0.0018883924931287766
589,43.75,0.0449999989941716,3.0,0.00305358576588333,-1.7569675037520938e-05,0.0015475222608074546
590,43.75,0.0149999996647239,3.0,0.00294331857003272,0.0012552799889817834,0.0028952809516340494
591,43.75,0.135000001639128,2.42857134342194,0.00346471951343119,-0.005048402585089207,-0.00297861872240901
592,43.75,0.105000000447035,2.42857134342194,0.00303692067973316,0.0001797487639123574,0.0017346590757369995
593,43.75,0.0750000011175871,2.42857134342194,0.00305176270194352,-3.334873326821253e-05,0.0016287713078781962
594,43.75,0.0449999989941716,2.42857134342194,0.0026807701215148,0.004387685563415289,0.005935652647167444
595,43.75,0.0149999996647239,2.42857134342194,0.00334010529331863,-0.003482480999082327,-0.001687526237219572
596,43.75,0.135000001639128,1.85714280605316,0.00303886667825282,0.0001389299868606031,0.0017462593968957663
597,43.75,0.105000000447035,1.85714280605316,0.00287486054003239,0.0020948518067598343,0.003654665779322386
598,43.75,0.0750000011175871,1.85714280605316,0.00336061185225844,-0.0037002938333898783,-0.001978654181584716
599,43.75,0.0449999989941716,1.85714280605316,0.00298337149433792,0.0008174123940989375,0.0023562279529869556
600,43.75,0.0149999996647239,1.85714280605316,0.00286942231468856,0.002157540526241064,0.003713928861543536
601,43.75,0.135000001639128,1.28571426868439,0.00270631443709135,0.004153724759817123,0.005520044360309839
602,43.75,0.105000000447035,1.28571426868439,0.00398952653631568,-0.011191701516509056,-0.00926727894693613
603,43.75,0.0750000011175871,1.28571426868439,0.00282478402368724,0.0027256831526756287,0.0041699702851474285
604,43.75,0.0449999989941716,1.28571426868439,0.00329026044346392,-0.002815490122884512,-0.0011999747948721051
605,43.75,0.0149999996647239,1.28571426868439,0.00359068508259952,-0.006465652491897345,-0.004582901485264301
606,41.25,0.135000001639128,4.71428561210632,0.00258735357783735,0.001333917840383947,0.0017593553056940436
607,41.25,0.105000000447035,4.71428561210632,0.00278524542227387,-0.00040160250500775874,0.0001276925759157166
608,41.25,0.0750000011175871,4.71428561210632,0.00270807882770896,-0.0008680432802066207,-0.0006619836203753948
609,41.25,0.0449999989941716,4.71428561210632,0.00282640242949128,-0.0015879202401265502,-0.0008208113140426576
610,41.25,0.0149999996647239,4.71428561210632,0.00218951120041311,0.001279939548112452,0.0015482663875445724
611,41.25,0.135000001639128,4.14285707473755,0.00332166603766382,-0.0031654678750783205,-0.0016281598946079612
612,41.25,0.105000000447035,4.14285707473755,0.0030931846704334,-0.00034217204665765166,0.0008557967958040535
613,41.25,0.0750000011175871,4.14285707473755,0.00304248556494713,0.000227138792979531,0.0015041220467537642
614,41.25,0.0449999989941716,4.14285707473755,0.00299884052947164,0.000751154962927103,0.0020076644141227007
615,41.25,0.0149999996647239,4.14285707473755,0.00321893789805472,-0.001956005347892642,-0.0004082510422449559
616,41.25,0.135000001639128,3.57142865657806,0.00290498277172446,0.0017246284987777472,0.0033201356418430805
617,41.25,0.105000000447035,3.57142865657806,0.00313285342417657,-0.0011007101275026798,0.0009017130360007286
618,41.25,0.0750000011175871,3.57142865657806,0.00325248995795846,-0.002470495877787471,-0.0006013432866893709
619,41.25,0.0449999989941716,3.57142865657806,0.00330917467363179,-0.003132031299173832,-0.0012846274767071009
620,41.25,0.0149999996647239,3.57142865657806,0.0031016708817333,-0.0006650412105955184,0.0011558355763554573
621,41.25,0.135000001639128,3.0,0.00317959277890623,-0.0015641226200386882,0.00016020634211599827
622,41.25,0.105000000447035,3.0,0.00336010451428592,-0.0036946211475878954,-0.001967854332178831
623,41.25,0.0750000011175871,3.0,0.00306724803522229,-0.00011298709432594478,0.0012662365334108472
624,41.25,0.0449999989941716,3.0,0.00288534048013389,0.0020503883715718985,0.003380788257345557
625,41.25,0.0149999996647239,3.0,0.00308534596115351,-0.00031366434996016324,0.0010306568583473563
626,41.25,0.135000001639128,2.42857134342194,0.00346603989601135,-0.005025161895900965,-0.003066339297220111
627,41.25,0.105000000447035,2.42857134342194,0.00296560302376747,0.0010009256657212973,0.0026136571541428566
628,41.25,0.0750000011175871,2.42857134342194,0.00304077565670013,5.1367074775043875e-05,0.0018470891518518329
629,41.25,0.0449999989941716,2.42857134342194,0.00313250278122723,-0.0009711966849863529,0.0006486275233328342
630,41.25,0.0149999996647239,2.42857134342194,0.00291364546865225,0.0015988454688340425,0.003259032964706421
631,41.25,0.135000001639128,1.85714280605316,0.0031044885981828,-0.000631321978289634,0.0009606044040992856
632,41.25,0.105000000447035,1.85714280605316,0.0030985833145678,-0.0005666746292263269,0.0010407868539914489
633,41.25,0.0750000011175871,1.85714280605316,0.0033149509690702,-0.00318832416087389,-0.001390143297612667
634,41.25,0.0449999989941716,1.85714280605316,0.00283040851354599,0.0026127269957214594,0.0041819000616669655
635,41.25,0.0149999996647239,1.85714280605316,0.00327793229371309,-0.0026597611140459776,-0.0011124697048217058
636,41.25,0.135000001639128,1.28571426868439,0.00282110483385623,0.0027394196949899197,0.004262313712388277
637,41.25,0.105000000447035,1.28571426868439,0.00361339072696865,-0.006712000351399183,-0.0049043563194572926
638,41.25,0.0750000011175871,1.28571426868439,0.00276772887445986,0.003412446705624461,0.004810201469808817
639,41.25,0.0449999989941716,1.28571426868439,0.00335493311285973,-0.0036347792483866215,-0.0018665491370484233
640,41.25,0.0149999996647239,1.28571426868439,0.00314333685673773,-0.0011540999403223395,0.0006344504072330892
641,38.75,0.135000001639128,4.71428561210632,0.00281773670576513,0.0015175738371908665,0.002168584382161498
642,38.75,0.105000000447035,4.71428561210632,0.00320362625643611,-0.0017549381591379642,-0.0008180728182196617
643,38.75,0.0750000011175871,4.71428561210632,0.00251964805647731,-0.0006068410002626479,-0.0005127071053721011
644,38.75,0.0449999989941716,4.71428561210632,0.00270122429355979,-0.0025493837893009186,-0.0018789812456816435
645,38.75,0.0149999996647239,4.71428561210632,0.00212940131314099,0.0028179774526506662,0.0025986700784415007
646,38.75,0.135000001639128,4.14285707473755,0.00275609572418034,-0.003001211676746607,-0.0016272671055048704
647,38.75,0.105000000447035,4.14285707473755,0.00258531607687473,0.00036549961077980697,0.0013711648061871529
648,38.75,0.0750000011175871,4.14285707473755,0.0030865534208715,-0.00030209877877496183,0.001002966659143567
649,38.75,0.0449999989941716,4.14285707473755,0.00289831194095314,0.0013832086697220802,0.0024297693744301796
650,38.75,0.0149999996647239,4.14285707473755,0.00339754531159997,-0.00410402612760663,-0.0024500605650246143
651,38.75,0.135000001639128,3.57142865657806,0.00290298089385033,0.001751221134327352,0.0033540045842528343
652,38.75,0.105000000447035,3.57142865657806,0.00328421755693853,-0.002878156490623951,-0.0009131974074989557
653,38.75,0.0750000011175871,3.57142865657806,0.00329853291623294,-0.0030063719023019075,-0.001165398396551609
654,38.75,0.0449999989941716,3.57142865657806,0.00343720032833517,-0.004743868950754404,-0.0026045050472021103
655,38.75,0.0149999996647239,3.57142865657806,0.00284810340963304,0.0024309055879712105,0.0039404043927788734
656,38.75,0.135000001639128,3.0,0.00329754920676351,-0.00294516421854496,-0.0012503655161708593
657,38.75,0.105000000447035,3.0,0.0034488607198,-0.00468917703256011,-0.003107792232185602
658,38.75,0.0750000011175871,3.0,0.00311683071777225,-0.0008163542370311916,0.0008874057675711811
659,38.75,0.0449999989941716,3.0,0.00286517711356282,0.002195140812546015,0.0037833477836102247
660,38.75,0.0149999996647239,3.0,0.00350343901664019,-0.0054635885171592236,-0.003521341597661376
661,38.75,0.135000001639128,2.42857134342194,0.00317478412762284,-0.0014841646188870072,0.00017322624626103789
662,38.75,0.105000000447035,2.42857134342194,0.00314292474649847,-0.0011759073240682483,0.0006859103450551629
663,38.75,0.0750000011175871,2.42857134342194,0.00292859482578933,0.0014032672625035048,0.0031218610238283873
664,38.75,0.0449999989941716,2.42857134342194,0.0031815639231354,-0.0015913628740236163,0.00016191545000765473
665,38.75,0.0149999996647239,2.42857134342194,0.00292258034460247,0.0014875681372359395,0.0031661922112107277
666,38.75,0.135000001639128,1.85714280605316,0.0030889252666384,-0.00047329257358796895,0.00119245913811028
667,38.75,0.105000000447035,1.85714280605316,0.00305372825823724,-6.378861144185066e-05,0.0016186395660042763
668,38.75,0.0750000011175871,1.85714280605316,0.00322056980803609,-0.0019896572921425104,-0.00042854060302488506
669,38.75,0.0449999989941716,1.85714280605316,0.00259068189188838,0.005514561664313078,0.0068856338039040565
670,38.75,0.0149999996647239,1.85714280605316,0.00313082942739129,-0.0009464015602134168,0.0006588305113837123
671,38.75,0.135000001639128,1.28571426868439,0.00264562573283911,0.004844615235924721,0.006268018390983343
672,38.75,0.105000000447035,1.28571426868439,0.00332143343985081,-0.0032771702390164137,-0.0014394423924386501
673,38.75,0.0750000011175871,1.28571426868439,0.00288581638596952,0.0019792804960161448,0.003524084109812975
674,38.75,0.0449999989941716,1.28571426868439,0.00393142877146602,-0.010543320327997208,-0.008477880619466305
675,38.75,0.0149999996647239,1.28571426868439,0.00289269769564271,0.0018911715596914291,0.0034212563186883926
676,36.25,0.135000001639128,4.71428561210632,0.00287686591036618,0.002635068027302623,0.0029293859843164682
677,36.25,0.105000000447035,4.71428561210632,0.00296574900858104,-0.0013215079670771956,-0.0008367363479919732
678,36.25,0.0750000011175871,4.71428561210632,0.00294201821088791,2.881795990106184e-05,8.267907833214849e-05
679,36.25,0.0449999989941716,4.71428561210632,0.00292277219705284,-0.0019057084573432803,-0.0010956698097288609
680,36.25,0.0149999996647239,4.71428561210632,0.00255429302342236,0.0020929172169417143,0.0023809303529560566
681,36.25,0.135000001639128,4.14285707473755,0.00287636346183717,-0.00462560448795557,-0.00321575696580112
682,36.25,0.105000000447035,4.14285707473755,0.00250925682485104,0.000935428193770349,0.0019561294466257095
683,36.25,0.0750000011175871,4.14285707473755,0.00267231673933566,-0.00017205707263201475,0.0010143546387553215
684,36.25,0.0449999989941716,4.14285707473755,0.0026987730525434,0.0014320786576718092,0.0026242733001708984
685,36.25,0.0149999996647239,4.14285707473755,0.0030305003747344,-0.003105767769739032,-0.0015675831818953156
686,36.25,0.135000001639128,3.57142865657806,0.00264632841572165,0.004778475034981966,0.006375433411449194
687,36.25,0.105000000447035,3.57142865657806,0.00325471255928278,-0.0025035252328962088,-0.000610406743362546
688,36.25,0.0750000011175871,3.57142865657806,0.0031967363320291,-0.0018120990134775639,5.0528244173619896e-05
689,36.25,0.0449999989941716,3.57142865657806,0.00336730433627963,-0.0037887790240347385,-0.0020385959651321173
690,36.25,0.0149999996647239,3.57142865657806,0.00292608444578946,0.0015094951959326863,0.0030095090623944998
691,36.25,0.135000001639128,3.0,0.0033797943033278,-0.003912216052412987,-0.002231172053143382
692,36.25,0.105000000447035,3.0,0.00308794458396733,-0.00046343932626768947,0.0012127560330554843
693,36.25,0.0750000011175871,3.0,0.00303853349760175,0.00022887997329235077,0.001636572415009141
694,36.25,0.0449999989941716,3.0,0.00283169001340866,0.0027246694080531597,0.003959267865866423
695,36.25,0.0149999996647239,3.0,0.00332749355584383,-0.003346465528011322,-0.0015110531821846962
696,36.25,0.135000001639128,2.42857134342194,0.00353434286080301,-0.005866517778486013,-0.0038118339143693447
697,36.25,0.105000000447035,2.42857134342194,0.00303588062524796,0.00018258036288898438,0.001765168271958828
698,36.25,0.0750000011175871,2.42857134342194,0.00286176614463329,0.0022458387538790703,0.0038052615709602833
699,36.25,0.0449999989941716,2.42857134342194,0.00318570085801184,-0.0016615563072264194,0.00014130905037745833
700,36.25,0.0149999996647239,2.42857134342194,0.0032977475784719,-0.002946393331512809,-0.0012558151502162218
701,36.25,0.135000001639128,1.85714280605316,0.00306426454335451,-0.00019712762150447816,0.0015154993161559105
702,36.25,0.105000000447035,1.85714280605316,0.00310260080732405,-0.0006460638833232224,0.0010605624411255121
703,36.25,0.0750000011175871,1.85714280605316,0.00333798816427588,-0.003503421787172556,-0.0015789836179465055
704,36.25,0.0449999989941716,1.85714280605316,0.00298957689665258,0.0007412143750116229,0.0022918046452105045
705,36.25,0.0149999996647239,1.85714280605316,0.00289192236959934,0.001870031701400876,0.003485440043732524
706,36.25,0.135000001639128,1.28571426868439,0.00271603465080261,0.004041190259158611,0.005386768840253353
707,36.25,0.105000000447035,1.28571426868439,0.00348814250901341,-0.005252282600849867,-0.00339699350297451
708,36.25,0.0750000011175871,1.28571426868439,0.00319057051092386,-0.0016754227690398693,-4.385098691273015e-06
709,36.25,0.0449999989941716,1.28571426868439,0.00327508873306215,-0.0027225802186876535,-0.0009101265459321439
710,36.25,0.0149999996647239,1.28571426868439,0.00346980500034988,-0.005041726399213076,-0.0031713556963950396
711,33.75,0.135000001639128,4.71428561210632,0.00281953741796315,0.0027200249023735523,0.0031699843239039183
712,33.75,0.105000000447035,4.71428561210632,0.00301971612498164,-0.0012723273830488324,-0.0005102656432427466
713,33.75,0.0750000011175871,4.71428561210632,0.00295039266347885,-0.0002852808975148946,0.00025198145885951817
714,33.75,0.0449999989941716,4.71428561210632,0.00306764733977616,-0.0013987678103148937,-0.00040962855564430356
715,33.75,0.0149999996647239,4.71428561210632,0.00291256606578827,0.000575709214899689,0.0009946799837052822
716,33.75,0.135000001639128,4.14285707473755,0.00341466465033591,-0.004397438373416662,-0.0025020551402121782
717,33.75,0.105000000447035,4.14285707473755,0.00300418143160641,0.000521091918926686,0.0022088007535785437
718,33.75,0.0750000011175871,4.14285707473755,0.00303943338803947,-0.00039455608930438757,0.0010603269329294562
719,33.75,0.0449999989941716,4.14285707473755,0.00283003528602421,0.0007669240003451705,0.0021278613712638617
720,33.75,0.0149999996647239,4.14285707473755,0.00275362469255924,-0.0006463042227551341,0.0006752387853339314
721,33.75,0.135000001639128,3.57142865657806,0.00272073247469962,0.0039968304336071014,0.005317714996635914
722,33.75,0.105000000447035,3.57142865657806,0.00324314972385764,-0.0023093102499842644,-0.000597042846493423
723,33.75,0.0750000011175871,3.57142865657806,0.00316723762080073,-0.0014853598549962044,0.0004471312277019024
724,33.75,0.0449999989941716,3.57142865657806,0.00328693585470319,-0.002895208541303873,-0.0009834658121690154
725,33.75,0.0149999996647239,3.57142865657806,0.00321520306169987,-0.0020458248909562826,-0.00014052052574697882
726,33.75,0.135000001639128,3.0,0.00326428795233369,-0.00255662202835083,-0.0008521780255250633
727,33.75,0.105000000447035,3.0,0.00314357853494585,-0.0011262288317084312,0.000561264983844012
728,33.75,0.0750000011175871,3.0,0.00301819667220116,0.0004068182606715709,0.0019490550039336085
729,33.75,0.0449999989941716,3.0,0.00288944994099438,0.0019009934039786458,0.0035317183937877417
730,33.75,0.0149999996647239,3.0,0.00290663540363312,0.0016881694318726659,0.003334114095196128
731,33.75,0.135000001639128,2.42857134342194,0.00364716351032257,-0.007191463839262724,-0.005158325657248497
732,33.75,0.105000000447035,2.42857134342194,0.00299554108642042,0.0006735401111654937,0.002212206833064556
733,33.75,0.0750000011175871,2.42857134342194,0.00299010169692338,0.0007084485841915011,0.0023365048691630363
734,33.75,0.0449999989941716,2.42857134342194,0.00301667908206582,0.00036358798388391733,0.0020762814674526453
735,33.75,0.0149999996647239,2.42857134342194,0.00327701075002551,-0.002760575618594885,-0.0009022970916703343
736,33.75,0.135000001639128,1.85714280605316,0.00298099033534527,0.000825013208668679,0.002433125162497163
737,33.75,0.105000000447035,1.85714280605316,0.00312760449014604,-0.0010060223285108805,0.0008884475682862103
738,33.75,0.0750000011175871,1.85714280605316,0.00317984097637236,-0.0015704069519415498,0.00017230583762284368
739,33.75,0.0449999989941716,1.85714280605316,0.0034155142493546,-0.004402767401188612,-0.002513040089979768
740,33.75,0.0149999996647239,1.85714280605316,0.00290085677988827,0.0018065484473481774,0.0033047387842088938
741,33.75,0.135000001639128,1.28571426868439,0.00272746034897864,0.003866432700306177,0.005326113197952509
742,33.75,0.105000000447035,1.28571426868439,0.00351612898521125,-0.005496549420058727,-0.0038778833113610744
743,33.75,0.0750000011175871,1.28571426868439,0.00349482521414757,-0.005307170562446117,-0.0035214321687817574
744,33.75,0.0449999989941716,1.28571426868439,0.00286661018617451,0.0022391658276319504,0.0036685236264020205
745,33.75,0.0149999996647239,1.28571426868439,0.00384672428481281,-0.009561486542224884,-0.007490112911909819
746,31.25,0.135000001639128,4.71428561210632,0.00221740314736962,0.00286738108843565,0.003065156750380993
747,31.25,0.105000000447035,4.71428561210632,0.00213671964593232,-1.7932843547896482e-05,0.0003033198299817741
748,31.25,0.0750000011175871,4.71428561210632,0.00253222277387977,-2.3747856175759807e-05,0.0004966401611454785
749,31.25,0.0449999989941716,4.71428561210632,0.00261895544826984,-0.0008047206792980433,-0.00015122935292311013
750,31.25,0.0149999996647239,4.71428561210632,0.00256410171277821,-5.419270382844843e-05,0.0004606992588378489
751,31.25,0.135000001639128,4.14285707473755,0.00340287550352514,-0.0041598668321967125,-0.0025240140967071056
752,31.25,0.105000000447035,4.14285707473755,0.00308782537467778,-0.00043603795347735286,0.0011641087476164103
753,31.25,0.0750000011175871,4.14285707473755,0.00308037456125021,-0.000190355975064449,0.0009992693085223436
754,31.25,0.0449999989941716,4.14285707473755,0.00304900412447751,0.0001913560408866033,0.0013480946654453874
755,31.25,0.0149999996647239,4.14285707473755,0.00302828918211162,0.00018450473726261407,0.0015223885420709848
756,31.25,0.135000001639128,3.57142865657806,0.00281704170629382,0.0027871516067534685,0.0043102134950459
757,31.25,0.105000000447035,3.57142865657806,0.00319968652911484,-0.001742806052789092,-0.00018097324937116355
758,31.25,0.0750000011175871,3.57142865657806,0.00326091656461358,-0.002469694009050727,-0.0008888005977496505
759,31.25,0.0449999989941716,3.57142865657806,0.00327574834227562,-0.002685415791347623,-0.000999065930955112
760,31.25,0.0149999996647239,3.57142865657806,0.00335276126861572,-0.003675976302474737,-0.0017572051146999002
761,31.25,0.135000001639128,3.0,0.00347580085508525,-0.005119822453707457,-0.0032257973216474056
762,31.25,0.105000000447035,3.0,0.00340333627536893,-0.004267644137144089,-0.0023617942351847887
763,31.25,0.0750000011175871,3.0,0.00314437900669873,-0.0011645497288554907,0.0006175618036650121
764,31.25,0.0449999989941716,3.0,0.00311175314709544,-0.0006557616870850325,0.0007870990666560829
765,31.25,0.0149999996647239,3.0,0.00278802239336073,0.0032843775115907192,0.004393917508423328
766,31.25,0.135000001639128,2.42857134342194,0.00345075177028775,-0.004781714640557766,-0.0030107321217656136
767,31.25,0.105000000447035,2.42857134342194,0.00317389750853181,-0.001506088301539421,0.0002480285183992237
768,31.25,0.0750000011175871,2.42857134342194,0.00306582101620734,-0.0001436342136003077,0.0013657783856615424
769,31.25,0.0449999989941716,2.42857134342194,0.00258857244625688,0.005594552960246801,0.006805323995649815
770,31.25,0.0149999996647239,2.42857134342194,0.00353097822517157,-0.005766858346760273,-0.0038884056266397238
771,31.25,0.135000001639128,1.85714280605316,0.00312543497420847,-0.0009028281783685088,0.0007703305454924703
772,31.25,0.105000000447035,1.85714280605316,0.00316132372245193,-0.0013141267700120807,0.00031249242601916194
773,31.25,0.0750000011175871,1.85714280605316,0.00316850678063929,-0.0014646946219727397,0.00035149927134625614
774,31.25,0.0449999989941716,1.85714280605316,0.00316090742126107,-0.001343257026746869,0.0003985283838119358
775,31.25,0.0149999996647239,1.85714280605316,0.00288720917887986,0.001962342532351613,0.003482581116259098
776,31.25,0.135000001639128,1.28571426868439,0.00235550734214485,0.008318616077303886,0.009602443315088749
777,31.25,0.105000000447035,1.28571426868439,0.0034286801237613,-0.004491874016821384,-0.0027927292976528406
778,31.25,0.0750000011175871,1.28571426868439,0.00313410349190235,-0.0009692744934000075,0.0006021801382303238
779,31.25,0.0449999989941716,1.28571426868439,0.00350664299912751,-0.0055471318773925304,-0.003459086874499917
780,31.25,0.0149999996647239,1.28571426868439,0.00329674081876874,-0.0029768035747110844,-0.0011662569595500827
781,28.75,0.135000001639128,4.71428561210632,0.00179262133315206,0.0018280822550877929,0.002277393126860261
782,28.75,0.105000000447035,4.71428561210632,0.00213770009577274,-0.0005965987802483141,0.00042218875023536384
783,28.75,0.0750000011175871,4.71428561210632,0.00223249243572354,-0.0009893309324979782,4.885945236310363e-05
784,28.75,0.0449999989941716,4.71428561210632,0.00247934786602855,-0.0019641940016299486,-0.0008780874195508659
785,28.75,0.0149999996647239,4.71428561210632,0.00235674204304814,-3.252809983678162e-05,0.0008158196578733623
786,28.75,0.135000001639128,4.14285707473755,0.00329788844101131,-0.003023389494046569,-0.0010866457596421242
787,28.75,0.105000000447035,4.14285707473755,0.00311384117230773,-0.0008314895676448941,0.0010323014575988054
788,28.75,0.0750000011175871,4.14285707473755,0.00301477592438459,-0.00014191601076163352,0.001500231446698308
789,28.75,0.0449999989941716,4.14285707473755,0.0030027839820832,0.000491929124109447,0.0023319509346038103
790,28.75,0.0149999996647239,4.14285707473755,0.00307696242816746,-0.0003540180332493037,0.0013865081127732992
791,28.75,0.135000001639128,3.57142865657806,0.00289865909144282,0.0018440036801621318,0.003307450795546174
792,28.75,0.105000000447035,3.57142865657806,0.00312964641489089,-0.0009519095765426755,0.0007072624866850674
793,28.75,0.0750000011175871,3.57142865657806,0.00322346179746091,-0.0021355238277465105,-0.0002545921306591481
794,28.75,0.0449999989941716,3.57142865657806,0.00329399993643165,-0.002946847816929221,-0.0011238472070544958
795,28.75,0.0149999996647239,3.57142865657806,0.00329125346615911,-0.0029570588376373053,-0.0010113546159118414
796,28.75,0.135000001639128,3.0,0.00302175059914589,0.00035722265602089465,0.0019230615580454469
797,28.75,0.105000000447035,3.0,0.00333344843238592,-0.0034337008837610483,-0.001557250740006566
798,28.75,0.0750000011175871,3.0,0.00309562124311924,-0.0005613745306618512,0.0011367473052814603
799,28.75,0.0449999989941716,3.0,0.00300631858408451,0.0005026778089813888,0.002170972991734743
800,28.75,0.0149999996647239,3.0,0.0028815648984164,0.002053637523204088,0.003509707283228636
801,28.75,0.135000001639128,2.42857134342194,0.00325793423689902,-0.0025184140540659428,-0.0007107264827936888
802,28.75,0.105000000447035,2.42857134342194,0.0029335378203541,0.0014883624389767647,0.0027998178265988827
803,28.75,0.0750000011175871,2.42857134342194,0.00292642205022275,0.0015666219405829906,0.0028930476401001215
804,28.75,0.0449999989941716,2.42857134342194,0.00270338938571513,0.004165895748883486,0.005580752156674862
805,28.75,0.0149999996647239,2.42857134342194,0.00337663642130792,-0.003934334963560104,-0.0020840961951762438
806,28.75,0.135000001639128,1.85714280605316,0.00326842139475048,-0.002633727388456464,-0.000845062080770731
807,28.75,0.105000000447035,1.85714280605316,0.00298048183321953,0.0008286134107038379,0.0024313200265169144
808,28.75,0.0750000011175871,1.85714280605316,0.00344648770987988,-0.004822759889066219,-0.0027857995592057705
809,28.75,0.0449999989941716,1.85714280605316,0.00310206250287592,-0.0006437657866626978,0.0010728391353040934
810,28.75,0.0149999996647239,1.85714280605316,0.00306607875972986,-0.0002111791109200567,0.001485686283558607
811,28.75,0.135000001639128,1.28571426868439,0.00253092660568655,0.0062470282427966595,0.007536217570304871
812,28.75,0.105000000447035,1.28571426868439,0.0036068232730031,-0.006803763099014759,-0.004497750662267208
813,28.75,0.0750000011175871,1.28571426868439,0.00275579234585166,0.0034975875169038773,0.0050688935443758965
814,28.75,0.0449999989941716,1.28571426868439,0.00344425230287015,-0.0046712071634829044,-0.002992372727021575
815,28.75,0.0149999996647239,1.28571426868439,0.00309228827245533,-0.00047701047151349485,0.001087306416593492
816,26.25,0.135000001639128,4.71428561210632,0.00181113462895155,0.0010645374422892928,0.0006734536145813763
817,26.25,0.105000000447035,4.71428561210632,0.00201253406703472,9.871067595668137e-05,-0.00030469996272586286
818,26.25,0.0750000011175871,4.71428561210632,0.00201400113292038,0.0003207745321560651,-0.00020077037333976477
819,26.25,0.0449999989941716,4.71428561210632,0.0025308730546385,-0.0029810501728206873,-0.002472569700330496
820,26.25,0.0149999996647239,4.71428561210632,0.00221227994188666,0.0001902126386994496,0.0003970448160544038
821,26.25,0.135000001639128,4.14285707473755,0.00324241514317691,-0.0023171361535787582,-0.0005353362648747861
822,26.25,0.105000000447035,4.14285707473755,0.00312220049090683,-0.0007491649012081325,0.0006127337692305446
823,26.25,0.0750000011175871,4.14285707473755,0.00312784127891064,-0.0008118576370179653,0.0005347151309251785
824,26.25,0.0449999989941716,4.14285707473755,0.002887062728405,0.002158366609364748,0.003175211139023304
825,26.25,0.0149999996647239,4.14285707473755,0.00304449815303087,-0.0008182992460206151,0.00034340747515670955
826,26.25,0.135000001639128,3.57142865657806,0.00309065147303045,-0.0003532648552209139,0.000945716630667448
827,26.25,0.105000000447035,3.57142865657806,0.00306457537226379,-0.00019038506434299052,0.0014991483185440302
828,26.25,0.0750000011175871,3.57142865657806,0.00314149376936257,-0.0011002477258443832,0.0005940056871622801
829,26.25,0.0449999989941716,3.57142865657806,0.00343947508372366,-0.004622004926204681,-0.002914316253736615
830,26.25,0.0149999996647239,3.57142865657806,0.00320052797906101,-0.0017967160092666745,-0.00011040825484087691
831,26.25,0.135000001639128,3.0,0.00277278083376586,0.003308548592031002,0.004834924824535847
832,26.25,0.105000000447035,3.0,0.00339933042414486,-0.0042121438309550285,-0.002329540206119418
833,26.25,0.0750000011175871,3.0,0.00314195593819022,-0.001089228200726211,0.0005522110732272267
834,26.25,0.0449999989941716,3.0,0.00276994868181646,0.0032848904374986887,0.0049821496941149235
835,26.25,0.0149999996647239,3.0,0.00296312314458191,0.0009976320434361696,0.0027172998525202274
836,26.25,0.135000001639128,2.42857134342194,0.00318507361225784,-0.001636179513297975,0.00010831574036274105
837,26.25,0.105000000447035,2.42857134342194,0.00281563703902066,0.002874070545658469,0.004198324400931597
838,26.25,0.0750000011175871,2.42857134342194,0.00290813273750246,0.0016945971874520183,0.003267622087150812
839,26.25,0.0449999989941716,2.42857134342194,0.00318606267683208,-0.0015790261095389724,-2.2984037059359252e-05
840,26.25,0.0149999996647239,2.42857134342194,0.0030782138928771,-0.00022911015548743308,0.0011132468935102224
841,26.25,0.135000001639128,1.85714280605316,0.00336476438678801,-0.003730476601049304,-0.0020617241971194744
842,26.25,0.105000000447035,1.85714280605316,0.00280418246984482,0.0029021063819527626,0.004538947716355324
843,26.25,0.0750000011175871,1.85714280605316,0.00338784861378372,-0.004049200564622879,-0.002244149800390005
844,26.25,0.0449999989941716,1.85714280605316,0.00321445823647082,-0.0019379035802558064,-0.0003152110439259559
845,26.25,0.0149999996647239,1.85714280605316,0.00310486508533359,-0.000713505141902715,0.0011114400113001466
846,26.25,0.135000001639128,1.28571426868439,0.0026349201798439,0.005015361588448286,0.006315218284726143
847,26.25,0.105000000447035,1.28571426868439,0.00415443768724799,-0.013261595740914345,-0.01099872775375843
848,26.25,0.0750000011175871,1.28571426868439,0.00253730081021786,0.006097771693021059,0.007615695707499981
849,26.25,0.0449999989941716,1.28571426868439,0.00253028143197298,0.00619371747598052,0.007684791460633278
850,26.25,0.0149999996647239,1.28571426868439,0.00361430225893855,-0.0068051498383283615,-0.004761764779686928
851,23.75,0.135000001639128,4.71428561210632,0.00182860158383846,0.00189117097761482,0.0022801163140684366
852,23.75,0.105000000447035,4.71428561210632,0.0021515570115298,-0.001163726788945496,-0.0010240714764222503
853,23.75,0.0750000011175871,4.71428561210632,0.00228263298049569,0.0007171900942921638,0.00019777886336669326
854,23.75,0.0449999989941716,4.71428561210632,0.00282691069878638,-0.0038057134952396154,-0.003080379916355014
855,23.75,0.0149999996647239,4.71428561210632,0.00224056444130838,0.0005525503074750304,0.0009044855833053589
856,23.75,0.135000001639128,4.14285707473755,0.00338455778546631,-0.0039090849459171295,-0.0023543103598058224
857,23.75,0.105000000447035,4.14285707473755,0.00294967414811254,-0.00013328941713552922,0.0015397085808217525
858,23.75,0.0750000011175871,4.14285707473755,0.00324187590740621,-0.00239315303042531,-0.0002887666632886976
859,23.75,0.0449999989941716,4.14285707473755,0.00270654167979956,0.0028550249990075827,0.004297078121453524
860,23.75,0.0149999996647239,4.14285707473755,0.00312143284827471,-0.0014736497541889548,0.0002824811090249568
861,23.75,0.135000001639128,3.57142865657806,0.00256950175389647,0.0024198144674301147,0.003675366286188364
862,23.75,0.105000000447035,3.57142865657806,0.00310966395772994,-0.0006926700007170439,0.0009140725596807897
863,23.75,0.0750000011175871,3.57142865657806,0.00307425321079791,-0.00029152948991395533,0.0013603426050394773
864,23.75,0.0449999989941716,3.57142865657806,0.00362473633140326,-0.006958609446883202,-0.004823744762688875
865,23.75,0.0149999996647239,3.57142865657806,0.00313342968001962,-0.0009937840513885021,0.0006631975411437452
866,23.75,0.135000001639128,3.0,0.00317889917641878,-0.0014142895815894008,-7.395009743049741e-05
867,23.75,0.105000000447035,3.0,0.00357393710874021,-0.006191534455865622,-0.004526735283434391
868,23.75,0.0750000011175871,3.0,0.00331258191727102,-0.0031701023690402508,-0.0013252794742584229
869,23.75,0.0449999989941716,3.0,0.00246125459671021,0.006984695792198181,0.008530045859515667
870,23.75,0.0149999996647239,3.0,0.00302497204393148,0.00023025927657727152,0.002070849062874913
871,23.75,0.135000001639128,2.42857134342194,0.003301034681499,-0.0030579601880162954,-0.0011595595860853791
872,23.75,0.105000000447035,2.42857134342194,0.0029848616104573,0.0008284313371405005,0.0022874013520777225
873,23.75,0.0750000011175871,2.42857134342194,0.00295758503489196,0.0011156138498336077,0.0026743703056126833
874,23.75,0.0449999989941716,2.42857134342194,0.00331533444114029,-0.0030870474874973297,-0.0015757313231006265
875,23.75,0.0149999996647239,2.42857134342194,0.0029589890036732,0.0011437979992479086,0.0025748175103217363
876,23.75,0.135000001639128,1.85714280605316,0.0034834360703826,-0.005083311814814806,-0.003540055826306343
877,23.75,0.105000000447035,1.85714280605316,0.00270370044745505,0.0040982915088534355,0.005708232522010803
878,23.75,0.0750000011175871,1.85714280605316,0.00328032835386693,-0.00273085106164217,-0.0010663773864507675
879,23.75,0.0449999989941716,1.85714280605316,0.00361877190880477,-0.006853578146547079,-0.004826652817428112
880,23.75,0.0149999996647239,1.85714280605316,0.00317894527688622,-0.0015908685745671391,0.00023402966326102614
881,23.75,0.135000001639128,1.28571426868439,0.00259504211135209,0.005334675777703524,0.007095246575772762
882,23.75,0.105000000447035,1.28571426868439,0.00392262591049075,-0.010324074886739254,-0.008611658588051796
883,23.75,0.0750000011175871,1.28571426868439,0.00234818458557129,0.008328454568982124,0.009851177223026752
884,23.75,0.0449999989941716,1.28571426868439,0.00260360143147409,0.005248366855084896,0.006998899392783642
885,23.75,0.0149999996647239,1.28571426868439,0.00363081484101713,-0.007013529539108276,-0.004927675239741802
886,21.25,0.135000001639128,4.71428561210632,0.00163522083312273,0.0034789559431374073,0.004055510740727186
887,21.25,0.105000000447035,4.71428561210632,0.00121712230611593,-0.0003355513617862016,-0.0005940181436017156
888,21.25,0.0750000011175871,4.71428561210632,0.00190626585390419,0.0013955880422145128,0.0006552085396833718
889,21.25,0.0449999989941716,4.71428561210632,0.00227653607726097,-0.004123680293560028,-0.003399189794436097
890,21.25,0.0149999996647239,4.71428561210632,0.0019854640122503,0.0007757710991427302,0.001380997709929943
891,21.25,0.135000001639128,4.14285707473755,0.00196487340144813,-0.005172808188945055,-0.004588675685226917
892,21.25,0.105000000447035,4.14285707473755,0.00265828450210392,-7.361202733591199e-05,0.001409185235388577
893,21.25,0.0750000011175871,4.14285707473755,0.00323678064160049,-0.0021573046687990427,-0.0004794212873093784
894,21.25,0.0449999989941716,4.14285707473755,0.00222774059511721,0.003541119396686554,0.004416053649038076
895,21.25,0.0149999996647239,4.14285707473755,0.00248310971073806,-0.0014603041345253587,-0.00023248289653565735
896,21.25,0.135000001639128,3.57142865657806,0.00246716383844614,0.005463507026433945,0.006893862504512072
897,21.25,0.105000000447035,3.57142865657806,0.00301658152602613,-0.001383156981319189,0.00014640636800322682
898,21.25,0.0750000011175871,3.57142865657806,0.00306605082005262,-0.00015358805831056088,0.001407915959134698
899,21.25,0.0449999989941716,3.57142865657806,0.00353201851248741,-0.006533398292958736,-0.00462535722181201
900,21.25,0.0149999996647239,3.57142865657806,0.00312660913914442,-0.0009631020948290825,0.0008446808787994087
901,21.25,0.135000001639128,3.0,0.00346828019246459,-0.0047194985672831535,-0.003632172243669629
902,21.25,0.105000000447035,3.0,0.00343640870414674,-0.0045868391171097755,-0.0028869817033410072
903,21.25,0.0750000011175871,3.0,0.0032350376714021,-0.0022541757207363844,-0.0004074133175890893
904,21.25,0.0449999989941716,3.0,0.0023258700966835,0.008612451143562794,0.010071132332086563
905,21.25,0.0149999996647239,3.0,0.00303376186639071,0.0002706978702917695,0.0016885324148461223
906,21.25,0.135000001639128,2.42857134342194,0.00332670751959085,-0.003442133078351617,-0.0012912777019664645
907,21.25,0.105000000447035,2.42857134342194,0.00305069820024073,-1.4807471416133922e-05,0.0016334683168679476
908,21.25,0.0750000011175871,2.42857134342194,0.0031477224547416,-0.0012341751717031002,0.0006271112360991538
909,21.25,0.0449999989941716,2.42857134342194,0.00323604140430689,-0.0020254277624189854,-0.0008417716016992927
910,21.25,0.0149999996647239,2.42857134342194,0.00308902142569423,-0.0004999356460757554,0.0012420767452567816
911,21.25,0.135000001639128,1.85714280605316,0.00309806037694216,-0.0003162372740916908,0.0006598079926334321
912,21.25,0.105000000447035,1.85714280605316,0.00309295509941876,-0.0005223804037086666,0.0011473759077489376
913,21.25,0.0750000011175871,1.85714280605316,0.00341220921836793,-0.004305928014218807,-0.0025937643367797136
914,21.25,0.0449999989941716,1.85714280605316,0.0038172802887857,-0.009305892512202263,-0.006950640119612217
915,21.25,0.0149999996647239,1.85714280605316,0.00300158211030066,0.0005998557317070663,0.002145245438441634
916,21.25,0.135000001639128,1.28571426868439,0.00278628687374294,0.003053057938814163,0.004873712081462145
917,21.25,0.105000000447035,1.28571426868439,0.00357654830440879,-0.006172625347971916,-0.004629094619303942
918,21.25,0.0750000011175871,1.28571426868439,0.00281590013764799,0.0027119682636111975,0.004510011989623308
919,21.25,0.0449999989941716,1.28571426868439,0.00257143541239202,0.005688447970896959,0.007264116313308477
920,21.25,0.0149999996647239,1.28571426868439,0.00324844126589596,-0.0024235632736235857,-0.0005428827134892344
921,18.75,0.135000001639128,4.71428561210632,0.0019962158985436,0.003544774604961276,0.003864048747345805
922,18.75,0.105000000447035,4.71428561210632,0.00229920470155776,-0.0009436812833882868,-0.0009445215109735727
923,18.75,0.0750000011175871,4.71428561210632,0.00244552781805396,0.0009846233297139406,0.0007204778958112001
924,18.75,0.0449999989941716,4.71428561210632,0.00284697348251939,-0.003361319424584508,-0.002391926711425185
925,18.75,0.0149999996647239,4.71428561210632,0.00241365283727646,0.0012668538838624954,0.0015934263356029987
926,18.75,0.135000001639128,4.14285707473755,0.00211372878402472,-0.005900127347558737,-0.004746465478092432
927,18.75,0.105000000447035,4.14285707473755,0.00256526051089168,0.0005921793635934591,0.0020291039254516363
928,18.75,0.0750000011175871,4.14285707473755,0.00267030624672771,-0.0011050241300836205,0.00017007856513373554
929,18.75,0.0449999989941716,4.14285707473755,0.00206567742861807,0.0030597192235291004,0.003897707909345627
930,18.75,0.0149999996647239,4.14285707473755,0.00265412963926792,-0.001087307115085423,3.926450517610647e-05
931,18.75,0.135000001639128,3.57142865657806,0.00259748753160238,0.005351422354578972,0.006996394135057926
932,18.75,0.105000000447035,3.57142865657806,0.00302039063535631,-0.002160451142117381,-0.0006933510885573924
933,18.75,0.0750000011175871,3.57142865657806,0.0030714578460902,-0.00024558501900173724,0.0013921147910878062
934,18.75,0.0449999989941716,3.57142865657806,0.00356084387749434,-0.006467391271144152,-0.004346773494035006
935,18.75,0.0149999996647239,3.57142865657806,0.00318517512641847,-0.0016991650918498635,0.00025552246370352805
936,18.75,0.135000001639128,3.0,0.00326766446232796,-0.002365982625633478,-0.001253895228728652
937,18.75,0.105000000447035,3.0,0.00313745392486453,-0.0009405607706867158,0.00043631732114590704
938,18.75,0.0750000011175871,3.0,0.00312504498288035,-0.0008942841668613255,0.0007858961471356452
939,18.75,0.0449999989941716,3.0,0.00243225274607539,0.007406455930322409,0.008713245391845703
940,18.75,0.0149999996647239,3.0,0.00290412805043161,0.0018331411993131042,0.0031515455339103937
941,18.75,0.135000001639128,2.42857134342194,0.0034094275906682,-0.0044328756630420685,-0.0022425479255616665
942,18.75,0.105000000447035,2.42857134342194,0.00303250830620527,0.0001625204022275284,0.001916944165714085
943,18.75,0.0750000011175871,2.42857134342194,0.00309643475338817,-0.0005286842351779342,0.00104419921990484
944,18.75,0.0449999989941716,2.42857134342194,0.0035148833412677,-0.0055178869515657425,-0.0038022054359316826
945,18.75,0.0149999996647239,2.42857134342194,0.00348419649526477,-0.005268213804811239,-0.003229299560189247
946,18.75,0.135000001639128,1.85714280605316,0.00305109051987529,0.00011340489436406642,0.0013965398538857698
947,18.75,0.105000000447035,1.85714280605316,0.00308855669572949,-0.00039222295163199306,0.0010590065503492951
948,18.75,0.0750000011175871,1.85714280605316,0.00332867982797325,-0.0033793312031775713,-0.0014938923995941877
949,18.75,0.0449999989941716,1.85714280605316,0.00353734288364649,-0.005924272816628218,-0.003775430843234062
950,18.75,0.0149999996647239,1.85714280605316,0.00300731672905385,0.0004993893089704216,0.0021378262899816036
951,18.75,0.135000001639128,1.28571426868439,0.00286893220618367,0.0021665834356099367,0.0037093348801136017
952,18.75,0.105000000447035,1.28571426868439,0.00362403970211744,-0.006933662109076977,-0.004847357515245676
953,18.75,0.0750000011175871,1.28571426868439,0.00295777525752783,0.0010483438381925225,0.0028061503544449806
954,18.75,0.0449999989941716,1.28571426868439,0.0023877217900008,0.007897140458226204,0.009312255308032036
955,18.75,0.0149999996647239,1.28571426868439,0.00334801361896098,-0.003585354657843709,-0.0017579348059371114
956,16.25,0.135000001639128,4.71428561210632,0.00247381161898375,0.0021467693150043488,0.002030794508755207
957,16.25,0.105000000447035,4.71428561210632,0.00242400029674172,-0.0003768465539906174,-0.00023906733258627355
958,16.25,0.0750000011175871,4.71428561210632,0.00248427409678698,0.0009497837163507938,0.0009883474558591843
959,16.25,0.0449999989941716,4.71428561210632,0.00258500641211867,-0.0021203772630542517,-0.00163160206284374
960,16.25,0.0149999996647239,4.71428561210632,0.00208622217178345,0.0017379408236593008,0.0022146806586533785
961,16.25,0.135000001639128,4.14285707473755,0.00292108999565244,-0.0028761306311935186,-0.0009387519094161689
962,16.25,0.105000000447035,4.14285707473755,0.00294760940596461,-0.000402746198233217,0.0013956486945971847
963,16.25,0.0750000011175871,4.14285707473755,0.00320988125167787,-0.002558822510764003,-0.0004974711337126791
964,16.25,0.0449999989941716,4.14285707473755,0.00278152362443507,0.0014180116122588515,0.0029109655879437923
965,16.25,0.0149999996647239,4.14285707473755,0.0028638569638133,-0.0022510853596031666,-0.0008096506353467703
966,16.25,0.135000001639128,3.57142865657806,0.00305452616885304,-5.555309326155111e-05,0.0015796410152688622
967,16.25,0.105000000447035,3.57142865657806,0.00337109854444861,-0.00395460007712245,-0.0018433864461258054
968,16.25,0.0750000011175871,3.57142865657806,0.00316069927066565,-0.0013623699778690934,0.00042869197204709053
969,16.25,0.0449999989941716,3.57142865657806,0.00351266353391111,-0.005619286559522152,-0.0035342248156666756
970,16.25,0.0149999996647239,3.57142865657806,0.00313959876075387,-0.001127659808844328,0.0007218477549031377
971,16.25,0.135000001639128,3.0,0.0027411081828177,0.0037944852374494076,0.005011378787457943
972,16.25,0.105000000447035,3.0,0.00324206240475178,-0.002248619683086872,-0.0006677804631181061
973,16.25,0.0750000011175871,3.0,0.00321320118382573,-0.001995036844164133,-0.00014700453903060406
974,16.25,0.0449999989941716,3.0,0.00262403814122081,0.0051239547319710255,0.006478926166892052
975,16.25,0.0149999996647239,3.0,0.00294695259071887,0.0012413066579028964,0.0027960874140262604
976,16.25,0.135000001639128,2.42857134342194,0.00341492891311646,-0.004489309154450893,-0.002327820984646678
977,16.25,0.105000000447035,2.42857134342194,0.00309582217596471,-0.0005917779635637999,0.0011825284454971552
978,16.25,0.0750000011175871,2.42857134342194,0.00298128183931112,0.0008354434976354241,0.002398913027718663
979,16.25,0.0449999989941716,2.42857134342194,0.00342967920005322,-0.0045967404730618,-0.002641131868585944
980,16.25,0.0149999996647239,2.42857134342194,0.00348288146778941,-0.005191244650632143,-0.003332735039293766
981,16.25,0.135000001639128,1.85714280605316,0.00336684542708099,-0.0037319886032491922,-0.0021249987185001373
982,16.25,0.105000000447035,1.85714280605316,0.00292012165300548,0.0015165208606049418,0.0031924943905323744
983,16.25,0.0750000011175871,1.85714280605316,0.00322388228960335,-0.00213689636439085,-0.0002466121222823858
984,16.25,0.0449999989941716,1.85714280605316,0.00329599343240261,-0.002895668148994446,-0.001270011649467051
985,16.25,0.0149999996647239,1.85714280605316,0.00295190373435616,0.001148764742538333,0.0028056849259883165
986,16.25,0.135000001639128,1.28571426868439,0.00258644507266581,0.005559277720749378,0.006937876343727112
987,16.25,0.105000000447035,1.28571426868439,0.00335871614515781,-0.003642486175522208,-0.00196461146697402
988,16.25,0.0750000011175871,1.28571426868439,0.00275566359050572,0.0035456574987620115,0.004969893954694271
989,16.25,0.0449999989941716,1.28571426868439,0.0029414298478514,0.0012263996759429574,0.0030193349812179804
990,16.25,0.0149999996647239,1.28571426868439,0.00305795902386308,-6.859622953925282e-05,0.0014854087494313717
991,13.75,0.135000001639128,4.71428561210632,0.00261498126201332,-0.00046918666339479387,-0.0012589778052642941
992,13.75,0.105000000447035,4.71428561210632,0.00251211039721966,-0.00021457199181895703,9.497676364844665e-05
993,13.75,0.0750000011175871,4.71428561210632,0.00205458141863346,0.0001586464059073478,6.862368900328875e-05
994,13.75,0.0449999989941716,4.71428561210632,0.00188978610094637,-0.0016170903109014034,-0.0013410768005996943
995,13.75,0.0149999996647239,4.71428561210632,0.00155468436423689,0.002031938638538122,0.0023843806702643633
996,13.75,0.135000001639128,4.14285707473755,0.00208474695682526,-4.0384002204518765e-05,0.0014698964077979326
997,13.75,0.105000000447035,4.14285707473755,0.0017044076230377,0.00034616884659044445,0.0011825027177110314
998,13.75,0.0750000011175871,4.14285707473755,0.0019554952159524,8.275963409687392e-06,0.0008734178263694048
999,13.75,0.0449999989941716,4.14285707473755,0.00176867062691599,0.001956355758011341,0.0030624447390437126
1000,13.75,0.0149999996647239,4.14285707473755,0.00234733615070581,-0.002968178130686283,-0.0016772529343143106
1001,13.75,0.135000001639128,3.57142865657806,0.00322033441625535,-0.00195081508718431,-0.0004846948722843081
1002,13.75,0.105000000447035,3.57142865657806,0.00312399584800005,-0.0009247919078916311,0.0008514267974533141
1003,13.75,0.0750000011175871,3.57142865657806,0.00313873961567879,-0.00102064642123878,0.0005363707314245403
1004,13.75,0.0449999989941716,3.57142865657806,0.00339783914387226,-0.0041092997416853905,-0.002469574334099889
1005,13.75,0.0149999996647239,3.57142865657806,0.00290184607729316,0.0017433847533538938,0.003398630768060684
1006,13.75,0.135000001639128,3.0,0.00276262895204127,0.003450991353020072,0.004918593913316727
1007,13.75,0.105000000447035,3.0,0.00323044275864959,-0.002069942420348525,-0.000604709261097014
1008,13.75,0.0750000011175871,3.0,0.00316825043410063,-0.001367339980788529,0.00023740061442367733
1009,13.75,0.0449999989941716,3.0,0.00288034579716623,0.0020379589404910803,0.0035648627672344446
1010,13.75,0.0149999996647239,3.0,0.00335466745309532,-0.003645980264991522,-0.0018780876416713
1011,13.75,0.135000001639128,2.42857134342194,0.00344918365590274,-0.004816504195332527,-0.0028844329062849283
1012,13.75,0.105000000447035,2.42857134342194,0.0029865934047848,0.0007749504293315113,0.0023405139800161123
1013,13.75,0.0750000011175871,2.42857134342194,0.00297581218183041,0.0009305006824433804,0.002404645550996065
1014,13.75,0.0449999989941716,2.42857134342194,0.00310406205244362,-0.0006604201043955982,0.0010304052848368883
1015,13.75,0.0149999996647239,2.42857134342194,0.00332463486120105,-0.003251034766435623,-0.001596866874024272
1016,13.75,0.135000001639128,1.85714280605316,0.00357870734296739,-0.006331884767860174,-0.004448334686458111
1017,13.75,0.105000000447035,1.85714280605316,0.00326204299926758,-0.0025622104294598103,-0.0007597772055305541
1018,13.75,0.0750000011175871,1.85714280605316,0.00326565583236516,-0.002579911146312952,-0.0007880092016421258
1019,13.75,0.0449999989941716,1.85714280605316,0.00309721287339926,-0.0005085234879516065,0.0009992382256314158
1020,13.75,0.0149999996647239,1.85714280605316,0.00271841022185981,0.003922429867088795,0.00553380511701107
1021,13.75,0.135000001639128,1.28571426868439,0.0023599851410836,0.008293753489851952,0.009505831636488438
1022,13.75,0.105000000447035,1.28571426868439,0.00334501778706908,-0.003429751144722104,-0.0019418318988755345
1023,13.75,0.0750000011175871,1.28571426868439,0.00268368702381849,0.004477090202271938,0.00575156370177865
1024,13.75,0.0449999989941716,1.28571426868439,0.00321266474202275,-0.002021227730438113,-8.775672176852822e-05
1025,13.75,0.0149999996647239,1.28571426868439,0.00300357770174742,0.0006306580035015941,0.0020279150921851397
1026,11.25,0.135000001639128,4.71428561210632,0.00266526872292161,0.0003762322012335062,0.000588847731705755
1027,11.25,0.105000000447035,4.71428561210632,0.00268397224135697,-0.000402645644498989,0.00032091885805130005
1028,11.25,0.0750000011175871,4.71428561210632,0.00269704451784492,-0.0005717340391129255,-0.0004340366867836565
1029,11.25,0.0449999989941716,4.71428561210632,0.00249116355553269,-0.001405427698045969,-0.0008052117773331702
1030,11.25,0.0149999996647239,4.71428561210632,0.00183220603503287,0.0028976041357964277,0.002482124138623476
1031,11.25,0.135000001639128,4.14285707473755,0.0028528394177556,-0.0018762691179290414,-0.0003193012089468539
1032,11.25,0.105000000447035,4.14285707473755,0.00298575800843537,-0.0008140660938806832,0.0009705010452307761
1033,11.25,0.0750000011175871,4.14285707473755,0.00294243451207876,-0.0005293308640830219,0.001137683168053627
1034,11.25,0.0449999989941716,4.14285707473755,0.0029198294505477,0.00036129014915786684,0.0021930804941803217
1035,11.25,0.0149999996647239,4.14285707473755,0.0031390602234751,-0.003967564553022385,-0.0020382769871503115
1036,11.25,0.135000001639128,3.57142865657806,0.00308614457026124,-0.0004915865138173103,0.0013315920950844884
1037,11.25,0.105000000447035,3.57142865657806,0.00313219311647117,-0.00103228900115937,0.0007768786163069308
1038,11.25,0.0750000011175871,3.57142865657806,0.00322154862806201,-0.0021092931274324656,-0.00023217803391162306
1039,11.25,0.0449999989941716,3.57142865657806,0.00331545108929276,-0.003204712178558111,-0.0013718788977712393
1040,11.25,0.0149999996647239,3.57142865657806,0.00287168612703681,0.0021731576416641474,0.003612285014241934
1041,11.25,0.135000001639128,3.0,0.00320834922604263,-0.00196439609862864,-5.496282392414287e-05
1042,11.25,0.105000000447035,3.0,0.0035111925099045,-0.005597859155386686,-0.003524970728904009
1043,11.25,0.0750000011175871,3.0,0.00309766316786408,-0.0005994033999741077,0.0011936506489291787
1044,11.25,0.0449999989941716,3.0,0.00294010224752128,0.0012963964836671948,0.002941364189609885
1045,11.25,0.0149999996647239,3.0,0.00341326673515141,-0.0043958560563623905,-0.002457306021824479
1046,11.25,0.135000001639128,2.42857134342194,0.00333232549019158,-0.0032832296565175056,-0.0017795860767364502
1047,11.25,0.105000000447035,2.42857134342194,0.00268364557996392,0.004397794138640165,0.005824052728712559
1048,11.25,0.0750000011175871,2.42857134342194,0.00299700163304806,0.0006014606915414333,0.002302978653460741
1049,11.25,0.0449999989941716,2.42857134342194,0.0029902916867286,0.0007173155318014324,0.002317429520189762
1050,11.25,0.0149999996647239,2.42857134342194,0.00314072286710143,-0.0010829013772308826,0.000577571161556989
1051,11.25,0.135000001639128,1.85714280605316,0.00304527906700969,-2.45112842094386e-05,0.0018447221955284476
1052,11.25,0.105000000447035,1.85714280605316,0.00300926668569446,0.0004462736542336643,0.0021786007564514875
1053,11.25,0.0750000011175871,1.85714280605316,0.00325077981688082,-0.002347473753616214,-0.0007049001287668943
1054,11.25,0.0449999989941716,1.85714280605316,0.00308729498647153,-0.00042985164327546954,0.0011928380699828267
1055,11.25,0.0149999996647239,1.85714280605316,0.00290266703814268,0.0017618414713069797,0.003326894948258996
1056,11.25,0.135000001639128,1.28571426868439,0.00243189092725515,0.007497797720134258,0.008564388379454613
1057,11.25,0.105000000447035,1.28571426868439,0.00416106637567282,-0.013415001332759857,-0.010922811925411224
1058,11.25,0.0750000011175871,1.28571426868439,0.00271875225007534,0.003932731691747904,0.00554090877994895
1059,11.25,0.0449999989941716,1.28571426868439,0.00285628181882203,0.002353043295443058,0.003799106925725937
1060,11.25,0.0149999996647239,1.28571426868439,0.00321116298437119,-0.0019045916851609945,-0.00026863045059144497
1061,8.75,0.135000001639128,4.71428561210632,0.00158767425455153,0.003448172938078642,0.004318621009588242
1062,8.75,0.105000000447035,4.71428561210632,0.00193499715533108,-0.0010151795577257872,8.258756861323491e-05
1063,8.75,0.0750000011175871,4.71428561210632,0.00161058735102415,-0.0002471208863426,-0.0004890363779850304
1064,8.75,0.0449999989941716,4.71428561210632,0.00152124546002597,-0.0009141979389823973,-0.0005339019116945565
1065,8.75,0.0149999996647239,4.71428561210632,0.00143892061896622,0.0024467420298606157,0.0016424201894551516
1066,8.75,0.135000001639128,4.14285707473755,0.00353328068740666,-0.005768835544586182,-0.003959469497203827
1067,8.75,0.105000000447035,4.14285707473755,0.00288690975867212,4.1536557546351105e-05,0.0012233334127813578
1068,8.75,0.0750000011175871,4.14285707473755,0.0030683996155858,-0.00016526439867448062,0.0013600582024082541
1069,8.75,0.0449999989941716,4.14285707473755,0.00279996474273503,-0.0001674635277595371,0.0011592981172725558
1070,8.75,0.0149999996647239,4.14285707473755,0.00329111167229712,-0.002883131382986903,-0.0011457863729447126
1071,8.75,0.135000001639128,3.57142865657806,0.00258423923514783,0.005681364331394434,0.00680464506149292
1072,8.75,0.105000000447035,3.57142865657806,0.0032529910095036,-0.0024206023663282394,-0.0007176163489930332
1073,8.75,0.0750000011175871,3.57142865657806,0.00327876815572381,-0.0027267830446362495,-0.0010223782155662775
1074,8.75,0.0449999989941716,3.57142865657806,0.00323286303319037,-0.00212851632386446,-0.000583706540055573
1075,8.75,0.0149999996647239,3.57142865657806,0.00302261952310801,0.00039001271943561733,0.0018309567822143435
1076,8.75,0.135000001639128,3.0,0.00345626962371171,-0.004848540294915438,-0.0030719037167727947
1077,8.75,0.105000000447035,3.0,0.00338495941832662,-0.003939054440706968,-0.002334443386644125
1078,8.75,0.0750000011175871,3.0,0.00304802437312901,0.0001963922695722431,0.0014442759566009045
1079,8.75,0.0449999989941716,3.0,0.00306861964054406,-0.00022121121583040804,0.001460177474655211
1080,8.75,0.0149999996647239,3.0,0.00311785540543497,-0.0008536980021744967,0.0009361238335259259
1081,8.75,0.135000001639128,2.42857134342194,0.0033203000202775,-0.003242537844926119,-0.0014640926383435726
1082,8.75,0.105000000447035,2.42857134342194,0.00278484355658293,0.0032193325459957123,0.004593700636178255
1083,8.75,0.0750000011175871,2.42857134342194,0.00316909956745803,-0.0014568365877494216,0.00031705087167210877
1084,8.75,0.0449999989941716,2.42857134342194,0.00284511060453951,0.002478203270584345,0.003934723790735006
1085,8.75,0.0149999996647239,2.42857134342194,0.00315020908601582,-0.001212466275319457,0.0005019184318371117
1086,8.75,0.135000001639128,1.85714280605316,0.00311578740365803,-0.0008232343825511634,0.0009410335915163159
1087,8.75,0.105000000447035,1.85714280605316,0.00295493891462684,0.0010919992346316576,0.002808100776746869
1088,8.75,0.0750000011175871,1.85714280605316,0.00321140862070024,-0.0018618513131514192,-0.0003234740870539099
1089,8.75,0.0449999989941716,1.85714280605316,0.00326923443935812,-0.002679042750969529,-0.000786450516898185
1090,8.75,0.0149999996647239,1.85714280605316,0.00330812437459826,-0.003066419856622815,-0.0013846468646079302
1091,8.75,0.135000001639128,1.28571426868439,0.00260949553921819,0.005269381683319807,0.00669813109561801
1092,8.75,0.105000000447035,1.28571426868439,0.00356861855834723,-0.006156097631901503,-0.004403014667332172
1093,8.75,0.0750000011175871,1.28571426868439,0.00346290273591876,-0.005082320421934128,-0.0028135976754128933
1094,8.75,0.0449999989941716,1.28571426868439,0.00327684241347015,-0.002780328970402479,-0.0008513088687323034
1095,8.75,0.0149999996647239,1.28571426868439,0.0033043553121388,-0.003127838484942913,-0.0011361987562850118
1096,6.25,0.135000001639128,4.71428561210632,0.00184629287105054,0.0040239328518509865,0.004816539119929075
1097,6.25,0.105000000447035,4.71428561210632,0.00240815035067499,-0.0013936010655015707,-0.0003881174197886139
1098,6.25,0.0750000011175871,4.71428561210632,0.00203458312898874,-3.2803403883008286e-05,0.00016379378212150186
1099,6.25,0.0449999989941716,4.71428561210632,0.00216554058715701,-0.0008746194071136415,-0.00025865176576189697
1100,6.25,0.0149999996647239,4.71428561210632,0.0019562270026654,0.0010632083285599947,0.0014768321998417377
1101,6.25,0.135000001639128,4.14285707473755,0.00355820753611624,-0.006020995322614908,-0.004279118496924639
1102,6.25,0.105000000447035,4.14285707473755,0.00276591698639095,0.001024784753099084,0.0020362839568406343
1103,6.25,0.0750000011175871,4.14285707473755,0.0030739672947675,-4.965502012055367e-05,0.0011831742012873292
1104,6.25,0.0449999989941716,4.14285707473755,0.00305453548207879,-0.00028263937565498054,0.0010432990966364741
1105,6.25,0.0149999996647239,4.14285707473755,0.00296740490011871,-0.0016634092899039388,-0.00034076839801855385
1106,6.25,0.135000001639128,3.57142865657806,0.00254892092198133,0.006063114386051893,0.007280916906893253
1107,6.25,0.105000000447035,3.57142865657806,0.00332492589950562,-0.003354271873831749,-0.0014059258392080665
1108,6.25,0.0750000011175871,3.57142865657806,0.00325250136666,-0.0024380404502153397,-0.0006697415374219418
1109,6.25,0.0449999989941716,3.57142865657806,0.00320269097574055,-0.0017646919004619122,-0.00023909089213702828
1110,6.25,0.0149999996647239,3.57142865657806,0.00313342525623739,-0.0010039524640887976,0.0006806605961173773
1111,6.25,0.135000001639128,3.0,0.00339813367463648,-0.00417088158428669,-0.0023679884616285563
1112,6.25,0.105000000447035,3.0,0.00311033427715302,-0.0006966600776650012,0.0008861050591804087
1113,6.25,0.0750000011175871,3.0,0.00299454783089459,0.0006222761585377157,0.002358602359890938
1114,6.25,0.0449999989941716,3.0,0.00318718305788934,-0.0017061906401067972,0.00019367305503692478
1115,6.25,0.0149999996647239,3.0,0.00306476303376257,-0.0002138925192411989,0.0015314393676817417
1116,6.25,0.135000001639128,2.42857134342194,0.00326097477227449,-0.0025812203530222178,-0.0006844074814580381
1117,6.25,0.105000000447035,2.42857134342194,0.00298369629308581,0.0007760106818750501,0.0024250552523881197
1118,6.25,0.0750000011175871,2.42857134342194,0.00305764097720385,-9.052971290657297e-05,0.0015390967018902302
1119,6.25,0.0449999989941716,2.42857134342194,0.00264388951472938,0.004885637201368809,0.0062514315359294415
1120,6.25,0.0149999996647239,2.42857134342194,0.00304919364862144,9.324569691671059e-05,0.0014941985718905926
1121,6.25,0.135000001639128,1.85714280605316,0.00326319644227624,-0.0025183958932757378,-0.0008845960255712271
1122,6.25,0.105000000447035,1.85714280605316,0.00317573710344732,-0.0015215277671813965,0.00021104489860590547
1123,6.25,0.0750000011175871,1.85714280605316,0.00311830313876271,-0.0007038881303742528,0.000661947822663933
1124,6.25,0.0449999989941716,1.85714280605316,0.00308437133207917,-0.0003180328058078885,0.0010687931207939982
1125,6.25,0.0149999996647239,1.85714280605316,0.00329930917359889,-0.0030244640074670315,-0.0011607421329244971
1126,6.25,0.135000001639128,1.28571426868439,0.00283106719143689,0.002625539433211088,0.004140015691518784
1127,6.25,0.105000000447035,1.28571426868439,0.00321546453051269,-0.0019780751317739487,-0.00027997689903713763
1128,6.25,0.0750000011175871,1.28571426868439,0.00374272745102644,-0.008367767557501793,-0.0061168307438492775
1129,6.25,0.0449999989941716,1.28571426868439,0.00345072196796536,-0.004845898132771254,-0.0028180289082229137
1130,6.25,0.0149999996647239,1.28571426868439,0.00308532128110528,-0.00040441748569719493,0.0012077833525836468
1131,3.75,0.135000001639128,4.71428561210632,0.00203983532264829,0.0021838860120624304,0.002871463540941477
1132,3.75,0.105000000447035,4.71428561210632,0.00189975078683347,-3.6207446100888774e-05,0.0005168655188754201
1133,3.75,0.0750000011175871,4.71428561210632,0.00149999966379255,0.0011757585452869534,0.001033796463161707
1134,3.75,0.0449999989941716,4.71428561210632,0.00153941044118255,-1.419584259565454e-05,0.0006498897564597428
1135,3.75,0.0149999996647239,4.71428561210632,0.00134632783010602,0.0018270324217155576,0.0023517648223787546
1136,3.75,0.135000001639128,4.14285707473755,0.00319608300924301,-0.0016878447495400906,-0.0001460837374906987
1137,3.75,0.105000000447035,4.14285707473755,0.0030167184304446,0.0003633771266322583,0.002087691565975547
1138,3.75,0.0750000011175871,4.14285707473755,0.00312345032580197,-0.0009309266461059451,0.0009220397332683206
1139,3.75,0.0449999989941716,4.14285707473755,0.00302401720546186,0.0002789406862575561,0.0020063123665750027
1140,3.75,0.0149999996647239,4.14285707473755,0.00314263999462128,-0.001156504382379353,0.0006669656140729785
1141,3.75,0.135000001639128,3.57142865657806,0.00307538313791156,-0.0003981311747338623,0.0015328904846683145
1142,3.75,0.105000000447035,3.57142865657806,0.00318395323120058,-0.0015887969639152288,6.433909584302455e-05
1143,3.75,0.0750000011175871,3.57142865657806,0.00313352863304317,-0.0009537714067846537,0.0005842343089170754
1144,3.75,0.0449999989941716,3.57142865657806,0.00318919005803764,-0.0016705201705917716,3.5996981750940904e-05
1145,3.75,0.0149999996647239,3.57142865657806,0.00314701860770583,-0.0011163930175825953,0.00043004125473089516
1146,3.75,0.135000001639128,3.0,0.00295781646855175,0.0011940273689106107,0.002530388766899705
1147,3.75,0.105000000447035,3.0,0.00325110368430614,-0.002306936541572213,-0.0008609300130046904
1148,3.75,0.0750000011175871,3.0,0.00310494634322822,-0.0005924830911681056,0.0009145413059741259
1149,3.75,0.0449999989941716,3.0,0.00303313019685447,0.00019360861915629357,0.0018470556242391467
1150,3.75,0.0149999996647239,3.0,0.00308284512721002,-0.00042805870180018246,0.0013161348178982735
1151,3.75,0.135000001639128,2.42857134342194,0.00319080892950296,-0.0017253095284104347,8.428240107605234e-05
1152,3.75,0.105000000447035,2.42857134342194,0.00301210070028901,0.0003957330482080579,0.002174616092815995
1153,3.75,0.0750000011175871,2.42857134342194,0.00303675630129874,0.00012220074131619185,0.0018534730188548565
1154,3.75,0.0449999989941716,2.42857134342194,0.00271882745437324,0.003999517299234867,0.005377940367907286
1155,3.75,0.0149999996647239,2.42857134342194,0.00309924758039415,-0.0005975324893370271,0.001082966336980462
1156,3.75,0.135000001639128,1.85714280605316,0.00319707649759948,-0.0017534816870465875,-7.872530841268599e-05
1157,3.75,0.105000000447035,1.85714280605316,0.00304832844994962,1.5467214325326495e-05,0.0016531350556761026
1158,3.75,0.0750000011175871,1.85714280605316,0.00317966495640576,-0.0015225096140056849,0.000101836645626463
1159,3.75,0.0449999989941716,1.85714280605316,0.00303092715330422,0.0002270471741212532,0.0018507452914491296
1160,3.75,0.0149999996647239,1.85714280605316,0.00335282972082496,-0.003633823711425066,-0.0018343405099585652
1161,3.75,0.135000001639128,1.28571426868439,0.00243666488677263,0.007313864305615425,0.008746583946049213
1162,3.75,0.105000000447035,1.28571426868439,0.00345251872204244,-0.004922801628708839,-0.0027630513068288565
1163,3.75,0.0750000011175871,1.28571426868439,0.00328568019904196,-0.002950647845864296,-0.0008004494593478739
1164,3.75,0.0449999989941716,1.28571426868439,0.00307029485702515,-0.0003552440903149545,0.0016290434869006276
1165,3.75,0.0149999996647239,1.28571426868439,0.00297006429173052,0.0008950160117819905,0.002676656236872077
1166,1.25,0.135000001639128,4.71428561210632,0.00197276356630027,-0.001067762030288577,-0.00036034907680004835
1167,1.25,0.105000000447035,4.71428561210632,0.00164716725703329,-0.001502563594840467,-0.0006775936926715076
1168,1.25,0.0750000011175871,4.71428561210632,0.00150200317148119,0.0004989760345779359,0.0002715783193707466
1169,1.25,0.0449999989941716,4.71428561210632,0.00157897162716836,-0.0013471710262820125,-0.0007458238978870213
1170,1.25,0.0149999996647239,4.71428561210632,0.00146506074815989,7.459234620910138e-05,0.00027349713491275907
1171,1.25,0.135000001639128,4.14285707473755,0.00311250891536474,-0.0007672025240026414,0.0009445416508242488
1172,1.25,0.105000000447035,4.14285707473755,0.00303294789046049,0.0002900267136283219,0.001675326726399362
1173,1.25,0.0750000011175871,4.14285707473755,0.00324560585431755,-0.0023025504779070616,-0.0006342835840769112
1174,1.25,0.0449999989941716,4.14285707473755,0.00308472337201238,-0.0003632322477642447,0.0011445099953562021
1175,1.25,0.0149999996647239,4.14285707473755,0.00309430621564388,-0.0010663493303582072,0.0005504957516677678
1176,1.25,0.135000001639128,3.57142865657806,0.0032000569626689,-0.0017496573273092508,-0.0001754469849402085
1177,1.25,0.105000000447035,3.57142865657806,0.00343109387904406,-0.004643214866518974,-0.0025942386128008366
1178,1.25,0.0750000011175871,3.57142865657806,0.00304712913930416,5.8530633396003395e-05,0.0016144923865795135
1179,1.25,0.0449999989941716,3.57142865657806,0.00327196414582431,-0.0026156052481383085,-0.0009971953695639968
1180,1.25,0.0149999996647239,3.57142865657806,0.00320935389026999,-0.001929240534082055,-0.00016402489563915879
1181,1.25,0.135000001639128,3.0,0.00294602150097489,0.0012187844840809703,0.0028710125479847193
1182,1.25,0.105000000447035,3.0,0.00328751187771559,-0.0028128959238529205,-0.0011582178995013237
1183,1.25,0.0750000011175871,3.0,0.0033083837479353,-0.0030694040469825268,-0.001357710687443614
1184,1.25,0.0449999989941716,3.0,0.00300039257854223,0.0005616650450974703,0.0022654335480183363
1185,1.25,0.0149999996647239,3.0,0.00298458244651556,0.0007799495360814035,0.0023838544730097055
1186,1.25,0.135000001639128,2.42857134342194,0.0032627684995532,-0.002567913383245468,-0.0007792647811584175
1187,1.25,0.105000000447035,2.42857134342194,0.00307334191165864,-0.00033938579144887626,0.0014772588619962335
1188,1.25,0.0750000011175871,2.42857134342194,0.00309378816746175,-0.0005944702425040305,0.0012610448757186532
1189,1.25,0.0449999989941716,2.42857134342194,0.00306563801132143,-0.00017546809976920485,0.0014385783579200506
1190,1.25,0.0149999996647239,2.42857134342194,0.00316714588552713,-0.001397001906298101,0.0002875159843824804
1191,1.25,0.135000001639128,1.85714280605316,0.00356225459836423,-0.006109382025897503,-0.004306124523282051
1192,1.25,0.105000000447035,1.85714280605316,0.00278153410181403,0.003288456005975604,0.004581029526889324
1193,1.25,0.0750000011175871,1.85714280605316,0.00292673823423684,0.0015586984809488058,0.0029263002797961235
1194,1.25,0.0449999989941716,1.85714280605316,0.00345043349079788,-0.004786017816513777,-0.0029822844080626965
1195,1.25,0.0149999996647239,1.85714280605316,0.00294956238940358,0.0011912008048966527,0.0028023472987115383
1196,1.25,0.135000001639128,1.28571426868439,0.00238554528914392,0.007924625650048256,0.009326658211648464
1197,1.25,0.105000000447035,1.28571426868439,0.003754309611395,-0.008481631986796856,-0.006334205158054829
1198,1.25,0.0750000011175871,1.28571426868439,0.00301433680579066,0.0003773144562728703,0.002133467700332403
1199,1.25,0.0449999989941716,1.28571426868439,0.0029966935981065,0.0005708495737053454,0.0023736238945275545
1200,1.25,0.0149999996647239,1.28571426868439,0.00308957556262612,-0.0004625377187039703,0.0011610339861363173
1201,48.75,0.135000001639128,11.75,0.00122921844013035,-0.0005866930587217212,-0.0008567026234231889
1202,48.75,0.105000000447035,11.75,0.00219946843571961,-0.0006457609706558287,-0.0012150751426815987
1203,48.75,0.0750000011175871,11.75,0.00179225590545684,-0.00011481257388368249,-0.0004886960959993303
1204,48.75,0.0449999989941716,11.75,0.00209189159795642,-0.00010332369129173458,-0.0007070923456922174
1205,48.75,0.0149999996647239,11.75,0.00219184556044638,-0.0005590734072029591,-0.0015518753789365292
1206,48.75,0.135000001639128,10.25,0.000916584453079849,0.0007930256542749703,-0.00016863060591276735
1207,48.75,0.105000000447035,10.25,0.0009761126129888,0.0005127351614646614,0.00013201737601775676
1208,48.75,0.0750000011175871,10.25,0.00138542975764722,0.0001732513919705525,-0.0002223274059360847
1209,48.75,0.0449999989941716,10.25,0.00168456020765007,-8.889135642675683e-05,-0.00048217613948509097
1210,48.75,0.0149999996647239,10.25,0.00193941919133067,0.00039224166539497674,-0.0005268614622764289
1211,48.75,0.135000001639128,8.75,0.000532658013980836,-0.0003929236554540694,-0.0002610924420878291
1212,48.75,0.105000000447035,8.75,0.00129977369215339,0.0002525082090869546,-0.00026549611357040703
1213,48.75,0.0750000011175871,8.75,0.00181907112710178,0.0005100676789879799,-0.0005913214408792555
1214,48.75,0.0449999989941716,8.75,0.00184953515417874,0.0008655425044707954,-0.00022214108321350068
1215,48.75,0.0149999996647239,8.75,0.00189133745152503,8.263764175353572e-05,-0.000882588152308017
1216,48.75,0.135000001639128,7.25,0.00138006184715778,0.0016599571099504828,0.00021243399532977492
1217,48.75,0.105000000447035,7.25,0.00129753293003887,0.0007170579629018903,-0.00043831224320456386
1218,48.75,0.0750000011175871,7.25,0.00189429218880832,0.000588999770116061,-0.0004349998489487916
1219,48.75,0.0449999989941716,7.25,0.00273534026928246,6.031362136127427e-05,-0.0011666694190353155
1220,48.75,0.0149999996647239,7.25,0.00266552995890379,0.0010544265387579799,-0.0005059393588453531
1221,48.75,0.135000001639128,5.75,0.00180983066093177,-0.0005463093984872103,-0.0004225160810165107
1222,48.75,0.105000000447035,5.75,0.00244124908931553,0.0007816224824637175,-1.4824608115304727e-05
1223,48.75,0.0750000011175871,5.75,0.00265777437016368,0.0008167175110429525,-0.0007357205613516271
1224,48.75,0.0449999989941716,5.75,0.00283581018447876,0.001524655381217599,-0.0006170591805130243
1225,48.75,0.0149999996647239,5.75,0.00282468996010721,0.00019005834474228323,-0.001419525477103889
1226,46.25,0.135000001639128,11.75,0.00163369905203581,-0.0004553709295578301,-0.00026986689772456884
1227,46.25,0.105000000447035,11.75,0.00191711506340653,0.0002499820839148015,-0.0002609412476886064
1228,46.25,0.0750000011175871,11.75,0.00181722105480731,3.894386827596463e-05,-8.593915845267475e-05
1229,46.25,0.0449999989941716,11.75,0.0019664189312607,-5.614797191810794e-05,-0.0001956267951754853
1230,46.25,0.0149999996647239,11.75,0.00175227061845362,-0.0004126342246308923,-0.0007677762769162655
1231,46.25,0.135000001639128,10.25,0.00113161082845181,0.0006723370170220733,-0.00032975870999507606
1232,46.25,0.105000000447035,10.25,0.00126904994249344,-3.0326200430863537e-05,-0.00030699462513439357
1233,46.25,0.0750000011175871,10.25,0.00150681496597826,-9.303749538958073e-05,-0.0002911438059527427
1234,46.25,0.0449999989941716,10.25,0.00184413965325803,0.00013300911814440042,-0.00015770099707879126
1235,46.25,0.0149999996647239,10.25,0.00145629234611988,0.00041824771324172616,8.249965321738273e-05
1236,46.25,0.135000001639128,8.75,0.000964571780059487,-0.00041940368828363717,-0.0004932342562824488
1237,46.25,0.105000000447035,8.75,0.001396075473167,0.0004337017016950995,-0.0002820226945914328
1238,46.25,0.0750000011175871,8.75,0.00174219603650272,0.0004365904023870826,-0.0002781130897346884
1239,46.25,0.0449999989941716,8.75,0.00190817937254906,0.0005515677039511502,-0.0002429995802231133
1240,46.25,0.0149999996647239,8.75,0.00179898657370359,0.0003740198153536767,-0.0005019087693654001
1241,46.25,0.135000001639128,7.25,0.00162757642101496,0.00177003291901201,1.7436923371860757e-06
1242,46.25,0.105000000447035,7.25,0.00161466479767114,0.000626803666818887,-0.0004241669666953385
1243,46.25,0.0750000011175871,7.25,0.00192774552851915,0.0006137455930002034,-0.0003877219860441983
1244,46.25,0.0449999989941716,7.25,0.00230972771532834,0.0004151421308051795,-0.0005596571718342602
1245,46.25,0.0149999996647239,7.25,0.00224980595521629,0.0007493819575756788,0.00015636639727745205
1246,46.25,0.135000001639128,5.75,0.00230486411601305,-0.0007052267319522798,-0.001177084050141275
1247,46.25,0.105000000447035,5.75,0.00263475417159498,0.0008411520393565297,-0.0005647540092468262
1248,46.25,0.0750000011175871,5.75,0.00275993626564741,0.0006486314232461154,-0.0009026345796883106
1249,46.25,0.0449999989941716,5.75,0.00299065397121012,0.0008668071241118014,-0.000955230847466737
1250,46.25,0.0149999996647239,5.75,0.00279689417220652,0.00036902978899888694,-0.0012493401300162077
1251,43.75,0.135000001639128,11.75,0.00190301332622766,-0.0006950767710804939,-0.0014401691732928157
1252,43.75,0.105000000447035,11.75,0.0020841050427407,-2.5994691895903088e-05,-0.0012456584954634309
1253,43.75,0.0750000011175871,11.75,0.0016556071350351,0.0004121299716643989,-0.0003583317156881094
1254,43.75,0.0449999989941716,11.75,0.00190096837468445,-0.00016465455701109022,-6.524602940771729e-05
1255,43.75,0.0149999996647239,11.75,0.00147981708869338,-0.00020788551773875952,1.2378786777844653e-06
1256,43.75,0.135000001639128,10.25,0.00197078520432115,0.001009352970868349,-0.0008276135777123272
1257,43.75,0.105000000447035,10.25,0.00166860013268888,0.00022714906663168222,-0.00024014800146687776
1258,43.75,0.0750000011175871,10.25,0.00161911908071488,4.11326254834421e-05,-0.0001334393018623814
1259,43.75,0.0449999989941716,10.25,0.00177227344829589,0.00023098764359019697,0.00022772712691221386
1260,43.75,0.0149999996647239,10.25,0.00157457205932587,1.745866575220134e-05,0.0008388090645894408
1261,43.75,0.135000001639128,8.75,0.00197003036737442,-0.0005412669852375984,-0.0012285861885175109
1262,43.75,0.105000000447035,8.75,0.00212352722883224,0.0005057372618466616,-0.00039225933142006397
1263,43.75,0.0750000011175871,8.75,0.00181421241723001,0.0006420926656574011,5.857436349288037e-07
1264,43.75,0.0449999989941716,8.75,0.00178836472332478,0.00037836466799490154,0.000498591864015907
1265,43.75,0.0149999996647239,8.75,0.00153726013377309,0.00028674962231889367,0.0005817872588522732
1266,43.75,0.135000001639128,7.25,0.00222190958447754,0.0016620688838884234,-0.0007113111205399036
1267,43.75,0.105000000447035,7.25,0.00229112035594881,0.0003421343571972102,-0.00043900118907913566
1268,43.75,0.0750000011175871,7.25,0.00221492652781308,0.0005034867208451033,0.0001189337344840169
1269,43.75,0.0449999989941716,7.25,0.00209612934850156,0.0005686146905645728,0.0007607266306877136
1270,43.75,0.0149999996647239,7.25,0.00219734944403172,0.0008901439723558724,0.0014432165771722794
1271,43.75,0.135000001639128,5.75,0.00284544331952929,-0.0007644485449418426,-0.0016789304791018367
1272,43.75,0.105000000447035,5.75,0.00275775208137929,0.0005511261406354606,-0.0004576505161821842
1273,43.75,0.0750000011175871,5.75,0.00276175979524851,0.0002740002528298646,-8.40079301269725e-05
1274,43.75,0.0449999989941716,5.75,0.00247598136775196,0.00044443539809435606,0.0005817775381729007
1275,43.75,0.0149999996647239,5.75,0.00243342341855168,0.0002081379061564803,0.0006072044488973916
1276,41.25,0.135000001639128,11.75,0.00180193409323692,-0.0005578995915129781,-0.0009426696342416108
1277,41.25,0.105000000447035,11.75,0.00178147049155086,-6.113483323133551e-06,-0.0006194890011101961
1278,41.25,0.0750000011175871,11.75,0.00188683322630823,-0.0002867582952603698,-0.000436564558185637
1279,41.25,0.0449999989941716,11.75,0.00188512576278299,-3.868876228807494e-05,-0.00023498362861573696
1280,41.25,0.0149999996647239,11.75,0.00225207768380642,-0.0007520313374698162,-0.00042324254172854125
1281,41.25,0.135000001639128,10.25,0.00177886849269271,0.0005728820688091218,-0.0007481437060050666
1282,41.25,0.105000000447035,10.25,0.0018694952595979,-7.299592107301578e-05,-0.00038595363730564713
1283,41.25,0.0750000011175871,10.25,0.0019433117704466,-1.711491131572984e-05,-0.0006563463248312473
1284,41.25,0.0449999989941716,10.25,0.00204233196564019,-0.0001106619238271378,-0.00026971742045134306
1285,41.25,0.0149999996647239,10.25,0.00156713789328933,0.0006984280189499259,0.000514885236043483
1286,41.25,0.135000001639128,8.75,0.00184046733193099,-0.00017228920478373766,-0.0010369590017944574
1287,41.25,0.105000000447035,8.75,0.00220869691111147,0.0003653235035017133,-0.0004868822288699448
1288,41.25,0.0750000011175871,8.75,0.0021736619528383,0.00031872440013103187,-0.0001499283971497789
1289,41.25,0.0449999989941716,8.75,0.00204810732975602,0.000727713224478066,0.0004621236876118928
1290,41.25,0.0149999996647239,8.75,0.0020307342056185,-7.132012979127467e-05,0.000490328879095614
1291,41.25,0.135000001639128,7.25,0.00214138813316822,0.0013991979649290442,-0.0006800908013246953
1292,41.25,0.105000000447035,7.25,0.00256448634900153,0.0009258970967493951,-0.0010407906956970692
1293,41.25,0.0750000011175871,7.25,0.00282675819471478,0.0008138653356581926,-0.0004306486516725272
1294,41.25,0.0449999989941716,7.25,0.00265613454394042,0.0004468293918762356,-0.00017006091366056353
1295,41.25,0.0149999996647239,7.25,0.00274482532404363,0.0013088190462440252,0.0006801975541748106
1296,41.25,0.135000001639128,5.75,0.0031688348390162,0.0001553041220176965,-0.00129422708414495
1297,41.25,0.105000000447035,5.75,0.00309402053244412,0.0010141808306798339,-0.0004054848395753652
1298,41.25,0.0750000011175871,5.75,0.00307500082999468,0.0010659070685505867,-0.00039634626591578126
1299,41.25,0.0449999989941716,5.75,0.0026644947938621,0.0014149631606414914,0.00021503651805687696
1300,41.25,0.0149999996647239,5.75,0.00303230388090014,8.121225619106553e-06,0.00026720238383859396
1301,38.75,0.135000001639128,11.75,0.00156046682968736,-0.00020349920669104904,-0.00019452696142252535
1302,38.75,0.105000000447035,11.75,0.00198926194570959,-7.018743781372905e-05,-0.0006582943606190383
1303,38.75,0.0750000011175871,11.75,0.00168046611361206,3.663576353574172e-05,-0.0004186622390989214
1304,38.75,0.0449999989941716,11.75,0.00207826681435108,0.00011671319953165948,-0.0004598170053213835
1305,38.75,0.0149999996647239,11.75,0.00246304436586797,-0.0011606949847191572,-0.0011568244080990553
1306,38.75,0.135000001639128,10.25,0.00107934733387083,0.0005656036082655191,0.00047521956730633974
1307,38.75,0.105000000447035,10.25,0.0014419563813135,0.00028831034433096647,0.00022787234047427773
1308,38.75,0.0750000011175871,10.25,0.00161308748647571,0.00045381090603768826,-0.0003808479232247919
1309,38.75,0.0449999989941716,10.25,0.00198117061518133,6.690771988360211e-05,-0.0005293925642035902
1310,38.75,0.0149999996647239,10.25,0.00208554579876363,0.0010722362203523517,-0.0004696657124441117
1311,38.75,0.135000001639128,8.75,0.00107912893872708,-8.085386980383191e-06,0.00040194077882915735
1312,38.75,0.105000000447035,8.75,0.00143511255737394,0.0005323675577528775,0.00021564133930951357
1313,38.75,0.0750000011175871,8.75,0.00189877219963819,0.00024942957679741085,-0.0003095532883889973
1314,38.75,0.0449999989941716,8.75,0.00218136701732874,0.0005592468660324812,-0.0007492500590160489
1315,38.75,0.0149999996647239,8.75,0.00201969197951257,-0.0005991421057842672,-0.0005363834789022803
1316,38.75,0.135000001639128,7.25,0.0008934146608226,0.001002125209197402,0.0011524136643856764
1317,38.75,0.105000000447035,7.25,0.00187356758397073,0.0001657212560530752,-0.0002588077331893146
1318,38.75,0.0750000011175871,7.25,0.00250884098932147,0.000633695803117007,-0.00023953696654643863
1319,38.75,0.0449999989941716,7.25,0.00287797348573804,6.333831697702408e-05,-0.0004228645411785692
1320,38.75,0.0149999996647239,7.25,0.0029755977448076,0.0016388311050832272,-0.00010516132169868797
1321,38.75,0.135000001639128,5.75,0.00208892952650785,-0.00014867450227029622,0.0002701121265999973
1322,38.75,0.105000000447035,5.75,0.00271147978492081,0.0006778219249099493,0.0002485261356923729
1323,38.75,0.0750000011175871,5.75,0.00294662150554359,0.0001330839586444199,-0.00029931525932624936
1324,38.75,0.0449999989941716,5.75,0.00288180960342288,0.0009869603672996163,-6.002789450576529e-05
1325,38.75,0.0149999996647239,5.75,0.00293017248623073,-0.0006654767203144729,-0.0007082537631504238
1326,36.25,0.135000001639128,11.75,0.00197179592214525,-0.0003648747515399009,-0.0005655666464008391
1327,36.25,0.105000000447035,11.75,0.00235869805328548,-7.983950490597636e-05,-0.00030768944998271763
1328,36.25,0.0750000011175871,11.75,0.00188023946247995,0.00010484893573448062,-0.00020140984270256013
1329,36.25,0.0449999989941716,11.75,0.00247950735501945,-5.04654562973883e-05,-0.0008118115365505219
1330,36.25,0.0149999996647239,11.75,0.00272466288879514,-0.0009398337570019066,-0.0007223408319987357
1331,36.25,0.135000001639128,10.25,0.00193425535690039,0.00047148391604423523,-0.00032010278664529324
1332,36.25,0.105000000447035,10.25,0.00203775661066175,-0.0001016060559777543,-0.0002854216145351529
1333,36.25,0.0750000011175871,10.25,0.00195532920770347,-0.0002949293120764196,-0.0001664715528022498
1334,36.25,0.0449999989941716,10.25,0.0023526200093329,-0.00016417384904343635,-0.00020109256729483604
1335,36.25,0.0149999996647239,10.25,0.00209828303195536,0.0008404060499742627,8.28461634228006e-05
1336,36.25,0.135000001639128,8.75,0.00183454435318708,-0.00023546205193269998,-0.00040297163650393486
1337,36.25,0.105000000447035,8.75,0.00161316292360425,0.000712528417352587,-0.00011304869985906407
1338,36.25,0.0750000011175871,8.75,0.00220092502422631,0.0005556384567171335,-0.00018791518232319504
1339,36.25,0.0449999989941716,8.75,0.00229863123968244,0.0007903495570644736,4.949435970047489e-05
1340,36.25,0.0149999996647239,8.75,0.00193696399219334,-0.00032723715412430465,-0.00011705775250447914
1341,36.25,0.135000001639128,7.25,0.00220673554576933,0.0016832492547109723,0.0006166494567878544
1342,36.25,0.105000000447035,7.25,0.00249093980528414,0.0005490846233442426,-4.743085810332559e-06
1343,36.25,0.0750000011175871,7.25,0.00232818862423301,0.0009421795839443803,4.120027369935997e-05
1344,36.25,0.0449999989941716,7.25,0.00252311723306775,0.000540492357686162,5.861253521288745e-05
1345,36.25,0.0149999996647239,7.25,0.00265341624617577,0.001579142757691443,0.0005787249538116157
1346,36.25,0.135000001639128,5.75,0.00273020705208182,-0.0002771303406916559,-0.0005086386809125543
1347,36.25,0.105000000447035,5.75,0.00249508814886212,0.0013602301478385925,0.00029793212888762355
1348,36.25,0.0750000011175871,5.75,0.00259997393004596,0.000692910747602582,3.081413160543889e-05
1349,36.25,0.0449999989941716,5.75,0.00255085551179945,0.001297330716624856,0.00030490386416204274
1350,36.25,0.0149999996647239,5.75,0.00285617262125015,-0.00031409264192916453,-0.0002899561368394643
1351,33.75,0.135000001639128,11.75,0.00183531071525067,-0.00048645719652995467,-0.0008056680089794099
1352,33.75,0.105000000447035,11.75,0.00219590798951685,-0.0004694998497143388,-0.0006762897246517241
1353,33.75,0.0750000011175871,11.75,0.00214756443165243,-3.909524457412772e-05,-0.0003761549887713045
1354,33.75,0.0449999989941716,11.75,0.00229754857718945,-0.00019790406804531813,-0.0006750754546374083
1355,33.75,0.0149999996647239,11.75,0.00241878721863031,-0.0004832815029658377,-0.0005977008258923888
1356,33.75,0.135000001639128,10.25,0.00172737438697368,0.0007616340881213546,-0.00041120138484984636
1357,33.75,0.105000000447035,10.25,0.00191498454660177,0.000513907172717154,-0.0004716617986559868
1358,33.75,0.0750000011175871,10.25,0.00160468509420753,0.0002577572886366397,-8.273384446511045e-05
1359,33.75,0.0449999989941716,10.25,0.00182816106826067,0.00022172868193592876,0.00012292851170059294
1360,33.75,0.0149999996647239,10.25,0.0020364357624203,0.0006082496838644147,-0.0001692274963716045
1361,33.75,0.135000001639128,8.75,0.00186553527601063,-0.00029656500555574894,-0.0009054545080289245
1362,33.75,0.105000000447035,8.75,0.00182323437184095,0.00022016960429027677,-0.00025686289882287383
1363,33.75,0.0750000011175871,8.75,0.0018534145783633,0.00039860690594650805,-0.00023407535627484322
1364,33.75,0.0449999989941716,8.75,0.00181366212200373,0.00043233163887634873,5.892934132134542e-05
1365,33.75,0.0149999996647239,8.75,0.00164572824724019,1.602239535714034e-05,8.392856398131698e-05
1366,33.75,0.135000001639128,7.25,0.0024465702008456,0.001361251575872302,-0.0004254663363099098
1367,33.75,0.105000000447035,7.25,0.0023965451400727,0.00046251071034930646,-0.0003242123348172754
1368,33.75,0.0750000011175871,7.25,0.00254074018448591,0.0005237965378910303,9.769752796273679e-05
1369,33.75,0.0449999989941716,7.25,0.00261403527110815,0.0002138625568477437,0.0004569509474094957
1370,33.75,0.0149999996647239,7.25,0.0023565876763314,0.0011046171421185136,0.0012782302219420671
1371,33.75,0.135000001639128,5.75,0.00312560377642512,-0.0005420018569566309,-0.0013494797749444842
1372,33.75,0.105000000447035,5.75,0.00304163852706552,0.0004848987446166575,-0.00022271786292549223
1373,33.75,0.0750000011175871,5.75,0.00271960441023111,0.0001872925931820646,7.486361573683098e-05
1374,33.75,0.0449999989941716,5.75,0.00270228693261743,0.0007154681370593607,0.00032700764131732285
1375,33.75,0.0149999996647239,5.75,0.0027803061529994,1.3318746823642869e-05,0.00021229909907560796
1376,31.25,0.135000001639128,11.75,0.00202628900296986,-0.0002415874769212678,-0.0008834462496452034
1377,31.25,0.105000000447035,11.75,0.00184938521124423,8.441708632744849e-05,-0.0005956905079074204
1378,31.25,0.0750000011175871,11.75,0.0021283058449626,-0.00015172826533671468,-0.0004161717661190778
1379,31.25,0.0449999989941716,11.75,0.00206993985921144,0.0003642306837718934,-0.00041433938895352185
1380,31.25,0.0149999996647239,11.75,0.0021818527020514,-0.000516977277584374,-0.0006259010406211019
1381,31.25,0.135000001639128,10.25,0.00184985168743879,0.00043615757022053003,-0.0007305092294700444
1382,31.25,0.105000000447035,10.25,0.00184682314284146,5.268504173727706e-05,-0.0006384855951182544
1383,31.25,0.0750000011175871,10.25,0.00187392684165388,0.00025941789499484,-0.00039343498065136373
1384,31.25,0.0449999989941716,10.25,0.00201562698930502,-3.384663432370871e-05,-0.00019745824101846665
1385,31.25,0.0149999996647239,10.25,0.00195093161892146,0.00044194667134433985,3.524451130942907e-06
1386,31.25,0.135000001639128,8.75,0.00139807257801294,-0.0001399913162458688,-0.0005166834453120828
1387,31.25,0.105000000447035,8.75,0.00157302501611412,0.0005030925385653973,-0.00014120159903541207
1388,31.25,0.0750000011175871,8.75,0.00189561350271106,0.0002902004634961486,-0.0003188309201505035
1389,31.25,0.0449999989941716,8.75,0.00185510935261846,0.0006221235962584615,-0.00012928381329402328
1390,31.25,0.0149999996647239,8.75,0.00195341580547392,-8.079779945546761e-05,0.0001159263847512193
1391,31.25,0.135000001639128,7.25,0.00208969647064805,0.001644487027078867,1.0361703971284442e-05
1392,31.25,0.105000000447035,7.25,0.00233787926845253,0.0008613418322056532,-0.00020778791804332286
1393,31.25,0.0750000011175871,7.25,0.00239938334561884,0.0009457598207518458,0.00022045776131562889
1394,31.25,0.0449999989941716,7.25,0.0022099120542407,0.0006880801520310342,0.0005053215427324176
1395,31.25,0.0149999996647239,7.25,0.00238207750953734,0.001075716339983046,0.0008471431792713702
1396,31.25,0.135000001639128,5.75,0.00286557688377798,-0.0004093017487321049,-0.0005708635435439646
1397,31.25,0.105000000447035,5.75,0.00268209213390946,0.0007853578426875174,0.00021054617536719888
1398,31.25,0.0750000011175871,5.75,0.00276642618700862,0.0005864857812412083,-0.0002497561799827963
1399,31.25,0.0449999989941716,5.75,0.00269954465329647,0.0009239658829756081,0.00013310428766999394
1400,31.25,0.0149999996647239,5.75,0.0028108824044466,0.0002538029511924833,-0.0001229519839398563
1401,28.75,0.135000001639128,11.75,0.00131976301781833,-0.0001080809670384042,-0.0004133270413149148
1402,28.75,0.105000000447035,11.75,0.00185478630010039,1.5394374713650905e-05,-0.0006712529575452209
1403,28.75,0.0750000011175871,11.75,0.00190531276166439,-0.000391630717786029,-0.0003261537931393832
1404,28.75,0.0449999989941716,11.75,0.00198144163005054,-0.0003792934294324368,-0.0008238276350311935
1405,28.75,0.0149999996647239,11.75,0.0016167628346011,-0.00056215631775558,-0.00043441899470053613
1406,28.75,0.135000001639128,10.25,0.00107900437433273,0.00036757945781573653,-0.00013832637341693044
1407,28.75,0.105000000447035,10.25,0.00175178854260594,-1.8173415810451843e-05,-0.00038487440906465054
1408,28.75,0.0750000011175871,10.25,0.00177531701046973,0.00033050941419787705,-0.00018693269521463662
1409,28.75,0.0449999989941716,10.25,0.00193048128858209,-8.63752793520689e-05,-0.00017706448852550238
1410,28.75,0.0149999996647239,10.25,0.00156018103007227,0.0005071345949545503,0.0003515039279591292
1411,28.75,0.135000001639128,8.75,0.00125206727534533,-5.093451545690186e-05,-7.430581899825484e-05
1412,28.75,0.105000000447035,8.75,0.00181926693767309,0.00027295725885778666,1.172800148196984e-05
1413,28.75,0.0750000011175871,8.75,0.00195168692152947,4.9244496040046215e-05,-0.00011580446880543604
1414,28.75,0.0449999989941716,8.75,0.00192248355597258,0.0004909969284199178,0.00015216291649267077
1415,28.75,0.0149999996647239,8.75,0.00150007521733642,8.620638982392848e-05,-3.068921068916097e-05
1416,28.75,0.135000001639128,7.25,0.0019704676233232,0.0011405079858377576,0.0005833483883179724
1417,28.75,0.105000000447035,7.25,0.00194034457672387,0.0006142082274891436,-0.00010729984933277592
1418,28.75,0.0750000011175871,7.25,0.00225021969527006,0.0008393428870476782,0.00013437174493446946
1419,28.75,0.0449999989941716,7.25,0.00219430588185787,0.0002516411477699876,9.097019210457802e-05
1420,28.75,0.0149999996647239,7.25,0.00221695727668703,0.001116630737669766,0.0005570787470787764
1421,28.75,0.135000001639128,5.75,0.00251291459426284,-0.0002698581956792623,-0.0002434263442410156
1422,28.75,0.105000000447035,5.75,0.00251111481338739,0.00033209219691343606,0.00040131917921826243
1423,28.75,0.0750000011175871,5.75,0.0025527635589242,0.000352072820533067,6.773325731046498e-05
1424,28.75,0.0449999989941716,5.75,0.00242975051514804,0.0009632316650822759,0.0003857917326968163
1425,28.75,0.0149999996647239,5.75,0.00248582405038178,0.00022975770116318017,-0.00018140672182198614
1426,26.25,0.135000001639128,11.75,0.00126433640252799,-1.3460359696182422e-05,-0.0006902881432324648
1427,26.25,0.105000000447035,11.75,0.00150781078264117,-0.0003674324252642691,-0.0012428502086549997
1428,26.25,0.0750000011175871,11.75,0.0015366633888334,-0.00018777225341182202,-0.0006606089300476015
1429,26.25,0.0449999989941716,11.75,0.00196541077457368,0.0003332404012326151,-0.0005300363409332931
1430,26.25,0.0149999996647239,11.75,0.00205238815397024,-0.0007297482225112617,-0.0012068396899849176
1431,26.25,0.135000001639128,10.25,0.001200340106152,0.00026732656988315284,-0.0006315970094874501
1432,26.25,0.105000000447035,10.25,0.00122594018466771,0.00044633838115260005,-0.00022699078544974327
1433,26.25,0.0750000011175871,10.25,0.00152288994286209,0.0005882967379875481,-0.00014863847172819078
1434,26.25,0.0449999989941716,10.25,0.00119447708129883,0.0001654561929171905,-0.00040000915760174394
1435,26.25,0.0149999996647239,10.25,0.00151997245848179,0.0006518556037917733,-0.00011410086881369352
1436,26.25,0.135000001639128,8.75,0.00102936837356538,0.0002638623118400574,-0.0003323477867525071
1437,26.25,0.105000000447035,8.75,0.00116358778905123,0.0005363254458643496,-0.00028878648299723864
1438,26.25,0.0750000011175871,8.75,0.00124747818335891,0.00024761544773355126,4.90172851641546e-07
1439,26.25,0.0449999989941716,8.75,0.00142364506609738,0.000950057408772409,5.978383342153393e-05
1440,26.25,0.0149999996647239,8.75,0.00142653519287705,2.935292104666587e-05,-0.00016012390551622957
1441,26.25,0.135000001639128,7.25,0.0013664826983586,0.0011069384636357427,-8.658630395075306e-05
1442,26.25,0.105000000447035,7.25,0.00132339529227465,0.0007702352595515549,-0.00023731192050036043
1443,26.25,0.0750000011175871,7.25,0.00175063742790371,0.0009502004249952734,-1.5900510334176943e-05
1444,26.25,0.0449999989941716,7.25,0.00194497965276241,0.00015304620319511741,8.686365617904812e-05
1445,26.25,0.0149999996647239,7.25,0.00189610105007887,0.0009409404592588544,0.0008140509016811848
1446,26.25,0.135000001639128,5.75,0.00214411737397313,0.00021813035709783435,-0.0007228023605421185
1447,26.25,0.105000000447035,5.75,0.00197557266801596,0.0008329243282787502,0.0001428003452019766
1448,26.25,0.0750000011175871,5.75,0.00226989504881203,0.0004477164475247264,0.00028569737332873046
1449,26.25,0.0449999989941716,5.75,0.00211377697996795,0.0015569105744361877,0.0006479471921920776
1450,26.25,0.0149999996647239,5.75,0.00233482616022229,0.0002483930438756943,0.0005177379935048521
1451,23.75,0.135000001639128,11.75,0.00102287402842194,0.0002474614593666047,-0.00010930754797300324
1452,23.75,0.105000000447035,11.75,0.00129926879890263,-0.00012603143113665283,-0.00045314672752283514
1453,23.75,0.0750000011175871,11.75,0.0018192722927779,-0.00028756840038113296,-0.0009987341472879052
1454,23.75,0.0449999989941716,11.75,0.00186883518472314,-6.727618165314198e-05,-0.0007652970380149782
1455,23.75,0.0149999996647239,11.75,0.00215135072357953,-0.0009384058066643775,-0.0016024867072701454
1456,23.75,0.135000001639128,10.25,0.00120183569379151,-3.534301504259929e-05,7.999240915523842e-05
1457,23.75,0.105000000447035,10.25,0.000963514903560281,7.337301212828606e-05,-8.151484507834539e-05
1458,23.75,0.0750000011175871,10.25,0.00136110174935311,0.00022842719045002013,-0.00018660294881556183
1459,23.75,0.0449999989941716,10.25,0.00154416135046631,-0.0005840351805090904,-0.0008673159754835069
1460,23.75,0.0149999996647239,10.25,0.00205151899717748,0.0007038236362859607,-0.00057802046649158
1461,23.75,0.135000001639128,8.75,0.00116825639270246,8.240661554737017e-05,0.00011987152538495138
1462,23.75,0.105000000447035,8.75,0.00134476006496698,0.00013221018889453262,-0.0001023705190164037
1463,23.75,0.0750000011175871,8.75,0.00178916344884783,-6.376761302817613e-05,-0.00013609665620606393
1464,23.75,0.0449999989941716,8.75,0.0019465780351311,0.0009301679092459381,0.00013176165521144867
1465,23.75,0.0149999996647239,8.75,0.00178111472632736,-0.0002152625675080344,-0.0003671638551168144
1466,23.75,0.135000001639128,7.25,0.00125158159062266,0.0010339678265154362,0.0004130792513024062
1467,23.75,0.105000000447035,7.25,0.00145599828101695,0.00048552584485150874,-9.872010195977055e-06
1468,23.75,0.0750000011175871,7.25,0.00198397599160671,0.0009808954782783985,-5.0600123358890414e-05
1469,23.75,0.0449999989941716,7.25,0.00222664116881788,-0.000342146580806002,-0.0008670802344568074
1470,23.75,0.0149999996647239,7.25,0.00263814651407301,0.0012961514294147491,-0.00015327829169109464
1471,23.75,0.135000001639128,5.75,0.00230512116104364,-0.0001603650307515636,3.795841257669963e-05
1472,23.75,0.105000000447035,5.75,0.00256535178050399,0.0006503661861643195,0.0005287142121233046
1473,23.75,0.0750000011175871,5.75,0.00247562234289944,0.0001503541716374457,-0.00010343514441046864
1474,23.75,0.0449999989941716,5.75,0.00265058339573443,0.0018137732986360788,0.0003043214092031121
1475,23.75,0.0149999996647239,5.75,0.00258271396160126,0.00018816684314515442,-0.00040394975803792477
1476,21.25,0.135000001639128,11.75,0.00118577340617776,4.807012373930775e-06,0.00026528912712819874
1477,21.25,0.105000000447035,11.75,0.00163197400979698,-0.00045797135680913925,-0.0007157722138799727
1478,21.25,0.0750000011175871,11.75,0.00197067554108799,-0.00022384685871656984,-0.0009639192139729857
1479,21.25,0.0449999989941716,11.75,0.0022548099514097,0.00034496455918997526,-0.0010229049948975444
1480,21.25,0.0149999996647239,11.75,0.00261219427920878,-0.0010454516159370542,-0.0018637863686308265
1481,21.25,0.135000001639128,10.25,0.00167169235646725,0.00016976009646896273,0.0012787854066118598
1482,21.25,0.105000000447035,10.25,0.000978981610387564,0.00034992521977983415,0.00017387160914950073
1483,21.25,0.0750000011175871,10.25,0.00184874632395804,0.0004579066880978644,-0.00015157675079535693
1484,21.25,0.0449999989941716,10.25,0.00214096857234836,-0.00015798714593984187,-0.001212191884405911
1485,21.25,0.0149999996647239,10.25,0.00249989191070199,0.0008988648187369108,-0.0010739527642726898
1486,21.25,0.135000001639128,8.75,0.00129122426733375,0.0004498506896197796,0.0005478276289068162
1487,21.25,0.105000000447035,8.75,0.00137920386623591,0.0007863377104513347,0.000749719503801316
1488,21.25,0.0750000011175871,8.75,0.00193403603043407,0.0003548244421835989,-0.0003730756288859993
1489,21.25,0.0449999989941716,8.75,0.00251007382757962,0.0013568955473601818,-0.0006275198538787663
1490,21.25,0.0149999996647239,8.75,0.00239621079526842,-0.00012304696429055184,-0.0011620018631219864
1491,21.25,0.135000001639128,7.25,0.00193845445755869,0.0011941087432205677,0.002133469097316265
1492,21.25,0.105000000447035,7.25,0.00165083457250148,0.0005845483392477036,0.00039442069828510284
1493,21.25,0.0750000011175871,7.25,0.00233731814660132,0.0010967603884637356,0.0002049676259048283
1494,21.25,0.0449999989941716,7.25,0.0027289530262351,-0.00025077207828871906,-0.0011901498073711991
1495,21.25,0.0149999996647239,7.25,0.00294746365398169,0.0011536001693457365,-0.0007448034593835473
1496,21.25,0.135000001639128,5.75,0.00222038710489869,-0.0003288097504992038,0.0011374179739505053
1497,21.25,0.105000000447035,5.75,0.00198797602206469,0.0008255285792984068,0.0009322522673755884
1498,21.25,0.0750000011175871,5.75,0.00285660498775542,-8.227282523876056e-05,-0.00024523967294953763
1499,21.25,0.0449999989941716,5.75,0.00286370329558849,0.0017728450475260615,8.550507482141256e-05
1500,21.25,0.0149999996647239,5.75,0.00296416971832514,-8.42239023768343e-05,-0.0011291403789073229
1501,18.75,0.135000001639128,11.75,0.000914625183213502,6.795678928028792e-05,-0.0008187121129594743
1502,18.75,0.105000000447035,11.75,0.00148931762669235,0.0001067616103682667,-0.0005468224990181625
1503,18.75,0.0750000011175871,11.75,0.00178673665504903,-6.914215919096023e-05,-0.0009108918602578342
1504,18.75,0.0449999989941716,11.75,0.00174448429606855,5.2773975767195225e-05,-0.00028675131034106016
1505,18.75,0.0149999996647239,11.75,0.00199809321202338,-0.0009012820082716644,-0.0009847967885434628
1506,18.75,0.135000001639128,10.25,0.000795487023424357,0.00023782244534231722,-0.0002271234552608803
1507,18.75,0.105000000447035,10.25,0.000966519757639617,-1.0150368325412273e-05,-0.0004525351687334478
1508,18.75,0.0750000011175871,10.25,0.00147484778426588,0.00022477084712591022,-0.00036108624772168696
1509,18.75,0.0449999989941716,10.25,0.00169697869569063,-0.00045902750571258366,-0.00028220738749951124
1510,18.75,0.0149999996647239,10.25,0.00126855971757323,0.00085110665531829,6.081497485865839e-05
1511,18.75,0.135000001639128,8.75,0.000517163134645671,-0.00018569070380181074,-0.00043200876098126173
1512,18.75,0.105000000447035,8.75,0.00174295681063086,0.00017206586198881269,-1.5713409084128216e-05
1513,18.75,0.0750000011175871,8.75,0.00188569177407771,-7.661468407604843e-05,-0.00026602548314258456
1514,18.75,0.0449999989941716,8.75,0.00176611158531159,0.0009902090532705188,0.0002500264090485871
1515,18.75,0.0149999996647239,8.75,0.00158160808496177,-0.0003431524964980781,-0.00044046001858077943
1516,18.75,0.135000001639128,7.25,0.00135729799512774,0.0014487889129668474,0.00044869648991152644
1517,18.75,0.105000000447035,7.25,0.00185176287777722,0.0005681587499566376,-0.000541716581210494
1518,18.75,0.0750000011175871,7.25,0.00195568799972534,0.001116204191930592,0.0002216794528067112
1519,18.75,0.0449999989941716,7.25,0.00217081164009869,-0.0002515583182685077,-1.1054504284402356e-05
1520,18.75,0.0149999996647239,7.25,0.00204695598222315,0.001483021886087954,0.0004294725658837706
1521,18.75,0.135000001639128,5.75,0.00188889959827065,-0.0006884576287120581,-0.0002728995750658214
1522,18.75,0.105000000447035,5.75,0.00208181678317487,0.0006992937414906919,0.00035196178941987455
1523,18.75,0.0750000011175871,5.75,0.00215894286520779,0.00014532874047290534,-0.00035315434797666967
1524,18.75,0.0449999989941716,5.75,0.00232409778982401,0.0017419438809156418,0.0002651751565281302
1525,18.75,0.0149999996647239,5.75,0.00223668292164803,-7.253666990436614e-05,-0.0006657879566773772
1526,16.25,0.135000001639128,11.75,0.000594562501646578,-9.415564272785559e-05,-0.0006854194216430187
1527,16.25,0.105000000447035,11.75,0.00130829005502164,-0.0002909749455284327,-0.0008827144047245383
1528,16.25,0.0750000011175871,11.75,0.00178694538772106,-0.0002611871750559658,-0.0006640865467488766
1529,16.25,0.0449999989941716,11.75,0.00189526891335845,0.00018138904124498367,-0.0006552042323164642
1530,16.25,0.0149999996647239,11.75,0.00181348074693233,-0.0005893736961297691,-0.0009912943933159113
1531,16.25,0.135000001639128,10.25,0.000779917056206614,0.00022840985911898315,-0.00040379102574661374
1532,16.25,0.105000000447035,10.25,0.000737548572942615,0.00020757639140356332,-0.0002413333859294653
1533,16.25,0.0750000011175871,10.25,0.00133072026073933,0.00038362861960195005,-0.00023368893016595393
1534,16.25,0.0449999989941716,10.25,0.00180568941868842,-0.00014221976744011045,-0.00046364779700525105
1535,16.25,0.0149999996647239,10.25,0.00153393694199622,0.0005567283369600773,-0.00028681039111688733
1536,16.25,0.135000001639128,8.75,0.000778469897340983,0.00023373703879769892,-0.00033217857708223164
1537,16.25,0.105000000447035,8.75,0.00148932205047458,0.0005946923629380763,9.33706687646918e-05
1538,16.25,0.0750000011175871,8.75,0.00175676716025919,0.00018834107322618365,-0.0003830069035757333
1539,16.25,0.0449999989941716,8.75,0.00197975849732757,0.0008193104295060039,-0.00024913897505030036
1540,16.25,0.0149999996647239,8.75,0.00130580004770309,-5.16344080097042e-05,-0.0003406633040867746
1541,16.25,0.135000001639128,7.25,0.00146873120684177,0.0012264261022210121,0.000407457904657349
1542,16.25,0.105000000447035,7.25,0.00141148932743818,0.0007920946227386594,-0.00013775448314845562
1543,16.25,0.0750000011175871,7.25,0.00158639496657997,0.0010649006580933928,0.00024095014669001102
1544,16.25,0.0449999989941716,7.25,0.00193412217777222,0.0002799510257318616,-0.00016747877816669643
1545,16.25,0.0149999996647239,7.25,0.00195458601228893,0.0012080316664651036,0.00043663010001182556
1546,16.25,0.135000001639128,5.75,0.00192606763448566,-0.00018319881928618997,-0.0006894049583934247
1547,16.25,0.105000000447035,5.75,0.00176615361124277,0.00040109234396368265,2.6271836759406142e-05
1548,16.25,0.0750000011175871,5.75,0.00196052785031497,-0.00018622478819452226,-0.0005833496688865125
1549,16.25,0.0449999989941716,5.75,0.00218086433596909,0.0009043072932399809,-0.0003804135776590556
1550,16.25,0.0149999996647239,5.75,0.00214294786565006,-0.0003814169904217124,-0.0009717337670736015
1551,13.75,0.135000001639128,11.75,0.00155389250721782,0.0001975011982722208,-0.0009460920700803399
1552,13.75,0.105000000447035,11.75,0.00192316214088351,-0.00021226616809144616,-0.001125195063650608
1553,13.75,0.0750000011175871,11.75,0.00157492642756552,-0.0003034385445062071,-0.0004933113814331591
1554,13.75,0.0449999989941716,11.75,0.00174623308703303,-0.00019028509268537164,-0.00036616172292269766
1555,13.75,0.0149999996647239,11.75,0.00172867882065475,-0.0008008372387848794,-0.0002125624887412414
1556,13.75,0.135000001639128,10.25,0.00142121221870184,0.0001513860042905435,-0.0009476348059251904
1557,13.75,0.105000000447035,10.25,0.00156670017167926,0.00027499409043230116,-0.0005606065969914198
1558,13.75,0.0750000011175871,10.25,0.00170399574562907,0.0003752079210244119,-0.0001328231010120362
1559,13.75,0.0449999989941716,10.25,0.00177980051375926,9.572395356371999e-05,0.00027681756182573736
1560,13.75,0.0149999996647239,10.25,0.0015054764226079,0.0007515987381339073,0.000698294083122164
1561,13.75,0.135000001639128,8.75,0.00155396072659642,0.00030509696807712317,-0.000807503703981638
1562,13.75,0.105000000447035,8.75,0.00202899263240397,0.0001886133977677673,-0.0006086124340072274
1563,13.75,0.0750000011175871,8.75,0.00173252436798066,0.0002445713907945901,-8.326570241479203e-05
1564,13.75,0.0449999989941716,8.75,0.00195047503802925,0.0006647103582508862,0.000338962854584679
1565,13.75,0.0149999996647239,8.75,0.00143817078787833,-8.405969856539741e-05,0.0005478736711665988
1566,13.75,0.135000001639128,7.25,0.00196095695719123,0.0006780671537853777,-0.0008373730233870447
1567,13.75,0.105000000447035,7.25,0.00213890732266009,0.0007358447765000165,-0.00030876026721671224
1568,13.75,0.0750000011175871,7.25,0.00196078629232943,0.0009156502201221883,0.0003685006231535226
1569,13.75,0.0449999989941716,7.25,0.00206871330738068,0.0003815527306869626,0.0007099605281837285
1570,13.75,0.0149999996647239,7.25,0.00166481977794319,0.0014057281659916043,0.0017082185950130224
1571,13.75,0.135000001639128,5.75,0.00250363256782293,0.0005297736497595906,-0.0009268629364669323
1572,13.75,0.105000000447035,5.75,0.00216583418659866,0.000611897325143218,-0.00015967260696925223
1573,13.75,0.0750000011175871,5.75,0.00211642100475729,0.0005576459225267172,-8.15208550193347e-05
1574,13.75,0.0449999989941716,5.75,0.00207469030283391,0.0011740854242816567,0.0003644483513198793
1575,13.75,0.0149999996647239,5.75,0.00197394005954266,-0.0001474144810345024,0.0005089492769911885
1576,11.25,0.135000001639128,11.75,0.00140493921935558,-0.00017171422950923443,-0.0010415948927402496
1577,11.25,0.105000000447035,11.75,0.00226062419824302,-0.0007066249963827431,-0.0018462003208696842
1578,11.25,0.0750000011175871,11.75,0.00182366720400751,-0.00022929163242224604,-0.0006598135805688798
1579,11.25,0.0449999989941716,11.75,0.0019030743278563,-1.4154271639199578e-06,0.0001841068296926096
1580,11.25,0.0149999996647239,11.75,0.00150694360490888,-0.000644040119368583,0.0002621757739689201
1581,11.25,0.135000001639128,10.25,0.00114571780432016,6.958396261325106e-05,-0.0009571207338012755
1582,11.25,0.105000000447035,10.25,0.00163510488346219,0.0005507268360815942,-0.0006581119378097355
1583,11.25,0.0750000011175871,10.25,0.00140158552676439,0.00029887352138757706,-0.0003582803765311837
1584,11.25,0.0449999989941716,10.25,0.0013393429107964,-4.449193875188939e-05,0.000529829238075763
1585,11.25,0.0149999996647239,10.25,0.00151587883010507,0.0005849963054060936,0.0015645268140360713
1586,11.25,0.135000001639128,8.75,0.00210182089358568,0.0003488821384962648,-0.0014856081688776612
1587,11.25,0.105000000447035,8.75,0.0022044931538403,0.00013196567306295037,-0.0010545292170718312
1588,11.25,0.0750000011175871,8.75,0.0019214516505599,0.00011526745220180601,-0.0001632361236261204
1589,11.25,0.0449999989941716,8.75,0.0015505327610299,0.000499492627568543,0.0009340287651866674
1590,11.25,0.0149999996647239,8.75,0.00173256208654493,-0.00035071439924649894,0.0009226180263794959
1591,11.25,0.135000001639128,7.25,0.00222226092591882,0.0007806939538568258,-0.0013426063815131783
1592,11.25,0.105000000447035,7.25,0.00231108977459371,0.0008498756214976311,-0.0009428647463209927
1593,11.25,0.0750000011175871,7.25,0.00167738541495055,0.0007716788095422089,0.0002476691734045744
1594,11.25,0.0449999989941716,7.25,0.00173922220710665,0.0003391687641851604,0.0007551854941993952
1595,11.25,0.0149999996647239,7.25,0.00166292430367321,0.0014802932273596525,0.002293843077495694
1596,11.25,0.135000001639128,5.75,0.00293022044934332,0.0004131438909098506,-0.00201887427829206
1597,11.25,0.105000000447035,5.75,0.00245674070902169,0.0005042626871727407,-0.0008381955558434129
1598,11.25,0.0750000011175871,5.75,0.00231726537458599,0.0003037355490960181,-0.0004165235732216388
1599,11.25,0.0449999989941716,5.75,0.00178084475919604,0.0007985584670677781,0.0006219749338924885
1600,11.25,0.0149999996647239,5.75,0.00221102684736252,-0.0006734261405654252,0.0006066241185180843
1601,8.75,0.135000001639128,11.75,0.000821944558992982,-0.0002714931033551693,-0.00020026387937832624
1602,8.75,0.105000000447035,11.75,0.00163778709247708,-6.540928734466434e-05,-5.2381281420821324e-05
1603,8.75,0.0750000011175871,11.75,0.0017100916011259,-0.0001516096672276035,-0.0006737440126016736
1604,8.75,0.0449999989941716,11.75,0.00199271645396948,-0.0004054709861520678,-0.0005233202828094363
1605,8.75,0.0149999996647239,11.75,0.00208892347291112,-0.0009150186670012772,-0.001082279602997005
1606,8.75,0.135000001639128,10.25,0.00105779292061925,0.0006398626719601452,3.610339990700595e-05
1607,8.75,0.105000000447035,10.25,0.00110009964555502,0.00016935549501795322,-0.0002242092596134171
1608,8.75,0.0750000011175871,10.25,0.00113781075924635,0.000165407924214378,-0.00041524460539221764
1609,8.75,0.0449999989941716,10.25,0.00156274950131774,0.00029437034390866756,-0.0005153417005203664
1610,8.75,0.0149999996647239,10.25,0.00164049118757248,0.0009614370064809918,-0.00019086324027739465
1611,8.75,0.135000001639128,8.75,0.00138446560595185,-0.00016609537124168128,5.280283949105069e-05
1612,8.75,0.105000000447035,8.75,0.00185565906576812,0.00047684164019301534,8.581261499784887e-05
1613,8.75,0.0750000011175871,8.75,0.00160734413657337,0.00039705578819848597,-3.3649463148321956e-05
1614,8.75,0.0449999989941716,8.75,0.00163324945606291,0.0005440139793790877,-0.0003295415954198688
1615,8.75,0.0149999996647239,8.75,0.00160007108934224,-0.0003119067696388811,-0.0006067308713681996
1616,8.75,0.135000001639128,7.25,0.00197106087580323,0.0014411001466214657,0.0002966997562907636
1617,8.75,0.105000000447035,7.25,0.0020463524851948,0.0004681946011260152,-0.00025785883190110326
1618,8.75,0.0750000011175871,7.25,0.0019476106390357,0.0009000451536849141,5.52453457203228e-05
1619,8.75,0.0449999989941716,7.25,0.00213612033985555,0.0006156390882097185,-0.00035236901021562517
1620,8.75,0.0149999996647239,7.25,0.00232621468603611,0.0016661634435877204,0.00021610246039927006
1621,8.75,0.135000001639128,5.75,0.00203335774131119,-0.0005399665096774697,-0.00034139060880988836
1622,8.75,0.105000000447035,5.75,0.00187858869321644,0.0009126944933086634,0.00033391593024134636
1623,8.75,0.0750000011175871,5.75,0.00203925278037786,0.000529431039467454,-0.00021503694006241858
1624,8.75,0.0449999989941716,5.75,0.00212280731648207,0.000898424070328474,-3.9624017517780885e-05
1625,8.75,0.0149999996647239,5.75,0.00228750635869801,-0.0004401407204568386,-0.0010414363350719213
1626,6.25,0.135000001639128,11.75,0.00163185736164451,-0.0003050772356800735,-0.0001985632989089936
1627,6.25,0.105000000447035,11.75,0.0021376374643296,-0.0004412671842146665,-0.00042807275895029306
1628,6.25,0.0750000011175871,11.75,0.00186257099267095,-0.00013255041267257184,-0.0002741131465882063
1629,6.25,0.0449999989941716,11.75,0.0023120332043618,-0.0001762522297212854,-0.00016146614507306367
1630,6.25,0.0149999996647239,11.75,0.00241063442081213,-0.0008078901446424425,-0.0010976380435749888
1631,6.25,0.135000001639128,10.25,0.00128429173491895,0.0004397737211547792,0.0004831938713323325
1632,6.25,0.105000000447035,10.25,0.00124723382759839,0.00027619212050922215,-6.95586422807537e-05
1633,6.25,0.0750000011175871,10.25,0.00144292518962175,0.0003439140855334699,2.2899907889950555e-06
1634,6.25,0.0449999989941716,10.25,0.00155905890278518,0.00019530521240085363,-0.0006380370468832552
1635,6.25,0.0149999996647239,10.25,0.00143570150248706,0.0006834710366092622,-0.0002155951369786635
1636,6.25,0.135000001639128,8.75,0.00168789702001959,-0.0002454407513141632,0.0006029907963238657
1637,6.25,0.105000000447035,8.75,0.00164390355348587,0.0004756244015879929,0.0006756698130629957
1638,6.25,0.0750000011175871,8.75,0.00158353219740093,0.0001649722398724407,0.0003267983556725085
1639,6.25,0.0449999989941716,8.75,0.00181284139398485,0.00032644838211126626,0.00020114956714678556
1640,6.25,0.0149999996647239,8.75,0.001651486963965,-0.00026807174435816705,-0.000230394842219539
1641,6.25,0.135000001639128,7.25,0.00208316138014197,0.0016747901681810617,0.0014262138865888119
1642,6.25,0.105000000447035,7.25,0.00181758811231703,0.0004424321523401886,0.00031748981564305723
1643,6.25,0.0750000011175871,7.25,0.00201938464306295,0.0008890429744496942,0.0004467672551982105
1644,6.25,0.0449999989941716,7.25,0.0020165927708149,0.000582782318815589,5.7511926570441574e-05
1645,6.25,0.0149999996647239,7.25,0.0020352890715003,0.0012280434602871537,0.0006569637334905565
1646,6.25,0.135000001639128,5.75,0.00269395369105041,-0.0007907055551186204,0.0005613294197246432
1647,6.25,0.105000000447035,5.75,0.00243925931863487,0.0009262541425414383,0.0008967726607806981
1648,6.25,0.0750000011175871,5.75,0.0025217360816896,0.00025821442250162363,0.00026929343584924936
1649,6.25,0.0449999989941716,5.75,0.00236321589909494,0.0006456713890656829,0.0002907340822275728
1650,6.25,0.0149999996647239,5.75,0.00233653956092894,-0.0001175868819700554,-0.00042401361861266196
1651,3.75,0.135000001639128,11.75,0.00162987015210092,-1.8499295038054697e-05,-0.0002919753605965525
1652,3.75,0.105000000447035,11.75,0.00196473952382803,0.0005717906169593334,7.186717266449705e-05
1653,3.75,0.0750000011175871,11.75,0.00203552795574069,9.026128827827051e-05,-0.0002565573959145695
1654,3.75,0.0449999989941716,11.75,0.00225212564691901,-4.0847473428584635e-05,-5.5878259445307776e-05
1655,3.75,0.0149999996647239,11.75,0.00211532227694988,-0.0005293660215102136,-0.0005201263702474535
1656,3.75,0.135000001639128,10.25,0.000462218013126403,0.00038429690175689757,-3.693776307045482e-05
1657,3.75,0.105000000447035,10.25,0.000660077494103462,-0.00014393450692296028,-0.00023206444166135043
1658,3.75,0.0750000011175871,10.25,0.00104895944241434,0.00014811370056122541,3.738573650480248e-05
1659,3.75,0.0449999989941716,10.25,0.00133034505415708,0.00021113736147526652,-0.0002935171651188284
1660,3.75,0.0149999996647239,10.25,0.00102039484772831,0.0007280040881596506,0.00020333228167146444
1661,3.75,0.135000001639128,8.75,0.000357550161425024,2.8536664103739895e-05,0.00017538665269967169
1662,3.75,0.105000000447035,8.75,0.000855163088999689,0.0006428180495277047,0.00032349021057598293
1663,3.75,0.0750000011175871,8.75,0.000862542889080942,0.00014166822074912488,-3.9319860661635175e-05
1664,3.75,0.0449999989941716,8.75,0.000870136544108391,0.00039960118010640144,0.00043204284156672657
1665,3.75,0.0149999996647239,8.75,0.000960567616857588,-5.47653398825787e-05,0.00022192652977537364
1666,3.75,0.135000001639128,7.25,0.000666922191157937,0.0012016722466796637,0.000647647597361356
1667,3.75,0.105000000447035,7.25,0.00116884242743254,0.0003358648100402206,0.00015385860751848668
1668,3.75,0.0750000011175871,7.25,0.00147818599361926,0.0009451431105844676,0.0004188689053989947
1669,3.75,0.0449999989941716,7.25,0.00171054329257458,0.0006049989024177194,-3.0364637495949864e-05
1670,3.75,0.0149999996647239,7.25,0.00179559888783842,0.0013150300364941359,0.0006938364822417498
1671,3.75,0.135000001639128,5.75,0.00142788921948522,-0.00024339536321349442,0.0002459142415318638
1672,3.75,0.105000000447035,5.75,0.00179518538061529,0.0006461095181293786,0.000169573409948498
1673,3.75,0.0750000011175871,5.75,0.00205574347637594,1.0836550245585386e-05,-0.0005297068855725229
1674,3.75,0.0449999989941716,5.75,0.00181835342664272,0.0005739099578931928,0.0004620292747858912
1675,3.75,0.0149999996647239,5.75,0.00178701058030128,-0.0002605773916002363,-0.0002312094293301925
1676,1.25,0.135000001639128,11.75,0.000788944133091718,-9.470081567997113e-05,-0.00022043308126740158
1677,1.25,0.105000000447035,11.75,0.00182801275514066,-0.000552703975699842,-0.0007964058895595372
1678,1.25,0.0750000011175871,11.75,0.00176770391408354,-0.0004021885397378355,-0.0008502151467837393
1679,1.25,0.0449999989941716,11.75,0.00235337158665061,-0.00048617704305797815,-0.0012494013644754887
1680,1.25,0.0149999996647239,11.75,0.00241080648265779,-0.0005962689174339175,-0.001604651683010161
1681,1.25,0.135000001639128,10.25,0.00113114388659596,0.0001852173008956015,0.0002508331381250173
1682,1.25,0.105000000447035,10.25,0.00147382286377251,0.0003442792221903801,0.0003603401710279286
1683,1.25,0.0750000011175871,10.25,0.0013054225128144,0.000397557596443221,0.00013534944446291775
1684,1.25,0.0449999989941716,10.25,0.00176160130649805,0.0002469109313096851,-0.00019883147615473717
1685,1.25,0.0149999996647239,10.25,0.00124725338537246,0.0003237990604247898,-0.00021907822520006448
1686,1.25,0.135000001639128,8.75,0.00152447365690023,0.00033492481452412903,0.0009022700833156705
1687,1.25,0.105000000447035,8.75,0.00144964654464275,0.0003246853593736887,0.0004406766965985298
1688,1.25,0.0750000011175871,8.75,0.00126379169523716,0.00026214044191874564,0.00019010186952073127
1689,1.25,0.0449999989941716,8.75,0.00126510777045041,0.00047551176976412535,0.00016300422430504113
1690,1.25,0.0149999996647239,8.75,0.00151744717732072,0.0001483403902966529,-0.0006076662102714181
1691,1.25,0.135000001639128,7.25,0.00192235538270324,0.0007379400194622576,0.0010515842586755753
1692,1.25,0.105000000447035,7.25,0.00173915666528046,0.0007627251325175166,0.0005783574306406081
1693,1.25,0.0750000011175871,7.25,0.00181298505049199,0.0009837332181632519,0.0006470151129178703
1694,1.25,0.0449999989941716,7.25,0.00199500704184175,0.0005836469354107976,0.0003139699110761285
1695,1.25,0.0149999996647239,7.25,0.00210292008705437,0.0009871851652860641,2.4553650291636586e-05
1696,1.25,0.135000001639128,5.75,0.00214789435267448,0.0006973249255679548,0.0013461349299177527
1697,1.25,0.105000000447035,5.75,0.00214641285128891,0.0008522704592905939,0.0013364157639443874
1698,1.25,0.0750000011175871,5.75,0.0021823663264513,0.0002625964116305113,0.0003853153611999005
1699,1.25,0.0449999989941716,5.75,0.00209113815799356,0.0008546230383217335,0.0005302609060890973
1700,1.25,0.0149999996647239,5.75,0.00204238435253501,0.00026160950073972344,-2.8957214453839697e-05
1701,1.25,0.0149999996647239,0.833333343267441,0.00356574938632548,-0.0061897775158286095,-0.004274918232113123
1702,1.25,0.0449999989941716,0.833333343267441,0.00367382005788386,-0.00714796083047986,-0.005952721927314997
1703,1.25,0.0750000011175871,0.833333343267441,0.00375661673024297,-0.008324610069394112,-0.006626651156693697
1704,1.25,0.105000000447035,0.833333343267441,0.00119627988897264,0.0222537312656641,0.02282668650150299
1705,1.25,0.135000001639128,0.833333343267441,0.00440369406715035,-0.016232451424002647,-0.013859490863978863
1706,1.25,0.0149999996647239,0.500000014901161,0.00256356620229781,0.00586817879229784,0.007188098039478064
1707,1.25,0.0449999989941716,0.500000014901161,0.00324705499224365,-0.0023721898905932903,-0.0005769236595369875
1708,1.25,0.0750000011175871,0.500000014901161,0.00198428076691926,0.012770498171448708,0.013857604004442692
1709,1.25,0.105000000447035,0.500000014901161,0.00491129793226719,-0.02234872803092003,-0.01965164765715599
1710,1.25,0.135000001639128,0.500000014901161,0.0021493302192539,0.010805926285684109,0.011937418952584267
1711,1.25,0.0149999996647239,0.16666667163372,0.00333299417980015,-0.003371550003066659,-0.0015073245158419013
1712,1.25,0.0449999989941716,0.16666667163372,0.00280715385451913,0.0030904351733624935,0.004206293728202581
1713,1.25,0.0750000011175871,0.16666667163372,0.00365015468560159,-0.007076641544699669,-0.0054303742945194244
1714,1.25,0.105000000447035,0.16666667163372,0.00225287023931742,0.009577267803251743,0.01073362398892641
1715,1.25,0.135000001639128,0.16666667163372,0.00358880893327296,-0.0064224968664348125,-0.004607989452779293
1716,3.75,0.0149999996647239,0.833333343267441,0.00304531399160624,0.0001319621514994651,0.0015773497289046645
1717,3.75,0.0449999989941716,0.833333343267441,0.00434517255052924,-0.015397527255117893,-0.013438001275062561
1718,3.75,0.0750000011175871,0.833333343267441,0.00201104185543954,0.012581904418766499,0.01332943793386221
1719,3.75,0.105000000447035,0.833333343267441,0.00117243523709476,0.022624997422099113,0.022974466904997826
1720,3.75,0.135000001639128,0.833333343267441,0.0043711643666029,-0.015714000910520554,-0.013699459843337536
1721,3.75,0.0149999996647239,0.500000014901161,0.00269753392785788,0.004324962384998798,0.005560227669775486
1722,3.75,0.0449999989941716,0.500000014901161,0.00357514736242592,-0.006373268086463213,-0.004208250902593136
1723,3.75,0.0750000011175871,0.500000014901161,0.00334970466792583,-0.00351482885889709,-0.0019184672273695469
1724,3.75,0.105000000447035,0.500000014901161,0.00595739064738154,-0.03501072898507118,-0.03140408918261528
1725,3.75,0.135000001639128,0.500000014901161,0.00134384748525918,0.0204792357981205,0.021155796945095062
1726,3.75,0.0149999996647239,0.16666667163372,0.00348803540691733,-0.005327925551682711,-0.003220584010705352
1727,3.75,0.0449999989941716,0.16666667163372,0.00239723036065698,0.007778734900057316,0.009217058308422565
1728,3.75,0.0750000011175871,0.16666667163372,0.00323817227035761,-0.002366529079154134,-0.000305462017422542
1729,3.75,0.105000000447035,0.16666667163372,0.00150801660493016,0.01854982040822506,0.01919747330248356
1730,3.75,0.135000001639128,0.16666667163372,0.00386311649344862,-0.009831609204411507,-0.007505584042519331
1731,6.25,0.0149999996647239,0.833333343267441,0.00277859740890563,0.003335211891680956,0.00463729677721858
1732,6.25,0.0449999989941716,0.833333343267441,0.00307650584727526,5.629621591651812e-05,0.0008814227767288685
1733,6.25,0.0750000011175871,0.833333343267441,0.00189932237844914,0.014124912209808826,0.014368829317390919
1734,6.25,0.105000000447035,0.833333343267441,0.00116724066901952,0.022683190181851387,0.023038147017359734
1735,6.25,0.135000001639128,0.833333343267441,0.00441237771883607,-0.016327952966094017,-0.014002608135342598
1736,6.25,0.0149999996647239,0.500000014901161,0.00289618456736207,0.0018842148128896952,0.0033689436968415976
1737,6.25,0.0449999989941716,0.500000014901161,0.00294127920642495,0.0013256951933726668,0.0028803017921745777
1738,6.25,0.0750000011175871,0.500000014901161,0.00313502945937216,-0.0010906102834269404,0.0008075999212451279
1739,6.25,0.105000000447035,0.500000014901161,0.00571775762364268,-0.03192615136504173,-0.029061878100037575
1740,6.25,0.135000001639128,0.500000014901161,0.0012646596878767,0.02146519161760807,0.022013943642377853
1741,6.25,0.0149999996647239,0.16666667163372,0.00383232510648668,-0.009453542530536652,-0.007188878487795591
1742,6.25,0.0449999989941716,0.16666667163372,0.00293716765008867,0.0013271591160446405,0.002983895828947425
1743,6.25,0.0750000011175871,0.16666667163372,0.00414772797375917,-0.013000797480344772,-0.011162932962179184
1744,6.25,0.105000000447035,0.16666667163372,0.00233217980712652,0.008662004955112934,0.009827110916376114
1745,6.25,0.135000001639128,0.16666667163372,0.0047403359785676,-0.019845955073833466,-0.01827486976981163
1746,8.75,0.0149999996647239,0.833333343267441,0.00259485654532909,0.00553154805675149,0.006740412674844265
1747,8.75,0.0449999989941716,0.833333343267441,0.00346178491599858,-0.004899001680314541,-0.0031097212340682745
1748,8.75,0.0750000011175871,0.833333343267441,0.00279708160087466,0.0033757248893380165,0.004009705036878586
1749,8.75,0.105000000447035,0.833333343267441,0.000881836633197963,0.02601364441215992,0.026449568569660187
1750,8.75,0.135000001639128,0.833333343267441,0.00436508189886808,-0.015803411602973938,-0.013382024131715298
1751,8.75,0.0149999996647239,0.500000014901161,0.003286796156317,-0.002862910507246852,-0.0010243214201182127
1752,8.75,0.0449999989941716,0.500000014901161,0.00217181351035833,0.010541852563619614,0.011673424392938614
1753,8.75,0.0750000011175871,0.500000014901161,0.00261859898455441,0.005112745799124241,0.006700362078845501
1754,8.75,0.105000000447035,0.500000014901161,0.00544996233657002,-0.02886679768562317,-0.025708548724651337
1755,8.75,0.135000001639128,0.500000014901161,0.00119616265874356,0.022280912846326828,0.022802092134952545
1756,8.75,0.0149999996647239,0.16666667163372,0.00259668263606727,0.005501843057572842,0.006735556293278933
1757,8.75,0.0449999989941716,0.16666667163372,0.00361329852603376,-0.006725550629198551,-0.004880704917013645
1758,8.75,0.0750000011175871,0.16666667163372,0.00297259259968996,0.0009914543479681015,0.002466790843755007
1759,8.75,0.105000000447035,0.16666667163372,0.00171357393264771,0.016087647527456284,0.016891732811927795
1760,8.75,0.135000001639128,0.16666667163372,0.00434280419722199,-0.015494514256715775,-0.013135362416505814
1761,11.25,0.0149999996647239,0.833333343267441,0.00281941308639944,0.002783207455649972,0.004237677436321974
1762,11.25,0.0449999989941716,0.833333343267441,0.00486819725483656,-0.021754546090960503,-0.01929732970893383
1763,11.25,0.0750000011175871,0.833333343267441,0.00392518658190966,-0.010421997867524624,-0.008532657288014889
1764,11.25,0.105000000447035,0.833333343267441,0.000841575441882014,0.026554923504590988,0.02684776671230793
1765,11.25,0.135000001639128,0.833333343267441,0.00449496600776911,-0.017345860600471497,-0.014897415414452553
1766,11.25,0.0149999996647239,0.500000014901161,0.0030482392758131,-4.2041647247970104e-05,0.0017745664808899164
1767,11.25,0.0449999989941716,0.500000014901161,0.00253121042624116,0.006222193129360676,0.007569348439574242
1768,11.25,0.0750000011175871,0.500000014901161,0.00275594950653613,0.003491342067718506,0.00507955439388752
1769,11.25,0.105000000447035,0.500000014901161,0.00593133131042123,-0.0345352403819561,-0.031420640647411346
1770,11.25,0.135000001639128,0.500000014901161,0.0014627807540819,0.019070163369178772,0.019758226349949837
1771,11.25,0.0149999996647239,0.16666667163372,0.00294983084313571,0.001168512855656445,0.002843995578587055
1772,11.25,0.0449999989941716,0.16666667163372,0.00225995387881994,0.009456263855099678,0.010714378207921982
1773,11.25,0.0750000011175871,0.16666667163372,0.00309771695174277,-0.0006134224822744727,0.0011615726398304105
1774,11.25,0.105000000447035,0.16666667163372,0.00162736489437521,0.0171262975782156,0.01787218637764454
1775,11.25,0.135000001639128,0.16666667163372,0.00326555734500289,-0.0025783448945730925,-0.0008178574498742819
1776,13.75,0.0149999996647239,0.833333343267441,0.00356168299913406,-0.006232788320630789,-0.004045381210744381
1777,13.75,0.0449999989941716,0.833333343267441,0.0026326070073992,0.005021398421376944,0.0063875350169837475
1778,13.75,0.0750000011175871,0.833333343267441,0.0041187759488821,-0.012886750511825085,-0.010486274026334286
1779,13.75,0.105000000447035,0.833333343267441,0.000731028150767088,0.027852924540638924,0.028170950710773468
1780,13.75,0.135000001639128,0.833333343267441,0.00456958077847958,-0.01831338182091713,-0.015539955347776413
1781,13.75,0.0149999996647239,0.500000014901161,0.00247051962651312,0.006973692681640387,0.008224629797041416
1782,13.75,0.0449999989941716,0.500000014901161,0.00280751567333937,0.002871731761842966,0.00447396095842123
1783,13.75,0.0750000011175871,0.500000014901161,0.0026548367459327,0.004768886137753725,0.006109853275120258
1784,13.75,0.105000000447035,0.500000014901161,0.00666752969846129,-0.0433739572763443,-0.03983293101191521
1785,13.75,0.135000001639128,0.500000014901161,0.00170347711537033,0.01615702174603939,0.017038995400071144
1786,13.75,0.0149999996647239,0.16666667163372,0.00418458506464958,-0.013685602694749832,-0.011215615086257458
1787,13.75,0.0449999989941716,0.16666667163372,0.0042271101847291,-0.013961225748062134,-0.012122120708227158
1788,13.75,0.0750000011175871,0.16666667163372,0.00275857816450298,0.00352521357126534,0.004922923631966114
1789,13.75,0.105000000447035,0.16666667163372,0.00157480151392519,0.01771283708512783,0.018511828035116196
1790,13.75,0.135000001639128,0.16666667163372,0.00452138762921095,-0.017722761258482933,-0.01504563633352518
1791,16.25,0.0149999996647239,0.833333343267441,0.00298810820095241,0.0007001428748480976,0.002426017075777054
1792,16.25,0.0449999989941716,0.833333343267441,0.00285075814463198,0.002581319771707058,0.003594920039176941
1793,16.25,0.0750000011175871,0.833333343267441,0.00389058352448046,-0.01015493180602789,-0.00783501286059618
1794,16.25,0.105000000447035,0.833333343267441,0.000818322354461998,0.026823801919817924,0.027139896526932716
1795,16.25,0.135000001639128,0.833333343267441,0.0042338352650404,-0.014295227825641632,-0.011657250113785267
1796,16.25,0.0149999996647239,0.500000014901161,0.00248474883846939,0.006812314037233591,0.008079491555690765
1797,16.25,0.0449999989941716,0.500000014901161,0.00312954816035926,-0.0009519567247480154,0.0007618944509886205
1798,16.25,0.0750000011175871,0.500000014901161,0.00231109955348074,0.00890879426151514,0.010029694065451622
1799,16.25,0.105000000447035,0.500000014901161,0.00540382135659456,-0.02811931073665619,-0.02553296647965908
1800,16.25,0.135000001639128,0.500000014901161,0.00171355903148651,0.016103694215416908,0.01683100126683712
1801,16.25,0.0149999996647239,0.16666667163372,0.00301490025594831,0.0005447060102596879,0.0018436156678944826
1802,16.25,0.0449999989941716,0.16666667163372,0.00324134202674031,-0.002362102037295699,-0.00042982021113857627
1803,16.25,0.0750000011175871,0.16666667163372,0.00387024972587824,-0.00994382705539465,-0.007545172236859798
1804,16.25,0.105000000447035,0.16666667163372,0.00231752544641495,0.008794224821031094,0.01000053621828556
1805,16.25,0.135000001639128,0.16666667163372,0.00328393955715001,-0.002867024391889572,-0.0008671028190292418
1806,18.75,0.0149999996647239,0.833333343267441,0.00307106669060886,-0.000238976048422046,0.001421686145476997
1807,18.75,0.0449999989941716,0.833333343267441,0.00481367157772183,-0.020447710528969765,-0.019584763795137405
1808,18.75,0.0750000011175871,0.833333343267441,0.00332932383753359,-0.00271976669318974,-0.0023916675709187984
1809,18.75,0.105000000447035,0.833333343267441,0.000941010715905577,0.0253787599503994,0.025662733241915703
1810,18.75,0.135000001639128,0.833333343267441,0.00371825671754777,-0.008155579678714275,-0.005706521216779947
1811,18.75,0.0149999996647239,0.500000014901161,0.00293986359611154,0.0014753976138308644,0.002676049480214715
1812,18.75,0.0449999989941716,0.500000014901161,0.00347884837538004,-0.005148440133780241,-0.003172908443957567
1813,18.75,0.0750000011175871,0.500000014901161,0.00233967392705381,0.00852711871266365,0.009783370420336723
1814,18.75,0.105000000447035,0.500000014901161,0.00595072889700532,-0.03461373969912529,-0.031915854662656784
1815,18.75,0.135000001639128,0.500000014901161,0.00172693596687168,0.016015365719795227,0.016551179811358452
1816,18.75,0.0149999996647239,0.16666667163372,0.00406678812578321,-0.012241218239068985,-0.009909095242619514
1817,18.75,0.0449999989941716,0.16666667163372,0.00187088339589536,0.014051192440092564,0.01534066442400217
1818,18.75,0.0750000011175871,0.16666667163372,0.00398338679224253,-0.011445268988609314,-0.008424155414104462
1819,18.75,0.105000000447035,0.16666667163372,0.00244907848536968,0.0070456950925290585,0.008893568068742752
1820,18.75,0.135000001639128,0.16666667163372,0.00444129901006818,-0.015505628660321236,-0.015512132085859776
1821,21.25,0.0149999996647239,0.833333343267441,0.0030436054803431,0.00016137497732415795,0.0016182548133656383
1822,21.25,0.0449999989941716,0.833333343267441,0.00333356228657067,-0.0025624956469982862,-0.002709756139665842
1823,21.25,0.0750000011175871,0.833333343267441,0.00364914839155972,-0.006455504335463047,-0.006240611430257559
1824,21.25,0.105000000447035,0.833333343267441,0.000981278019025922,0.02480509877204895,0.025338586419820786
1825,21.25,0.135000001639128,0.833333343267441,0.00376399816013873,-0.00844428688287735,-0.006759800016880035
1826,21.25,0.0149999996647239,0.500000014901161,0.00263326475396752,0.005140167195349932,0.006182862911373377
1827,21.25,0.0449999989941716,0.500000014901161,0.00405869074165821,-0.012164324522018433,-0.009699665009975433
1828,21.25,0.0750000011175871,0.500000014901161,0.00308103300631046,-0.00043226932757534087,0.0013926855754107237
1829,21.25,0.105000000447035,0.500000014901161,0.00462499121204019,-0.01871313713490963,-0.016719238832592964
1830,21.25,0.135000001639128,0.500000014901161,0.00180699699558318,0.01505768671631813,0.01563601940870285
1831,21.25,0.0149999996647239,0.16666667163372,0.00372170726768672,-0.008119376376271248,-0.005935307126492262
1832,21.25,0.0449999989941716,0.16666667163372,0.00276338844560087,0.003367096185684204,0.005125268362462521
1833,21.25,0.0750000011175871,0.16666667163372,0.00302032008767128,0.0003562837955541909,0.0020436220802366734
1834,21.25,0.105000000447035,0.16666667163372,0.00260400935076177,0.005203707609325647,0.00706886313855648
1835,21.25,0.135000001639128,0.16666667163372,0.00432501314207911,-0.015224877744913101,-0.012901355512440205
1836,23.75,0.0149999996647239,0.833333343267441,0.00239940150640905,0.008008354343473911,0.008809256367385387
1837,23.75,0.0449999989941716,0.833333343267441,0.00426945462822914,-0.01396128162741661,-0.013285409659147263
1838,23.75,0.0750000011175871,0.833333343267441,0.00481512816622853,-0.020948171615600586,-0.018974298611283302
1839,23.75,0.105000000447035,0.833333343267441,0.000884901673998684,0.025996649637818336,0.026388131082057953
1840,23.75,0.135000001639128,0.833333343267441,0.00450536655262113,-0.01729344204068184,-0.015320198610424995
1841,23.75,0.0149999996647239,0.500000014901161,0.00279229530133307,0.003043451113626361,0.004681572318077087
1842,23.75,0.0449999989941716,0.500000014901161,0.00300582754425704,0.0005082936258986592,0.0022301338613033295
1843,23.75,0.0750000011175871,0.500000014901161,0.00239946087822318,0.007852455601096153,0.009003273211419582
1844,23.75,0.105000000447035,0.500000014901161,0.00537647074088454,-0.027894150465726852,-0.02503030374646187
1845,23.75,0.135000001639128,0.500000014901161,0.00152562698349357,0.018401803448796272,0.018924541771411896
1846,23.75,0.0149999996647239,0.16666667163372,0.00295183551497757,0.0014411850133910775,0.0023534921929240227
1847,23.75,0.0449999989941716,0.16666667163372,0.00187425734475255,0.014491758309304714,0.014645482413470745
1848,23.75,0.0750000011175871,0.16666667163372,0.00284396903589368,0.00261868117377162,0.0038157221861183643
1849,23.75,0.105000000447035,0.16666667163372,0.00211803149431944,0.011184807866811752,0.012338156811892986
1850,23.75,0.135000001639128,0.16666667163372,0.0035332019906491,-0.005947199184447527,-0.003455877536907792
1851,26.25,0.0149999996647239,0.833333343267441,0.0027502654120326,0.003636130364611745,0.004986728075891733
1852,26.25,0.0449999989941716,0.833333343267441,0.00643904972821474,-0.040682315826416016,-0.03713398799300194
1853,26.25,0.0750000011175871,0.833333343267441,0.00545443128794432,-0.028634900227189064,-0.026216743513941765
1854,26.25,0.105000000447035,0.833333343267441,0.000704422884155065,0.02840416319668293,0.028210684657096863
1855,26.25,0.135000001639128,0.833333343267441,0.0043923114426434,-0.01622181385755539,-0.013507833704352379
1856,26.25,0.0149999996647239,0.500000014901161,0.0033221987541765,-0.0032651363871991634,-0.0014818253694102168
1857,26.25,0.0449999989941716,0.500000014901161,0.0027172495611012,0.004010134842246771,0.005435528699308634
1858,26.25,0.0750000011175871,0.500000014901161,0.00227828929200768,0.00934346579015255,0.010339767672121525
1859,26.25,0.105000000447035,0.500000014901161,0.00639617349952459,-0.040216512978076935,-0.036546286195516586
1860,26.25,0.135000001639128,0.500000014901161,0.00152372394222766,0.018346868455410004,0.0190395787358284
1861,26.25,0.0149999996647239,0.16666667163372,0.00298893661238253,0.0008060703985393047,0.0022332731168717146
1862,26.25,0.0449999989941716,0.16666667163372,0.00203050766140223,0.012338901869952679,0.01312107965350151
1863,26.25,0.0750000011175871,0.16666667163372,0.00260090990923345,0.005512655712664127,0.006577533669769764
1864,26.25,0.105000000447035,0.16666667163372,0.00164464896079153,0.016950150951743126,0.01757219433784485
1865,26.25,0.135000001639128,0.16666667163372,0.00456618098542094,-0.018055537715554237,-0.015871360898017883
1866,28.75,0.0149999996647239,0.833333343267441,0.00269553158432245,0.0042265658266842365,0.005745806731283665
1867,28.75,0.0449999989941716,0.833333343267441,0.00314756669104099,-0.0011419367510825396,0.00047038469347171485
1868,28.75,0.0750000011175871,0.833333343267441,0.00341798597946763,-0.004339324776083231,-0.002721713623031974
1869,28.75,0.105000000447035,0.833333343267441,0.00086912332335487,0.026200922206044197,0.026544982567429543
1870,28.75,0.135000001639128,0.833333343267441,0.00430838717147708,-0.015146559104323387,-0.012684711255133152
1871,28.75,0.0149999996647239,0.500000014901161,0.00289617269299924,0.0018568309023976326,0.0033786757849156857
1872,28.75,0.0449999989941716,0.500000014901161,0.00348277017474174,-0.005179625004529953,-0.0032999550458043814
1873,28.75,0.0750000011175871,0.500000014901161,0.00293260905891657,0.001338465721346438,0.0031069566030055285
1874,28.75,0.105000000447035,0.500000014901161,0.00421128189191222,-0.013839753344655037,-0.011822706088423729
1875,28.75,0.135000001639128,0.500000014901161,0.00183233083225787,0.014646949246525764,0.015500902198255062
1876,28.75,0.0149999996647239,0.16666667163372,0.00379587500356138,-0.008944482542574406,-0.006832482758909464
1877,28.75,0.0449999989941716,0.16666667163372,0.00311017595231533,-0.0007627671584486961,0.0010150496382266283
1878,28.75,0.0750000011175871,0.16666667163372,0.00307373004034162,-0.00030708627309650183,0.0014009586302563548
1879,28.75,0.105000000447035,0.16666667163372,0.00268674432300031,0.004362058360129595,0.005778820253908634
1880,28.75,0.135000001639128,0.16666667163372,0.00343801872804761,-0.00467074615880847,-0.0027438942342996597
1881,31.25,0.0149999996647239,0.833333343267441,0.00292861182242632,0.0014754814328625798,0.0029868902638554573
1882,31.25,0.0449999989941716,0.833333343267441,0.00250681489706039,0.006581900641322136,0.007735713385045528
1883,31.25,0.0750000011175871,0.833333343267441,0.00286710145883262,0.002191841136664152,0.0037249037995934486
1884,31.25,0.105000000447035,0.833333343267441,0.00132417411077768,0.020664101466536522,0.02147490903735161
1885,31.25,0.135000001639128,0.833333343267441,0.00487753609195352,-0.021932998672127724,-0.01928374543786049
1886,31.25,0.0149999996647239,0.500000014901161,0.00287950527854264,0.002001486485823989,0.003666672855615616
1887,31.25,0.0449999989941716,0.500000014901161,0.00348217296414077,-0.005181611515581608,-0.0033273352310061455
1888,31.25,0.0750000011175871,0.500000014901161,0.0033857305534184,-0.004035487771034241,-0.002204603748396039
1889,31.25,0.105000000447035,0.500000014901161,0.00577849894762039,-0.032793112099170685,-0.029500221833586693
1890,31.25,0.135000001639128,0.500000014901161,0.00100383162498474,0.024571428075432777,0.025015100836753845
1891,31.25,0.0149999996647239,0.16666667163372,0.00307538826018572,-0.0002882876433432102,0.0013321576407179236
1892,31.25,0.0449999989941716,0.16666667163372,0.00226961262524128,0.009353792294859886,0.010580364614725113
1893,31.25,0.0750000011175871,0.16666667163372,0.00306116184219718,-0.00014962720160838217,0.0016171301249414682
1894,31.25,0.105000000447035,0.16666667163372,0.00178951025009155,0.015126315876841545,0.01609053462743759
1895,31.25,0.135000001639128,0.16666667163372,0.00476259691640735,-0.02060932107269764,-0.017768345773220062
1896,33.75,0.0149999996647239,0.833333343267441,0.00250477157533169,0.006546297576278448,0.007883579470217228
1897,33.75,0.0449999989941716,0.833333343267441,0.00390382739715278,-0.010265018790960312,-0.008082135580480099
1898,33.75,0.0750000011175871,0.833333343267441,0.00274377153255045,0.003655355889350176,0.005167422350496054
1899,33.75,0.105000000447035,0.833333343267441,0.00148689281195402,0.018728360533714294,0.01957157999277115
1900,33.75,0.135000001639128,0.833333343267441,0.00408455543220043,-0.012449577450752258,-0.010148095898330212
1901,33.75,0.0149999996647239,0.500000014901161,0.0027296906337142,0.0038267741911113262,0.005325291305780411
1902,33.75,0.0449999989941716,0.500000014901161,0.00271687027998269,0.004013505764305592,0.005410088691860437
1903,33.75,0.0750000011175871,0.500000014901161,0.00291872303932905,0.0015433343360200524,0.0031953011639416218
1904,33.75,0.105000000447035,0.500000014901161,0.00448698550462723,-0.017245708033442497,-0.014808493666350842
1905,33.75,0.135000001639128,0.500000014901161,0.000922889448702335,0.025567973032593727,0.025905562564730644
1906,33.75,0.0149999996647239,0.16666667163372,0.00355992070399225,-0.006162786390632391,-0.0041226730681955814
1907,33.75,0.0449999989941716,0.16666667163372,0.00311760487966239,-0.0006551480619236827,0.0006058123544789851
1908,33.75,0.0750000011175871,0.16666667163372,0.0031212717294693,-0.0007680320413783193,0.0007797791040502489
1909,33.75,0.105000000447035,0.16666667163372,0.00240689446218312,0.007743483409285545,0.008989691734313965
1910,33.75,0.135000001639128,0.16666667163372,0.003908337559551,-0.010223563760519028,-0.008271542377769947
1911,36.25,0.0149999996647239,0.833333343267441,0.00227441592141986,0.009281635284423828,0.010558091104030609
1912,36.25,0.0449999989941716,0.833333343267441,0.00365039589814842,-0.007297871634364128,-0.005057447124272585
1913,36.25,0.0750000011175871,0.833333343267441,0.00264780735597014,0.004869095515459776,0.006152288988232613
1914,36.25,0.105000000447035,0.833333343267441,0.00184331787750125,0.014450052753090858,0.015492798760533333
1915,36.25,0.135000001639128,0.833333343267441,0.00444664619863033,-0.016803177073597908,-0.01426955871284008
1916,36.25,0.0149999996647239,0.500000014901161,0.00298130349256098,0.0008183612953871489,0.0024233264848589897
1917,36.25,0.0449999989941716,0.500000014901161,0.00323351565748453,-0.0022541300859302282,-0.00037233877810649574
1918,36.25,0.0750000011175871,0.500000014901161,0.0024778968654573,0.00691412016749382,0.008091057650744915
1919,36.25,0.105000000447035,0.500000014901161,0.00363149354234338,-0.0068436176516115665,-0.005249501205980778
1920,36.25,0.135000001639128,0.500000014901161,0.0012595746666193,0.021550660952925682,0.02201181836426258
1921,36.25,0.0149999996647239,0.16666667163372,0.00292944465763867,0.0014498585369437933,0.00300065940245986
1922,36.25,0.0449999989941716,0.16666667163372,0.00288442755118012,0.001963410060852766,0.0036152557004243135
1923,36.25,0.0750000011175871,0.16666667163372,0.00386950746178627,-0.00966833345592022,-0.00798194669187069
1924,36.25,0.105000000447035,0.16666667163372,0.0029578588437289,0.001111600548028946,0.002696995623409748
1925,36.25,0.135000001639128,0.16666667163372,0.0038180195260793,-0.00922293309122324,-0.0071271490305662155
1926,38.75,0.0149999996647239,0.833333343267441,0.00352267827838659,-0.005597736220806837,-0.003909969702363014
1927,38.75,0.0449999989941716,0.833333343267441,0.00269387732259929,0.004310208838433027,0.005639209412038326
1928,38.75,0.0750000011175871,0.833333343267441,0.00383512256667018,-0.009553329087793827,-0.007090101018548012
1929,38.75,0.105000000447035,0.833333343267441,0.00133237196132541,0.020633338019251823,0.021249964833259583
1930,38.75,0.135000001639128,0.833333343267441,0.00396179128438234,-0.010981685481965542,-0.008706186898052692
1931,38.75,0.0149999996647239,0.500000014901161,0.00264259218238294,0.004885789938271046,0.006309886928647757
1932,38.75,0.0449999989941716,0.500000014901161,0.00374517682939768,-0.008296816609799862,-0.006406375207006931
1933,38.75,0.0750000011175871,0.500000014901161,0.00310259056277573,-0.0005553364753723145,0.000938829907681793
1934,38.75,0.105000000447035,0.500000014901161,0.00435881456360221,-0.015769366174936295,-0.013215571641921997
1935,38.75,0.135000001639128,0.500000014901161,0.00179728528019041,0.015061864629387856,0.015921300277113914
1936,38.75,0.0149999996647239,0.16666667163372,0.00288267550058663,0.0018983955960720778,0.0037691628094762564
1937,38.75,0.0449999989941716,0.16666667163372,0.00196607667021453,0.013003320433199406,0.014083035290241241
1938,38.75,0.0750000011175871,0.16666667163372,0.00247364863753319,0.006821284536272287,0.00842283945530653
1939,38.75,0.105000000447035,0.16666667163372,0.00232834694907069,0.008673792704939842,0.00993743073195219
1940,38.75,0.135000001639128,0.16666667163372,0.00458167493343353,-0.01838657259941101,-0.015803754329681396
1941,41.25,0.0149999996647239,0.833333343267441,0.00392783340066671,-0.010550718754529953,-0.008351600728929043
1942,41.25,0.0449999989941716,0.833333343267441,0.00337935984134674,-0.003957110457122326,-0.002080688253045082
1943,41.25,0.0750000011175871,0.833333343267441,0.00418131239712238,-0.01358106080442667,-0.011272396892309189
1944,41.25,0.105000000447035,0.833333343267441,0.000807859352789819,0.026909060776233673,0.027283793315291405
1945,41.25,0.135000001639128,0.833333343267441,0.00376882520504296,-0.00865127518773079,-0.006552369799464941
1946,41.25,0.0149999996647239,0.500000014901161,0.00210457108914852,0.011375678703188896,0.012393351644277573
1947,41.25,0.0449999989941716,0.500000014901161,0.00390053167939186,-0.01022553350776434,-0.008072592318058014
1948,41.25,0.0750000011175871,0.500000014901161,0.002718297066167,0.00396218616515398,0.005477587226778269
1949,41.25,0.105000000447035,0.500000014901161,0.00528790708631277,-0.02683993987739086,-0.023992914706468582
1950,41.25,0.135000001639128,0.500000014901161,0.00196420028805733,0.013019013218581676,0.014080125838518143
1951,41.25,0.0149999996647239,0.16666667163372,0.00351686216890812,-0.005519419442862272,-0.0037950705736875534
1952,41.25,0.0449999989941716,0.16666667163372,0.00232739956118166,0.008868045173585415,0.009852224960923195
1953,41.25,0.0750000011175871,0.16666667163372,0.00275610783137381,0.003510011825710535,0.005024266429245472
1954,41.25,0.105000000447035,0.16666667163372,0.00202045333571732,0.01234431006014347,0.013527246192097664
1955,41.25,0.135000001639128,0.16666667163372,0.0028581831138581,0.002302978653460741,0.003889984916895628
1956,43.75,0.0149999996647239,0.833333343267441,0.00271708541549742,0.004033900797367096,0.005410449113696814
1957,43.75,0.0449999989941716,0.833333343267441,0.00396910542622209,-0.010933278128504753,-0.008810817264020443
1958,43.75,0.0750000011175871,0.833333343267441,0.00385393854230642,-0.009566073305904865,-0.007541039027273655
1959,43.75,0.105000000447035,0.833333343267441,0.00115168525371701,0.022748474031686783,0.023415861651301384
1960,43.75,0.135000001639128,0.833333343267441,0.00454175472259521,-0.01789446733891964,-0.015455937013030052
1961,43.75,0.0149999996647239,0.500000014901161,0.00266593578271568,0.004590459633618593,0.006062869913876057
1962,43.75,0.0449999989941716,0.500000014901161,0.00349425664171576,-0.005341794341802597,-0.003416582243517041
1963,43.75,0.0750000011175871,0.500000014901161,0.00259509799070656,0.00543975830078125,0.006868897471576929
1964,43.75,0.105000000447035,0.500000014901161,0.00604098523035645,-0.03588641434907913,-0.032608870416879654
1965,43.75,0.135000001639128,0.500000014901161,0.00187443685717881,0.014114761725068092,0.01506501529365778
1966,43.75,0.0149999996647239,0.16666667163372,0.00372768309898674,-0.008108419366180897,-0.005997755099087954
1967,43.75,0.0449999989941716,0.16666667163372,0.00222676456905901,0.010095407254993916,0.011078432202339172
1968,43.75,0.0750000011175871,0.16666667163372,0.00305123184807599,0.00035897601628676057,0.0012230143183842301
1969,43.75,0.105000000447035,0.16666667163372,0.00147418677806854,0.019005630165338516,0.019524700939655304
1970,43.75,0.135000001639128,0.16666667163372,0.004449472296983,-0.01669960469007492,-0.014485499821603298
1971,46.25,0.0149999996647239,0.833333343267441,0.0021742032840848,0.010436579585075378,0.011795911937952042
1972,46.25,0.0449999989941716,0.833333343267441,0.00398240517824888,-0.011246398091316223,-0.008832872845232487
1973,46.25,0.0750000011175871,0.833333343267441,0.00351516762748361,-0.005672963801771402,-0.0035016320180147886
1974,46.25,0.105000000447035,0.833333343267441,0.00147425953764468,0.018905963748693466,0.019689762964844704
1975,46.25,0.135000001639128,0.833333343267441,0.00359823484905064,-0.006566561758518219,-0.004635353107005358
1976,46.25,0.0149999996647239,0.500000014901161,0.00295329303480685,0.0012219672789797187,0.002645015949383378
1977,46.25,0.0449999989941716,0.500000014901161,0.00285309832543135,0.0023109614849090576,0.00400314386934042
1978,46.25,0.0750000011175871,0.500000014901161,0.00290008122101426,0.0017515731742605567,0.003433474339544773
1979,46.25,0.105000000447035,0.500000014901161,0.00416596978902817,-0.013344221748411655,-0.011232289485633373
1980,46.25,0.135000001639128,0.500000014901161,0.00171048869378865,0.016074683517217636,0.016958098858594894
1981,46.25,0.0149999996647239,0.16666667163372,0.00317293009720743,-0.0013956116745248437,0.0001310255756834522
1982,46.25,0.0449999989941716,0.16666667163372,0.00265954341739416,0.0048844218254089355,0.005888199899345636
1983,46.25,0.0750000011175871,0.16666667163372,0.00302191032096744,0.0002835127816069871,0.0021061289589852095
1984,46.25,0.105000000447035,0.16666667163372,0.00267038494348526,0.0045294566079974174,0.006041635759174824
1985,46.25,0.135000001639128,0.16666667163372,0.00345055013895035,-0.004788357298821211,-0.002932960167527199
1986,48.75,0.0149999996647239,0.833333343267441,0.00236305478028953,0.008236946538090706,0.009540288709104061
1987,48.75,0.0449999989941716,0.833333343267441,0.00313690770417452,-0.001060369424521923,0.0006669213180430233
1988,48.75,0.0750000011175871,0.833333343267441,0.00347536033950746,-0.005148217082023621,-0.0031329079065471888
1989,48.75,0.105000000447035,0.833333343267441,0.00133069336879998,0.020624475553631783,0.021362273022532463
1990,48.75,0.135000001639128,0.833333343267441,0.00430470891296864,-0.014901342801749706,-0.012982095591723919
1991,48.75,0.0149999996647239,0.500000014901161,0.0038726357743144,-0.009880864061415195,-0.007757768500596285
1992,48.75,0.0449999989941716,0.500000014901161,0.00347761204466224,-0.0051054018549621105,-0.0033133546821773052
1993,48.75,0.0750000011175871,0.500000014901161,0.00172505236696452,0.01594303734600544,0.016716450452804565
1994,48.75,0.105000000447035,0.500000014901161,0.00512930331751704,-0.024943064898252487,-0.022187506780028343
1995,48.75,0.135000001639128,0.500000014901161,0.00194864661898464,0.013210779055953026,0.01424341555684805
1996,48.75,0.0149999996647239,0.16666667163372,0.00245838076807559,0.007063099183142185,0.008466065861284733
1997,48.75,0.0449999989941716,0.16666667163372,0.00271208328194916,0.004064128268510103,0.005605895072221756
1998,48.75,0.0750000011175871,0.16666667163372,0.00369865563698113,-0.007786139380186796,-0.005793939344584942
1999,48.75,0.105000000447035,0.16666667163372,0.00218720361590385,0.010328597389161587,0.011551328003406525
2000,48.75,0.135000001639128,0.16666667163372,0.00376625289209187,-0.008621257729828358,-0.00650910334661603
